-- --------------------------------------------------------
-- Host:                         127.0.0.1
-- Server version:               5.1.41 - Source distribution
-- Server OS:                    Win32
-- HeidiSQL version:             7.0.0.4053
-- Date/time:                    2013-04-24 17:06:31
-- --------------------------------------------------------

/*!40101 SET @OLD_CHARACTER_SET_CLIENT=@@CHARACTER_SET_CLIENT */;
/*!40101 SET NAMES utf8 */;
/*!40014 SET FOREIGN_KEY_CHECKS=0 */;

-- Dumping database structure for tierrina
CREATE DATABASE IF NOT EXISTS `tierrina` /*!40100 DEFAULT CHARACTER SET utf8 COLLATE utf8_bin */;
USE `tierrina`;


-- Dumping structure for table tierrina.accion
CREATE TABLE IF NOT EXISTS `accion` (
  `idAccion` bigint(20) NOT NULL AUTO_INCREMENT,
  `idAccionPadre` bigint(20) NOT NULL DEFAULT '0',
  `idMostrar` bigint(20) NOT NULL DEFAULT '0',
  `nombre` varchar(200) COLLATE latin1_spanish_ci NOT NULL DEFAULT '',
  PRIMARY KEY (`idAccion`)
) ENGINE=InnoDB AUTO_INCREMENT=55 DEFAULT CHARSET=latin1 COLLATE=latin1_spanish_ci;

-- Dumping data for table tierrina.accion: ~54 rows (approximately)
DELETE FROM `accion`;
/*!40000 ALTER TABLE `accion` DISABLE KEYS */;
INSERT INTO `accion` (`idAccion`, `idAccionPadre`, `idMostrar`, `nombre`) VALUES
	(1, 0, 1, 'Administración'),
	(2, 0, 5, 'Contactos'),
	(3, 0, 18, 'Almacén'),
	(4, 0, 49, 'Entrada'),
	(5, 0, 36, 'Procesos'),
	(6, 0, 32, 'Salidas'),
	(7, 1, 2, 'Acceso a la administración del sistema'),
	(8, 3, 19, 'Acceso a las materias primas'),
	(9, 3, 22, 'Acceso a los envases'),
	(10, 3, 25, 'Acceso a los productos'),
	(11, 3, 20, 'Creación de nuevas materias primas'),
	(12, 3, 21, 'Edición de materias primas'),
	(13, 0, 43, 'Escritorio'),
	(14, 13, 47, 'Mostrar facturas en el calendario'),
	(15, 13, 48, 'Mostrar procesos de envasado en el calendario'),
	(16, 3, 23, 'Creación de envases'),
	(17, 3, 24, 'Edición de envases'),
	(18, 3, 26, 'Creación de productos'),
	(19, 3, 27, 'Edición de productos'),
	(20, 3, 29, 'Mostrar almacenes y vehículos\r\n'),
	(21, 3, 30, 'Movimientos entre almacenes'),
	(22, 3, 31, 'Gestión de mermas'),
	(23, 2, 6, 'Acceso a clientes'),
	(24, 2, 9, 'Nuevo cliente'),
	(25, 2, 10, 'Cargar cliente'),
	(26, 13, 45, 'Mostrar los botones de acceso rápido para los procesos de envasado'),
	(27, 13, 46, 'Mostrar los botones de acceso rápido de funciones comunes'),
	(28, 2, 11, 'Gestión de pedidos/albaranes/facturas'),
	(29, 2, 12, 'Acceso a proveedores'),
	(30, 2, 15, 'Nuevo proveedor'),
	(31, 2, 16, 'Cargar proveedor'),
	(32, 4, 50, 'Acceso a los registros de entrada'),
	(33, 4, 51, 'Acceso a las órdenes de entrada'),
	(34, 4, 52, 'Acceso a devoluciones'),
	(35, 5, 37, 'Acceso a los procesos de envasado'),
	(36, 6, 35, 'Acceso a pedidos'),
	(37, 6, 34, 'Acceso a albaranes'),
	(38, 6, 33, 'Acceso a facturas'),
	(39, 2, 7, 'Filtrar clientes'),
	(40, 2, 8, 'Reporte de clientes'),
	(41, 1, 4, 'Modificar la configuración del sistema'),
	(42, 2, 13, 'Filtrar proveedores'),
	(43, 2, 14, 'Reporte de proveedores'),
	(44, 2, 17, 'Actualizar entidad (cliente/proveedor)'),
	(45, 1, 3, 'Exportar datos'),
	(46, 13, 44, 'Trazabilidad'),
	(47, 5, 38, 'Acceso a los procesos de seleccion'),
	(48, 5, 39, 'Acceso a los procesos de cribado'),
	(49, 5, 40, 'Acceso a los procesos de desgranado'),
	(50, 5, 41, 'Acceso a los procesos de fumigado'),
	(51, 5, 42, 'Acceso a los procesos de congelado'),
	(52, 3, 28, 'Registrar nuevos almacenes'),
	(53, 0, 53, 'Rutas'),
	(54, 53, 54, 'Gestión de rutas');
/*!40000 ALTER TABLE `accion` ENABLE KEYS */;


-- Dumping structure for table tierrina.accion_action
CREATE TABLE IF NOT EXISTS `accion_action` (
  `idAccion` bigint(20) NOT NULL DEFAULT '0',
  `action` varchar(50) COLLATE latin1_spanish_ci NOT NULL DEFAULT '',
  PRIMARY KEY (`idAccion`,`action`)
) ENGINE=InnoDB DEFAULT CHARSET=latin1 COLLATE=latin1_spanish_ci;

-- Dumping data for table tierrina.accion_action: ~178 rows (approximately)
DELETE FROM `accion_action`;
/*!40000 ALTER TABLE `accion_action` DISABLE KEYS */;
INSERT INTO `accion_action` (`idAccion`, `action`) VALUES
	(7, 'AdministracionSistema'),
	(7, 'InsertarUsuario'),
	(8, 'ConsEnvsJR'),
	(8, 'ConsultaIngrediente'),
	(8, 'FiltroIngredientes'),
	(8, 'MateriasPrimasAjax'),
	(8, 'VerLotesIngrediente'),
	(9, 'ConsultaEnvase'),
	(9, 'FiltroEnvases'),
	(9, 'VerLotesEnvase'),
	(10, 'ConsProductosJR'),
	(10, 'ConsultaProducto'),
	(10, 'FiltroProductos'),
	(11, 'IngresarRegistroMateriaPrima'),
	(11, 'RegistroMateriaPrima'),
	(12, 'ActualizarMateriaPrima'),
	(12, 'CargarMP'),
	(14, 'ActualizarFechaEvento'),
	(15, 'ActualizarFechaEvento'),
	(16, 'IngresarRegistroEnvase'),
	(16, 'RegistroEnvase'),
	(17, 'ActualizaEnvase'),
	(17, 'CargarEnvase'),
	(18, 'AltaProducto'),
	(18, 'RegistroNuevoProducto'),
	(18, 'SubidaImagen'),
	(19, 'ActualizaProducto'),
	(19, 'MostrarProducto'),
	(19, 'SubidaImagen'),
	(20, 'ComprobarLanzaderaVacia'),
	(20, 'IngresarRegistroAlmacen'),
	(20, 'ListaLanzaderas'),
	(20, 'MuestraAlmacenadosAjax'),
	(20, 'ReporteVehiculo'),
	(20, 'ReporteVehiculoLanzadera'),
	(20, 'SeleccionAlmacen'),
	(20, 'SeleccionHueco'),
	(20, 'SeleccionLineaAjax'),
	(20, 'UbicacionBarcia'),
	(20, 'UbicacionVehiculo'),
	(20, 'UbicarPalet'),
	(21, 'SalvaDatosSacarUbicacion'),
	(21, 'SalvaDatosUbicacion'),
	(22, 'ConsMermas'),
	(23, 'ConsultaClientes'),
	(24, 'RegistroEntidad'),
	(25, 'CargarEntidad'),
	(28, 'AlbaranesFactura'),
	(28, 'GestionSalidasClientes'),
	(28, 'ListaLineasPedidoDireccion'),
	(29, 'ConsultaProveedores'),
	(30, 'IngresaEntidad'),
	(30, 'RegistroEntidad'),
	(31, 'CargarEntidad'),
	(32, 'BultosRE'),
	(32, 'ConsRE'),
	(32, 'DeleRE'),
	(32, 'EditRE'),
	(32, 'EtiqREJR'),
	(32, 'EtiquetaBultoRE'),
	(32, 'EtiquetaTodosBultosRE'),
	(32, 'InseRE'),
	(32, 'Nueva2OETmp'),
	(32, 'PreviaRegistroOETmp'),
	(32, 'UpdaRE'),
	(32, 'UpdateBultoRE'),
	(33, 'ConsOE'),
	(33, 'ConsREJR'),
	(33, 'FiltOE'),
	(33, 'InseOE'),
	(33, 'NuevaOE'),
	(33, 'NuevaOETmp'),
	(33, 'PreviaRegistroOE'),
	(33, 'UpdateOE'),
	(34, 'CompruebaLoteCantidad'),
	(34, 'DestriparDevolucion'),
	(34, 'Devolucion'),
	(34, 'DevolverLote'),
	(34, 'ListaDevoluciones'),
	(34, 'ReaprovecharDevolucion'),
	(35, 'CancelaPendiente'),
	(35, 'ConsDetaGPENJR'),
	(35, 'ConsGPEnva'),
	(35, 'ConsGPEnvaJR'),
	(35, 'ConsProdFina'),
	(35, 'ContinuaProcesoEnvasado'),
	(35, 'ControlTiempos'),
	(35, 'EtiqENJR'),
	(35, 'FiltGPEnva'),
	(35, 'FinalizaProcesoEnvasado'),
	(35, 'GestionarProcesoEnvasado'),
	(35, 'InsertaOrdenEnv'),
	(35, 'ListaEnvasar'),
	(35, 'ListREMP'),
	(35, 'PausaProcesoEnvasado'),
	(35, 'Reubicar'),
	(35, 'SalvarUbicacionesEnvasado'),
	(35, 'SeleccionUbicacionesEnvasado'),
	(35, 'UbicarProceso'),
	(35, 'VisualizaProcesoEnvasado'),
	(36, 'CargaPedido'),
	(36, 'CargaPedidoEditable'),
	(36, 'ConsOrders'),
	(36, 'DireccionesCliente'),
	(36, 'EditDetaAlbaOrden'),
	(36, 'EliminarPedido'),
	(36, 'FiltroPedidos'),
	(36, 'FormasPagoCliente'),
	(36, 'InseDetaAlbaOrden'),
	(36, 'ListarOrders'),
	(36, 'MuestraInformacionEstado'),
	(36, 'MuestraProductosPedido'),
	(36, 'NormalToEDI'),
	(36, 'NuevoPedido'),
	(36, 'ProcesarPedido'),
	(36, 'RegistroOrders'),
	(36, 'UpdateOrder'),
	(37, 'ActualizarAlbaran'),
	(37, 'CompruebaLotesLeidosAlbaran'),
	(37, 'ConsAlba'),
	(37, 'ConsAlbaOrdenJR'),
	(37, 'EditDetaAlba'),
	(37, 'EntregarAlbaran'),
	(37, 'FacturasAlbaran'),
	(37, 'FiltroAlbaranes'),
	(37, 'LineasDireccionAlbaran'),
	(37, 'MuestraLotesProducto'),
	(38, 'ActualizarEstadoFactura'),
	(38, 'ActualizarFactura'),
	(38, 'ConsFact'),
	(38, 'ConsFactJR'),
	(38, 'EditDetaFact'),
	(38, 'EditFact'),
	(38, 'FiltroFacturas'),
	(38, 'GenerarFacturaLibre'),
	(38, 'InseDetaFact'),
	(38, 'SalvaFacturaLibre'),
	(38, 'VerCuotasFactura'),
	(39, 'FiltroClientes'),
	(40, 'ConsCLJR'),
	(41, 'GuardarConfiguracionSistema'),
	(42, 'FiltroProveedores'),
	(43, 'ConsPRJR'),
	(44, 'ActualizarEntidad'),
	(45, 'ExportarDatos'),
	(46, 'ConsultaTrazaProducto'),
	(47, 'ConsGPSele'),
	(47, 'ConsRESele'),
	(47, 'InseRESele'),
	(47, 'RegiGPSele'),
	(47, 'UbicarProceso'),
	(48, 'ConsGPCrib'),
	(48, 'ConsRECrib'),
	(48, 'InseRECrib'),
	(48, 'RegiGPCrib'),
	(48, 'UbicarProceso'),
	(49, 'ConsGPDesg'),
	(49, 'ConsREDesg'),
	(49, 'InseREDesg'),
	(49, 'RegiGPDesg'),
	(49, 'UbicarProceso'),
	(50, 'ConsGPFumi'),
	(50, 'ConsREFumi'),
	(50, 'InseGPFumi'),
	(50, 'InseREFumi'),
	(50, 'UbicarProceso'),
	(50, 'UpdaREFumiCant'),
	(51, 'ConfGPCong'),
	(51, 'ConsGPCong'),
	(51, 'ConsRECong'),
	(51, 'InseGPCong'),
	(51, 'InseRECong'),
	(51, 'UbicarProceso'),
	(51, 'UpdaRECongCant'),
	(52, 'IngresarRegistroAlmacen'),
	(54, 'AdministracionRutas'),
	(54, 'CargarRuta'),
	(54, 'InsertarRuta');
/*!40000 ALTER TABLE `accion_action` ENABLE KEYS */;


-- Dumping structure for table tierrina.accion_clasesrelacionadas
CREATE TABLE IF NOT EXISTS `accion_clasesrelacionadas` (
  `idAccion` bigint(20) NOT NULL DEFAULT '0',
  `claseRelacionada` varchar(100) COLLATE latin1_spanish_ci NOT NULL DEFAULT '',
  PRIMARY KEY (`idAccion`,`claseRelacionada`)
) ENGINE=InnoDB DEFAULT CHARSET=latin1 COLLATE=latin1_spanish_ci;

-- Dumping data for table tierrina.accion_clasesrelacionadas: ~8 rows (approximately)
DELETE FROM `accion_clasesrelacionadas`;
/*!40000 ALTER TABLE `accion_clasesrelacionadas` DISABLE KEYS */;
INSERT INTO `accion_clasesrelacionadas` (`idAccion`, `claseRelacionada`) VALUES
	(12, 'celdaCargarIngrediente'),
	(14, 'facturaCalendario'),
	(15, 'envasadoCalendario'),
	(17, 'celdaCargarEnvase'),
	(19, 'celdaCargarProducto'),
	(25, 'celdaCargarEntidad'),
	(28, 'celdaGestionarSalidas'),
	(31, 'celdaCargarProveedor');
/*!40000 ALTER TABLE `accion_clasesrelacionadas` ENABLE KEYS */;


-- Dumping structure for table tierrina.accion_idsrelacionados
CREATE TABLE IF NOT EXISTS `accion_idsrelacionados` (
  `idAccion` bigint(20) NOT NULL DEFAULT '0',
  `idRelacionado` varchar(50) COLLATE latin1_spanish_ci NOT NULL DEFAULT '',
  PRIMARY KEY (`idAccion`,`idRelacionado`)
) ENGINE=InnoDB DEFAULT CHARSET=latin1 COLLATE=latin1_spanish_ci;

-- Dumping data for table tierrina.accion_idsrelacionados: ~41 rows (approximately)
DELETE FROM `accion_idsrelacionados`;
/*!40000 ALTER TABLE `accion_idsrelacionados` DISABLE KEYS */;
INSERT INTO `accion_idsrelacionados` (`idAccion`, `idRelacionado`) VALUES
	(2, 'liMenuContactos'),
	(3, 'btMenuAlmacen'),
	(3, 'liMenuAlmacen'),
	(4, 'liMenuEntradas'),
	(5, 'btMenuProcesos'),
	(5, 'liMenuProcesos'),
	(6, 'liMenuSalidas'),
	(7, 'bot_actualizar'),
	(7, 'liMenuAdministracion'),
	(8, 'liMateriasPrimas'),
	(9, 'liEnvases'),
	(10, 'liProductos'),
	(11, 'bot_nuevo'),
	(14, 'divFiltrarFacturasEscritorio'),
	(15, 'divFiltrarEnvasadosEscritorio'),
	(17, 'bot_nuevo'),
	(18, 'bot_nuevo'),
	(20, 'btMenuAlmacenes2'),
	(21, 'btMenuAlmacenes3'),
	(21, 'liMovimientoAlmacenes'),
	(22, 'btMenuAlmacenes3'),
	(22, 'liGestionMermas'),
	(23, 'btMenuClientes'),
	(24, 'bot_nuevo'),
	(24, 'btMenuClientes'),
	(25, 'btMenuClientes'),
	(26, 'widget_fast_access2'),
	(27, 'widget_fast_access'),
	(28, 'btMenuClientes'),
	(29, 'btMenuProveedores'),
	(30, 'bot_nuevo'),
	(30, 'btMenuProveedores'),
	(31, 'btMenuProveedores'),
	(32, 'btMenuRE'),
	(33, 'btMenuOE'),
	(34, 'btMenuDevoluciones'),
	(35, 'liMenuEnvasados'),
	(36, 'btMenuPedidos'),
	(37, 'btMenuAlbaranes'),
	(38, 'btMenuFacturas'),
	(45, 'widget_fast_access4');
/*!40000 ALTER TABLE `accion_idsrelacionados` ENABLE KEYS */;


-- Dumping structure for table tierrina.accion_rolpermitido
CREATE TABLE IF NOT EXISTS `accion_rolpermitido` (
  `idAccion` bigint(20) NOT NULL,
  `idRol` bigint(20) NOT NULL,
  PRIMARY KEY (`idAccion`,`idRol`)
) ENGINE=InnoDB DEFAULT CHARSET=latin1 COLLATE=latin1_spanish_ci;

-- Dumping data for table tierrina.accion_rolpermitido: ~101 rows (approximately)
DELETE FROM `accion_rolpermitido`;
/*!40000 ALTER TABLE `accion_rolpermitido` DISABLE KEYS */;
INSERT INTO `accion_rolpermitido` (`idAccion`, `idRol`) VALUES
	(7, 3),
	(8, 3),
	(8, 4),
	(8, 5),
	(9, 3),
	(9, 4),
	(9, 5),
	(10, 3),
	(10, 4),
	(10, 5),
	(11, 3),
	(11, 4),
	(12, 3),
	(12, 4),
	(14, 3),
	(14, 4),
	(15, 3),
	(15, 4),
	(15, 5),
	(16, 3),
	(16, 4),
	(17, 3),
	(17, 4),
	(18, 3),
	(18, 4),
	(19, 3),
	(19, 4),
	(20, 3),
	(20, 4),
	(20, 5),
	(20, 6),
	(21, 3),
	(21, 4),
	(22, 3),
	(22, 4),
	(23, 1),
	(23, 3),
	(23, 4),
	(24, 3),
	(24, 4),
	(25, 3),
	(25, 4),
	(26, 3),
	(26, 4),
	(26, 5),
	(27, 3),
	(27, 4),
	(28, 3),
	(28, 4),
	(29, 2),
	(29, 3),
	(29, 4),
	(30, 3),
	(30, 4),
	(31, 3),
	(31, 4),
	(32, 3),
	(32, 4),
	(33, 3),
	(33, 4),
	(34, 3),
	(34, 4),
	(35, 3),
	(35, 4),
	(35, 5),
	(36, 3),
	(36, 4),
	(37, 3),
	(37, 4),
	(38, 3),
	(38, 4),
	(39, 3),
	(39, 4),
	(40, 3),
	(40, 4),
	(41, 3),
	(42, 3),
	(42, 4),
	(43, 3),
	(43, 4),
	(44, 3),
	(44, 4),
	(45, 3),
	(45, 4),
	(46, 1),
	(46, 3),
	(46, 4),
	(47, 3),
	(47, 4),
	(48, 3),
	(48, 4),
	(49, 3),
	(49, 4),
	(50, 3),
	(50, 4),
	(51, 3),
	(51, 4),
	(52, 3),
	(52, 4),
	(54, 3),
	(54, 4);
/*!40000 ALTER TABLE `accion_rolpermitido` ENABLE KEYS */;


-- Dumping structure for table tierrina.albaran
CREATE TABLE IF NOT EXISTS `albaran` (
  `idAlbaran` bigint(20) NOT NULL DEFAULT '0',
  `idCliente` bigint(20) DEFAULT NULL,
  `idVehiculo` bigint(20) DEFAULT NULL,
  `idComercial` bigint(20) DEFAULT NULL,
  `idTipoVehiculo` bigint(20) DEFAULT NULL,
  `tipoAlbaran` char(1) COLLATE latin1_spanish_ci DEFAULT NULL,
  `fecha` date DEFAULT NULL,
  `fechaEntrega` date DEFAULT NULL,
  `fechaVencimiento` date DEFAULT NULL,
  `destino` varchar(100) COLLATE latin1_spanish_ci DEFAULT NULL,
  `codigoAlbaran` varchar(50) COLLATE latin1_spanish_ci DEFAULT NULL,
  `numeroPedido` varchar(50) COLLATE latin1_spanish_ci NOT NULL DEFAULT '',
  `horarioEntrega` varchar(150) COLLATE latin1_spanish_ci NOT NULL DEFAULT '',
  `pesoNetoTotal` double(10,2) DEFAULT NULL,
  `pesoBrutoTotal` double(10,2) DEFAULT NULL,
  `numeroBultosTotal` double(10,2) DEFAULT NULL,
  `cantidadTotal` double(10,2) DEFAULT NULL,
  `precioUnitarioTotal` double(10,2) DEFAULT NULL,
  `importeTotal` double(10,2) DEFAULT NULL,
  `usuarioResponsable` varchar(20) COLLATE latin1_spanish_ci DEFAULT NULL,
  `habilitado` char(1) COLLATE latin1_spanish_ci DEFAULT NULL,
  `facturado` char(1) COLLATE latin1_spanish_ci DEFAULT 'N',
  `estado` char(1) COLLATE latin1_spanish_ci NOT NULL DEFAULT 'P',
  `idFormaPago` bigint(20) DEFAULT '0',
  `peso` double(8,2) DEFAULT '0.00',
  `descripcionFormaPago` varchar(100) COLLATE latin1_spanish_ci NOT NULL DEFAULT '',
  `descripcionIvaAplicable` varchar(100) COLLATE latin1_spanish_ci NOT NULL DEFAULT '',
  `observaciones` varchar(300) COLLATE latin1_spanish_ci NOT NULL DEFAULT '',
  `idTelefono` bigint(20) NOT NULL DEFAULT '0',
  `idDireccionCliente` bigint(20) unsigned NOT NULL DEFAULT '0',
  `idTransportista` bigint(20) unsigned NOT NULL DEFAULT '0',
  `idTemperaturaTransporte` bigint(20) unsigned NOT NULL DEFAULT '1',
  `idPortesTransporte` bigint(20) unsigned NOT NULL DEFAULT '1',
  PRIMARY KEY (`idAlbaran`)
) ENGINE=InnoDB DEFAULT CHARSET=latin1 COLLATE=latin1_spanish_ci;

-- Dumping data for table tierrina.albaran: ~4 rows (approximately)
DELETE FROM `albaran`;
/*!40000 ALTER TABLE `albaran` DISABLE KEYS */;
INSERT INTO `albaran` (`idAlbaran`, `idCliente`, `idVehiculo`, `idComercial`, `idTipoVehiculo`, `tipoAlbaran`, `fecha`, `fechaEntrega`, `fechaVencimiento`, `destino`, `codigoAlbaran`, `numeroPedido`, `horarioEntrega`, `pesoNetoTotal`, `pesoBrutoTotal`, `numeroBultosTotal`, `cantidadTotal`, `precioUnitarioTotal`, `importeTotal`, `usuarioResponsable`, `habilitado`, `facturado`, `estado`, `idFormaPago`, `peso`, `descripcionFormaPago`, `descripcionIvaAplicable`, `observaciones`, `idTelefono`, `idDireccionCliente`, `idTransportista`, `idTemperaturaTransporte`, `idPortesTransporte`) VALUES
	(1, 24, NULL, NULL, NULL, 'O', '2013-04-24', '2013-04-24', '2013-04-24', '163', 'A20130424-1', 'P1', '', 300.00, NULL, 1.00, 12.00, NULL, 810.00, 'Maria', 'S', 'N', 'P', 164, 0.00, 'Contado a 1 dias.', '4', '', 274, 163, 52, 2, 1),
	(2, 358, NULL, NULL, NULL, 'O', '2013-04-24', '2013-04-26', '2013-04-26', '350', 'A20130424-2', '48', '', 15.35, NULL, 6.00, 7.00, NULL, 48.44, 'Maria', 'S', 'N', 'P', 413, 0.00, 'Cargo bancario a 1 dias. Dia de pago: 0.', '4', '', 515, 350, 86, 1, 1),
	(3, 189, NULL, NULL, NULL, 'O', '2013-04-24', '2013-04-23', '2013-06-30', '153', 'A20130424-3', '9904055389', '10:00', 90.00, NULL, 4.00, 6.00, NULL, 337.65, 'Maria', 'S', 'N', 'P', 149, 0.00, 'Pagaré a 60 dias. Dia de pago: 0.', '4', '', 255, 153, 52, 2, 1),
	(4, 121, NULL, NULL, NULL, 'O', '2013-04-24', '2013-04-24', '2013-04-25', '75', 'A20130424-4', '9455', '', 20.00, NULL, 1.00, 2.00, NULL, 150.00, 'Maria', 'S', 'N', 'P', 238, 0.00, 'Cargo bancario a 90 dias. Dia de pago: 1. Cuenta: 000000815227810001110716', '4', '', 324, 75, 52, 1, 1);
/*!40000 ALTER TABLE `albaran` ENABLE KEYS */;


-- Dumping structure for table tierrina.albaran_cambios
CREATE TABLE IF NOT EXISTS `albaran_cambios` (
  `idCambio` bigint(20) NOT NULL AUTO_INCREMENT,
  `codigoAlbaran` varchar(50) COLLATE latin1_spanish_ci NOT NULL DEFAULT '',
  `fecha` timestamp NOT NULL DEFAULT CURRENT_TIMESTAMP,
  `usuario` varchar(100) COLLATE latin1_spanish_ci NOT NULL DEFAULT '',
  `descripcion` varchar(200) COLLATE latin1_spanish_ci NOT NULL DEFAULT '',
  PRIMARY KEY (`idCambio`)
) ENGINE=InnoDB AUTO_INCREMENT=18 DEFAULT CHARSET=latin1 COLLATE=latin1_spanish_ci;

-- Dumping data for table tierrina.albaran_cambios: ~3 rows (approximately)
DELETE FROM `albaran_cambios`;
/*!40000 ALTER TABLE `albaran_cambios` DISABLE KEYS */;
INSERT INTO `albaran_cambios` (`idCambio`, `codigoAlbaran`, `fecha`, `usuario`, `descripcion`) VALUES
	(1, 'A20130424-2', '2013-04-24 09:46:40', 'Maria', 'Albaran actualizado'),
	(2, 'A20130424-3', '2013-04-24 10:59:22', 'Maria', 'Albaran actualizado'),
	(3, 'A20130424-4', '2013-04-24 13:27:46', 'Maria', 'Albaran actualizado');
/*!40000 ALTER TABLE `albaran_cambios` ENABLE KEYS */;


-- Dumping structure for table tierrina.albaran_detalle
CREATE TABLE IF NOT EXISTS `albaran_detalle` (
  `idRegistroSalida` bigint(20) NOT NULL DEFAULT '0',
  `idAlbaran` bigint(20) DEFAULT NULL,
  `linNum` tinyint(4) DEFAULT NULL,
  `codigoAlbaran` varchar(20) COLLATE latin1_spanish_ci NOT NULL DEFAULT '',
  `codigoSalida` varchar(20) COLLATE latin1_spanish_ci DEFAULT NULL,
  `idProducto` bigint(20) NOT NULL DEFAULT '0',
  `pesoNeto` double(10,2) DEFAULT NULL,
  `numeroBultos` bigint(20) DEFAULT NULL,
  `cantidadUnitaria` double(10,2) DEFAULT NULL,
  `precioUnitario` double(10,2) DEFAULT NULL,
  `importe` double(10,2) DEFAULT NULL,
  `usuarioResponsable` varchar(20) COLLATE latin1_spanish_ci DEFAULT NULL,
  `descripcionPrecioKilo` varchar(100) COLLATE latin1_spanish_ci NOT NULL DEFAULT '',
  PRIMARY KEY (`idRegistroSalida`,`codigoAlbaran`)
) ENGINE=InnoDB DEFAULT CHARSET=latin1 COLLATE=latin1_spanish_ci;

-- Dumping data for table tierrina.albaran_detalle: ~12 rows (approximately)
DELETE FROM `albaran_detalle`;
/*!40000 ALTER TABLE `albaran_detalle` DISABLE KEYS */;
INSERT INTO `albaran_detalle` (`idRegistroSalida`, `idAlbaran`, `linNum`, `codigoAlbaran`, `codigoSalida`, `idProducto`, `pesoNeto`, `numeroBultos`, `cantidadUnitaria`, `precioUnitario`, `importe`, `usuarioResponsable`, `descripcionPrecioKilo`) VALUES
	(1, NULL, 1, 'A20130424-1', 'S20130424-1', 167, 300.00, 1, 12.00, 2.70, 810.00, 'Maria', '0.225'),
	(2, NULL, 1, 'A20130424-2', 'S20130424-2', 114, 0.50, 1, 1.00, 6.63, 6.63, 'Maria', '6.63'),
	(3, NULL, 2, 'A20130424-2', 'S20130424-3', 141, 0.50, 1, 1.00, 6.63, 6.63, 'Maria', '6.63'),
	(4, NULL, 3, 'A20130424-2', 'S20130424-4', 206, 1.00, 1, 2.00, 5.28, 10.56, 'Maria', '2.64'),
	(5, NULL, 4, 'A20130424-2', 'S20130424-5', 207, 0.35, 1, 1.00, 2.47, 2.47, 'Maria', '2.47'),
	(6, NULL, 5, 'A20130424-2', 'S20130424-6', 66, 1.00, 1, 1.00, 10.16, 10.16, 'Maria', '10.16'),
	(7, NULL, 6, 'A20130424-2', 'S20130424-7', 72, 12.00, 1, 1.00, 1.00, 11.99, 'Maria', '0.999'),
	(8, NULL, 1, 'A20130424-3', 'S20130424-8', 100, 15.00, 1, 1.00, 1.25, 18.75, 'Maria', '1.25'),
	(9, NULL, 2, 'A20130424-3', 'S20130424-9', 175, 30.00, 1, 2.00, 4.98, 149.40, 'Maria', '2.49'),
	(10, NULL, 3, 'A20130424-3', 'S20130424-10', 82, 30.00, 1, 2.00, 1.90, 57.00, 'Maria', '0.95'),
	(11, NULL, 4, 'A20130424-3', 'S20130424-11', 57, 15.00, 1, 1.00, 7.50, 112.50, 'Maria', '7.5'),
	(12, NULL, 1, 'A20130424-4', 'S20130424-12', 67, 20.00, 1, 2.00, 18.75, 150.00, 'Maria', '9.375');
/*!40000 ALTER TABLE `albaran_detalle` ENABLE KEYS */;


-- Dumping structure for table tierrina.albaran_factura
CREATE TABLE IF NOT EXISTS `albaran_factura` (
  `idFactura` bigint(20) NOT NULL DEFAULT '0',
  `idAlbaran` bigint(20) NOT NULL DEFAULT '0',
  PRIMARY KEY (`idFactura`,`idAlbaran`)
) ENGINE=MyISAM DEFAULT CHARSET=latin1;

-- Dumping data for table tierrina.albaran_factura: 0 rows
DELETE FROM `albaran_factura`;
/*!40000 ALTER TABLE `albaran_factura` DISABLE KEYS */;
/*!40000 ALTER TABLE `albaran_factura` ENABLE KEYS */;


-- Dumping structure for table tierrina.albaran_pedido
CREATE TABLE IF NOT EXISTS `albaran_pedido` (
  `idAlbaran` bigint(20) NOT NULL DEFAULT '0',
  `codigoOrden` varchar(50) COLLATE latin1_spanish_ci NOT NULL DEFAULT '',
  PRIMARY KEY (`idAlbaran`,`codigoOrden`)
) ENGINE=InnoDB DEFAULT CHARSET=latin1 COLLATE=latin1_spanish_ci;

-- Dumping data for table tierrina.albaran_pedido: ~4 rows (approximately)
DELETE FROM `albaran_pedido`;
/*!40000 ALTER TABLE `albaran_pedido` DISABLE KEYS */;
INSERT INTO `albaran_pedido` (`idAlbaran`, `codigoOrden`) VALUES
	(1, 'P1'),
	(2, 'P2'),
	(3, 'P3'),
	(4, 'P4');
/*!40000 ALTER TABLE `albaran_pedido` ENABLE KEYS */;


-- Dumping structure for table tierrina.analisis_registro
CREATE TABLE IF NOT EXISTS `analisis_registro` (
  `idAnalisis` bigint(20) NOT NULL DEFAULT '0',
  `idRegistroEntrada` bigint(20) NOT NULL DEFAULT '0',
  `varIG` tinyint(5) DEFAULT '0',
  `varSP` tinyint(5) DEFAULT '0',
  `varDP` tinyint(5) DEFAULT '0',
  `varDA` tinyint(5) DEFAULT '0',
  `varM` tinyint(5) DEFAULT '0',
  `calidad` double(4,2) DEFAULT '0.00',
  `baremoCalidad` varchar(100) DEFAULT NULL,
  PRIMARY KEY (`idAnalisis`)
) ENGINE=MyISAM DEFAULT CHARSET=latin1;

-- Dumping data for table tierrina.analisis_registro: 0 rows
DELETE FROM `analisis_registro`;
/*!40000 ALTER TABLE `analisis_registro` DISABLE KEYS */;
/*!40000 ALTER TABLE `analisis_registro` ENABLE KEYS */;


-- Dumping structure for table tierrina.autoventa_impresora
CREATE TABLE IF NOT EXISTS `autoventa_impresora` (
  `idImpresora` bigint(20) NOT NULL AUTO_INCREMENT,
  `nombre` varchar(50) CHARACTER SET latin1 DEFAULT NULL,
  `mac_bluetooth` varchar(20) CHARACTER SET latin1 DEFAULT NULL,
  PRIMARY KEY (`idImpresora`)
) ENGINE=InnoDB AUTO_INCREMENT=3 DEFAULT CHARSET=utf8;

-- Dumping data for table tierrina.autoventa_impresora: ~2 rows (approximately)
DELETE FROM `autoventa_impresora`;
/*!40000 ALTER TABLE `autoventa_impresora` DISABLE KEYS */;
INSERT INTO `autoventa_impresora` (`idImpresora`, `nombre`, `mac_bluetooth`) VALUES
	(1, 'P1', '00:12:F3:0F:32:1E'),
	(2, 'P2', '00:12:F3:0F:31:C0');
/*!40000 ALTER TABLE `autoventa_impresora` ENABLE KEYS */;


-- Dumping structure for table tierrina.autoventa_vehiculo_impresora
CREATE TABLE IF NOT EXISTS `autoventa_vehiculo_impresora` (
  `id` bigint(20) NOT NULL AUTO_INCREMENT,
  `idImpresora` bigint(20) NOT NULL DEFAULT '0',
  `idVehiculo` bigint(20) NOT NULL DEFAULT '0',
  PRIMARY KEY (`id`),
  KEY `FK_autoventa_vehiculo_impresora_autoventa_impresora` (`idImpresora`),
  KEY `FK_autoventa_vehiculo_impresora_ubicacion_hueco` (`idVehiculo`),
  CONSTRAINT `FK_autoventa_vehiculo_impresora_ubicacion_hueco` FOREIGN KEY (`idVehiculo`) REFERENCES `ubicacion_hueco` (`idHueco`),
  CONSTRAINT `FK_autoventa_vehiculo_impresora_autoventa_impresora` FOREIGN KEY (`idImpresora`) REFERENCES `autoventa_impresora` (`idImpresora`)
) ENGINE=InnoDB AUTO_INCREMENT=3 DEFAULT CHARSET=utf8;

-- Dumping data for table tierrina.autoventa_vehiculo_impresora: ~2 rows (approximately)
DELETE FROM `autoventa_vehiculo_impresora`;
/*!40000 ALTER TABLE `autoventa_vehiculo_impresora` DISABLE KEYS */;
INSERT INTO `autoventa_vehiculo_impresora` (`id`, `idImpresora`, `idVehiculo`) VALUES
	(1, 1, 201),
	(2, 2, 200);
/*!40000 ALTER TABLE `autoventa_vehiculo_impresora` ENABLE KEYS */;


-- Dumping structure for table tierrina.banco
CREATE TABLE IF NOT EXISTS `banco` (
  `idBanco` bigint(20) NOT NULL AUTO_INCREMENT,
  `nombre` varchar(200) NOT NULL DEFAULT '',
  PRIMARY KEY (`idBanco`)
) ENGINE=MyISAM AUTO_INCREMENT=9892 DEFAULT CHARSET=latin1;

-- Dumping data for table tierrina.banco: 1.893 rows
DELETE FROM `banco`;
/*!40000 ALTER TABLE `banco` DISABLE KEYS */;
INSERT INTO `banco` (`idBanco`, `nombre`) VALUES
	(1, 'BANCO SANPAOLO SA'),
	(2, 'BANCO AGRICOLA DE ARAGON SA'),
	(3, 'BANCO DE DEPOSITOS SA'),
	(4, 'BANCO DE ANDALUCIA SA'),
	(5, 'BANCO DE ARAGON'),
	(6, 'BANCO ARAGONES DE CREDITO SA'),
	(7, 'BANCO ASTURIANO DE LA INDUSTRIA Y COMERCIO'),
	(8, 'BANCO ATLANTICO SA'),
	(9, 'FINANZIA BANCO DE CREDITO SA'),
	(10, 'BANCO DE BILBAO SA'),
	(11, 'ALLFUNDS BANK SA'),
	(12, 'BANCO DE CANARIAS SA'),
	(13, 'SOLBANK SBD SA'),
	(14, 'BANCO CASTELLANO SA'),
	(15, 'BANCA CATALANA SA'),
	(16, 'BANCO CENTRAL HISPANOAMERICANO SA'),
	(17, 'BANCO CID SA'),
	(18, 'BANCO COCA SA'),
	(19, 'DEUTSCHE BANK SOCIEDAD ANONIMA ESPAÑOLA'),
	(20, 'BANCO DEL COMERCIO SA'),
	(21, 'BANCO CONDAL SA'),
	(22, 'BANCO CONTINENTAL SA'),
	(23, 'BANCO DE LA CORUÑA SA'),
	(24, 'BANCO DE CREDITO BALEAR SA'),
	(25, 'CREDITO Y DOCKS DE BARCELONA'),
	(26, 'BANCO DE CREDITO E INVERSIONES SA'),
	(27, 'CREDITO NAVARRO'),
	(28, 'BANCO DE ELDA SA'),
	(29, 'BANCO COMERCIAL ESPAÑOL SA'),
	(30, 'BANCO ESPAÑOL DE CREDITO SA'),
	(31, 'BANCO ETCHEVERRIA SA'),
	(32, 'BANCO DE EXPANSION COMERCIAL SA'),
	(33, 'BANCO COMERCIAL DE MENORCA SA'),
	(34, 'BANCO DE FOMENTO DE GERONA SA'),
	(35, 'BBVA PRIVANZA BANCO SA'),
	(36, 'SANTANDER INVESTMENT SA'),
	(37, 'BANCO GARRIGA NOGUES SA'),
	(38, 'BANESTO BANCO DE EMISIONES SA'),
	(39, 'BANCO DE GIJON'),
	(40, 'BANCO DE INVERSION Y SERVICIOS FINANCIEROS SA'),
	(41, 'BANCO DE JEREZ SA'),
	(42, 'BANCO GUIPUZCOANO SA'),
	(43, 'BANCO HERRERO SA'),
	(44, 'BANCO MERIDIONAL SA'),
	(45, 'BANCO DE CREDITO CANARIO SA (CANARIBANK)'),
	(46, 'BANCO GALLEGO SA'),
	(47, 'HIJOS DE SATURNINO ULARGUI SRC'),
	(48, 'BANCO SIMEON SA'),
	(49, 'BANCO SANTANDER SA'),
	(50, 'BANCO DEL COMERCIO SA'),
	(51, 'BANCO IBERICO SA'),
	(52, 'BANCA INDUSTRIAL DE BARCELONA SA'),
	(53, 'BANCO CENTRAL HISPANO HIPOTECARIO SA'),
	(54, 'BANCO DE IRUN'),
	(55, 'BANCO JAUDENES BARCENA SA'),
	(56, 'BANCA JOVER SA'),
	(57, 'BANCO DEPOSITARIO BBVA SA'),
	(58, 'BNP PARIBAS ESPAÑA SA'),
	(59, 'BANCO DE MADRID SA'),
	(60, 'BANCO DE MALAGA SA'),
	(61, 'BANCA MARCH SA'),
	(62, 'BANCA MAS SARDA SA'),
	(63, 'BANCO DE SERVICIOS FINANCIEROS CAJA MADRID - MAPFRE SA'),
	(64, 'BANCO DE MATARO SA'),
	(65, 'BARCLAYS BANK SA'),
	(66, 'BANCO MERCANTIL E INDUSTRIAL SA'),
	(67, 'BANCO MERCANTIL DE TARRAGONA SA'),
	(68, 'BGF BANCO DE GESTION FINANCIERA SA'),
	(69, 'BANCO DE MURCIA SA'),
	(70, 'BANCA NOGUEIRA SA'),
	(71, 'BANCO MERCANTIL DE MANRESA SA'),
	(72, 'BANCO PASTOR SA'),
	(73, 'OPEN BANK SA'),
	(74, 'AMBANCA AGRUPACIO MUTUA SA'),
	(75, 'BANCO POPULAR ESPAÑOL SA'),
	(76, 'BANCO URQUIJO SA'),
	(77, 'UNOE BANK SA'),
	(78, 'BANCA PUEYO SA'),
	(79, 'BANCO INVERSION SA'),
	(80, 'BANCO RURAL Y MEDITERRANEO SA'),
	(81, 'BANCO DE SABADELL SA'),
	(82, 'BANCO DE CASTILLA SA'),
	(83, 'BANCO ALICANTINO DE COMERCIO SA'),
	(84, 'BANCO DE SAN SEBASTIAN SA'),
	(85, 'BANCO SANTANDER CENTRAL HISPANO SA'),
	(86, 'BANCO BANIF SA'),
	(87, 'SINDICATO DE BANQUEROS DE BARCELONA SA'),
	(88, 'BANK OF AMERICA SA'),
	(89, 'BANCO DE EXTREMADURA SA'),
	(90, 'BANCO DE TOLOSA'),
	(91, 'BANCO DE ALBACETE SA'),
	(92, 'BANCO URQUIJO SA'),
	(93, 'BANCO DE VALENCIA SA'),
	(94, 'RBC DEXIA INVESTOR SERVICES ESPAÑA SA'),
	(95, 'BANCO DE VASCONIA SA'),
	(96, 'PROBANCA SERVICIOS FINANCIEROS SA'),
	(97, 'BANCO DE GALICIA SA'),
	(98, 'BANCA VILELLA SA'),
	(99, 'ALTAE BANCO SA'),
	(100, 'BANCO DE VITORIA SA'),
	(101, 'CAIXABANK SA'),
	(102, 'BANCO DE VIZCAYA SA'),
	(103, 'BANCO ZARAGOZANO SA'),
	(104, 'BANCO EXTERIOR DE ESPAÑA SA'),
	(105, 'CREDIT LYONNAIS SA SUCURSAL EN ESPAÑA'),
	(106, 'LLOYDS TSB BANK PLC SUCURSAL EN ESPAÑA'),
	(107, 'BANCA NAZIONALE DEL LAVORO SPA SUCURSAL EN ESPAÑA'),
	(108, 'SOCIETE GENERALE SUCURSAL EN ESPAÑA'),
	(109, 'BANCO DEL DESARROLLO ECONOMICO ESPAÑOL SA'),
	(110, 'BANCO INDUSTRIAL DE LEON SA'),
	(111, 'HISPAMER BANCO FINANCIERO SA'),
	(112, 'BANCO URQUIJO SA'),
	(113, 'BANCO INDUSTRIAL DE BILBAO SA'),
	(114, 'BANCO GRANADA JEREZ SA'),
	(115, 'BANCO LIBERTA SA'),
	(116, 'BANCO POPULAR INDUSTRIAL SA (EUROBANCO)'),
	(117, 'BANCO DE NAVARRA SA'),
	(118, 'BANCO DE ASTURIAS SA'),
	(119, 'BANCO SANPAOLO SA'),
	(120, 'BANCO DE LUGO SA'),
	(121, 'BANCO OCCIDENTAL SA'),
	(122, 'CITIBANK ESPAÑA SA'),
	(123, 'BANCO DE HUELVA SA EN LIQUIDACION'),
	(124, 'BANCO DE LA EXPORTACION SA'),
	(125, 'BANCOFAR SA'),
	(126, 'BANCO DE BURGOS SA'),
	(127, 'BANCO DE ALICANTE SA'),
	(128, 'BANKINTER SA'),
	(129, 'BBVA BANCO DE FINANCIACION SA'),
	(130, 'BANCO CAIXA GERAL SA'),
	(131, 'BANCO ESPIRITO SANTO SA SUCURSAL EN ESPAÑA'),
	(132, 'BANCO DE PROMOCION DE NEGOCIOS SA (PROMOBANC)'),
	(133, 'MICROBANK DE LA CAIXA SOCIEDAD ANONIMA'),
	(134, 'NUEVO BANCO SA'),
	(135, 'BANK OF CREDIT AND COMMERCE SAE EN LIQUIDACION'),
	(136, 'ARESBANK SA'),
	(137, 'BANCO DIRECTO SA'),
	(138, 'BANKOA SA'),
	(139, 'BANCO DE LOS PIRINEOS SA'),
	(140, 'BANCO DEL PAIS SA'),
	(141, 'BANQUE INDOSUEZ ESPAÑA SA'),
	(142, 'BANCO DE LA PEQUEÑA Y MEDIANA EMPRESA SA'),
	(143, 'DRESDNER BANK AG SUCURSAL EN ESPAÑA'),
	(144, 'BNP PARIBAS SECURITIES SERVICES SUCURSAL EN ESPAÑA'),
	(145, 'DEUTSCHE BANK AG SUCURSAL EN ESPAÑA'),
	(146, 'CITIBANK NA SUCURSAL EN ESPAÑA'),
	(147, 'MORGAN GUARANTY TRUST COMPANY OF NEW YORK SUCURSAL EN ESPAÑA'),
	(148, 'THE CHASE MANHATTAN BANK NA SUCURSAL EN ESPAÑA'),
	(149, 'BNP PARIBAS SUCURSAL EN ESPAÑA'),
	(150, 'NATIONAL WESTMINSTER BANK PLC SUCURSAL EN ESPAÑA'),
	(151, 'JPMORGAN CHASE BANK NATIONAL ASSOCIATION SUCURSAL EN ESPAÑA'),
	(152, 'BARCLAYS BANK PLC SUCURSAL EN ESPAÑA'),
	(153, 'BANCO SAUDI ESPAÑOL SA (SAUDESBANK) EN LIQUIDACION'),
	(154, 'CALYON SUCURSAL EN ESPAÑA'),
	(155, 'BANCO DO BRASIL SA SUCURSAL EN ESPAÑA'),
	(156, 'THE ROYAL BANK OF SCOTLAND NV SUCURSAL EN ESPAÑA'),
	(157, 'CONTINENTAL ILLINOIS NATIONAL BANK & TRUST COMPANY OF CHICAGO SUCURSAL EN ESPAÑA'),
	(158, 'CHEMICAL BANK SA SUCURSAL EN ESPAÑA'),
	(159, 'COMMERZBANK AKTIENGESELLSCHAFT SUCURSAL EN ESPAÑA'),
	(160, 'THE BANK OF TOKYO-MITSUBISHI UFJ LTD SUCURSAL EN ESPAÑA'),
	(161, 'DEUTSCHE BANK TRUST COMPANY AMERICAS SUCURSAL EN ESPAÑA'),
	(162, 'HSBC BANK PLC SUCURSAL EN ESPAÑA'),
	(163, 'UNICREDIT SOCIETA PER AZIONI SUCURSAL EN ESPAÑA'),
	(164, 'BANCO STANDARD CHARTERED SUCURSAL EN ESPAÑA'),
	(165, 'THE FIRST NATIONAL BANK OF CHICAGO SUCURSAL EN ESPAÑA'),
	(166, 'BANCO DO ESTADO DE SAO PAULO SA BANESPA SUCURSAL EN MADRID'),
	(167, 'FORTIS BANK SA SUCURSAL EN ESPAÑA'),
	(168, 'ING BELGIUM SA SUCURSAL EN ESPAÑA'),
	(169, 'BANCO DE LA NACION ARGENTINA SUCURSAL EN ESPAÑA'),
	(170, 'BANCO REAL SA SUCURSAL EN ESPAÑA'),
	(171, 'THE SUMITOMO BANK SUCURSAL EN ESPAÑA'),
	(172, 'CREDIT COMMERCIAL DE FRANCE SUCURSAL EN ESPAÑA'),
	(173, 'FIRST INTERSTATE BANK OF CALIFORNIA SUCURSAL EN ESPAÑA'),
	(174, 'BANCA INTESA SPA SUCURSAL EN ESPAÑA'),
	(175, 'THE HONGKONG & SHANGAI BANKING CORPORATION SUCURSAL EN ESPAÑA'),
	(176, 'THE BANK OF TOKYO-MITSUBISHI LTD SUCURSAL EN ESPAÑA'),
	(177, 'THE SAKURA BANK LIMITED SUCURSAL EN ESPAÑA'),
	(178, 'ROYAL BANK OF CANADA SUCURSAL EN ESPAÑA'),
	(179, 'CAISSE NATIONALE DE CREDIT AGRICOLE SUCURSAL EN ESPAÑA'),
	(180, 'BANCO PORTUGUES DO ATLANTICO SUCURSAL EN ESPAÑA'),
	(181, 'CREDITO ITALIANO SUCURSAL EN ESPAÑA'),
	(182, 'BANCO BILBAO VIZCAYA ARGENTARIA SA'),
	(183, 'JYSKE BANK (ESPAÑA) SA'),
	(184, 'BANCO EUROPEO DE FINANZAS SA'),
	(185, 'BANCO URQUIJO SABADELL BANCA PRIVADA SA'),
	(186, 'BANCO DE FINANZAS E INVERSIONES SA'),
	(187, 'BANCO UNIVERSAL SA'),
	(188, 'BANCO ALCALA SA'),
	(189, 'MIZUHO CORPORATE BANK LTD SUCURSAL EN ESPAÑA'),
	(190, 'BANCO BPI SA SUCURSAL EN ESPAÑA'),
	(191, 'EUROBANK DEL MEDITERRANEO SA EN LIQUIDACION'),
	(192, 'BANCO CREDIPAS SA'),
	(193, 'BANCA FINESOR SA'),
	(194, 'ISTITUTO BANCARIO SAN PAOLO DI TORINO SPA SUCURSAL EN ESPAÑA'),
	(195, 'THE SANWA BANK LIMITED SUCURSAL EN ESPAÑA'),
	(196, 'WESTLB AG SUCURSAL EN ESPAÑA'),
	(197, 'BANCO ESPIRITO SANTO SA SUCURSAL EN ESPAÑA'),
	(198, 'BANCO COOPERATIVO ESPAÑOL SA'),
	(199, 'CREDIT SUISSE FIRST BOSTON SUCURSAL EN ESPAÑA'),
	(200, 'PRIVAT BANK DEGROOF SA'),
	(201, 'BANCO DI NAPOLI SPA SUCURSAL EN ESPAÑA'),
	(202, 'BANCO DE NEGOCIOS ARGENTARIA SA'),
	(203, 'THE FUJI BANK LIMITED SUCURSAL EN ESPAÑA'),
	(205, 'DEUTSCHE BANK CREDIT SA'),
	(206, 'THE DAI-ICHI KANGYO BANK LIMITED SUCURSAL EN ESPAÑA'),
	(207, 'THE TOKAI BANK LIMITED SUCURSAL EN ESPAÑA'),
	(208, 'CREDIT LYONNAIS ESPAÑA SA'),
	(209, 'ABBEY NATIONAL BANK SAE'),
	(210, 'BANCO GALLEGO SA'),
	(211, 'EBN BANCO DE NEGOCIOS SA'),
	(212, 'COMPAGNIE BANCAIRE SUCURSAL EN ESPAÑA'),
	(213, 'CASSA DI RISPARMIO DELLE PROVINCIE LOMBARDE (CARIPLO) SPA SUCURSAL EN ESPAÑA'),
	(214, 'ARAB BANK PLC SUCURSAL EN ESPAÑA'),
	(215, 'DEXIA BANCO LOCAL SA'),
	(216, 'BANCO POPULAR HIPOTECARIO SA'),
	(217, 'BANCO HALIFAX HISPANIA SA'),
	(218, 'FCE BANK PLC SUCURSAL EN ESPAÑA'),
	(219, 'BANQUE MAROCAINE DU COMMERCE EXTERIEUR INTERNATIONAL SA'),
	(220, 'BANCO FINANTIA SOFINLOC SA'),
	(221, 'RABOBANK ESPAÑA SA'),
	(222, 'JP MORGAN BANK SA'),
	(223, 'GENERAL ELECTRIC CAPITAL BANK SA'),
	(224, 'SANTANDER CONSUMER FINANCE SA'),
	(225, 'BANCO CETELEM SA'),
	(226, 'UBS BANK SA'),
	(227, 'UNOE BANK SA'),
	(228, 'BANCO EXELBANK SA'),
	(229, 'BANCOPOPULAR-E SA'),
	(230, 'ACTIVOBANK SA'),
	(231, 'DEXIA SABADELL SA'),
	(232, 'BANCO INVERSIS SA'),
	(233, 'POPULAR BANCA PRIVADA SA'),
	(234, 'BANCO CAMINOS SA'),
	(235, 'BANCO PICHINCHA ESPAÑA SA'),
	(1000, 'INSTITUTO DE CREDITO OFICIAL'),
	(1001, 'BANCO DE CREDITO AGRICOLA SA'),
	(1002, 'BANCO DE CREDITO A LA CONSTRUCCION'),
	(1003, 'BANCO DE CREDITO INDUSTRIAL SA'),
	(1004, 'BANCO DE CREDITO LOCAL DE ESPAÑA SA'),
	(1005, 'BANCO HIPOTECARIO DE ESPAÑA SA'),
	(1006, ''),
	(1101, 'BANCO NACIONAL DE MEXICO'),
	(1102, 'THE CHASE MANHATTAN BANK NA'),
	(1103, 'BANK OF AMERICA NA'),
	(1104, 'THE CHASE MANHATTAN BANK'),
	(1105, 'BANCO ESPAÑOL DEL RIO DE LA PLATA'),
	(1106, 'CONTINENTAL ILLINOIS NB&TC CHICAGO'),
	(1107, 'BANCO DE BOGOTA'),
	(1108, 'BANCO DE COLOMBIA'),
	(1109, 'FIRST INTERSTATE BANK OF CALIFORNIA'),
	(1110, 'FIRST WISCONSIN NATIONAL BANK'),
	(1111, 'BANCO DE CREDITO DEL PERU'),
	(1112, 'UBS AG'),
	(1113, 'BANQUE SUDAMERIS'),
	(1114, 'CHEMICAL BANK'),
	(1115, 'BAYERISCHE-HYPOTHEKEN WECHSEL (HYPOBANK)'),
	(1116, 'BANQUE SCANDINAVE EN SUISSE'),
	(1117, 'BANQUE BRUXELLES LAMBERT'),
	(1118, 'CREDIT DU NORD'),
	(1119, 'SKANDINAVISKA ENSKILDA BANKEN'),
	(1120, 'FIRST NATIONAL BANK OF CHICAGO'),
	(1121, 'BANCO DE LA CIUDAD DE BUENOS AIRES'),
	(1122, 'UNION DE BANCOS SUIZOS'),
	(1123, 'BANCO DE LA NACION ARGENTINA'),
	(1124, 'BANKERS TRUST COMPANY'),
	(1125, 'COMMERCIALE ITALIANA'),
	(1126, 'MORGAN GRENFELL & CO LIMITED'),
	(1127, 'STANDARD CHARTERED BANK'),
	(1128, 'BARCLAYS BANK INTERNATIONAL LIMITED'),
	(1129, 'BANK OF MONTREAL'),
	(1130, 'L\'EUROPEENNE DE BANQUE'),
	(1131, 'SKANDINAVISKA ENSKILDA BANKEN LONDON BRANCH'),
	(1132, 'BANCO MEXICANO SA'),
	(1133, 'COMPAGNIE INTERNATIONALE DE BANQUE'),
	(1134, 'BANCO GANADERO'),
	(1135, 'BANQUE MAROCAINE DU COMMERCE EXTERIEUR'),
	(1136, 'SINGER & FRIEDLANDER LIMITED'),
	(1137, 'BANQUE CENTRALE POPULAIRE'),
	(1138, 'NATEXIS BANQUES POPULAIRES'),
	(1139, 'BANCA POPOLARE DI NOVARA'),
	(1140, 'SUMITOMO BANK LIMITED'),
	(1141, 'LJUBLJANSKA BANKA'),
	(1142, 'CREDIT COMMERCIAL DE FRANCE'),
	(1143, 'DAI-ICHI KANGYO BANK LIMITED'),
	(1144, 'FORTIS BANK SA'),
	(1145, 'BANCOMER SA'),
	(1146, 'BANCA SOMEX SA'),
	(1147, 'DEN DANSKE BANK AKTIESELSKAB SA'),
	(1148, 'THE MITSUBISHI BANK LIMITED'),
	(1149, 'ROYAL BANK OF CANADA'),
	(1150, 'KBC BANK'),
	(1151, 'CAISSE NATIONALE DE CREDIT AGRICOLE'),
	(1152, 'THE FUJI BANK LIMITED'),
	(1153, 'THE SANWA BANK LIMITED'),
	(1154, 'BHF-BANK'),
	(1155, 'KREDIETBANK SA LUXEMBOURGEOISE'),
	(1156, 'THE BANK OF NEW YORK MELLON'),
	(1157, 'INDUSTRIAL BANK OF JAPAN LIMITED'),
	(1158, 'UNIBANK A/S'),
	(1159, 'BERENBERG B'),
	(1160, 'KOREA EXCHANGE BANK'),
	(1161, 'CREDIT AND COMMERCE ISA- LTD'),
	(1162, 'THE BANK OF NOVA SCOTIA'),
	(1163, 'TAIYO KOBE BANK LTD'),
	(1164, 'ESPIRITO SANTO BANK OF FLORIDA'),
	(1165, 'ROTHSCHILD NM & SONS LIMITED'),
	(1166, 'MITSUI BANK LIMITED'),
	(1167, 'BANQUE WORMS'),
	(1168, 'BANCO NACIONAL DE CUBA'),
	(1169, 'THE TOKAI BANK LTD'),
	(1170, 'STANDARD CHARTERED BANK'),
	(1171, 'CAISSE CENTRALE BANQUES POPULAIRES - BARCELONA'),
	(1172, 'FIRST NATIONAL BANK OF MINNEAPOLIS'),
	(1173, 'BANQUE COURTOIS'),
	(1174, 'JYSKE BANK'),
	(1176, 'AUSTRALIA AND NEW ZEALAND BGL ANZ GRINDLAYS BANK PLC'),
	(1177, 'CREDIT INDUSTRIEL ET COMMERCIAL'),
	(1178, 'SOCIETE LYONNAISE DE BANQUE'),
	(1179, 'CASSA DI RISPARMIO DELLE PROVINCIE LOMBARDE'),
	(1180, 'BANCO ESPIRITO SANTO E COMERCIAL DE LISBOA'),
	(1181, 'BANCO DE FOMENTO E EXTERIOR- PORTUGAL'),
	(1182, 'UNICREDIT BANK AG'),
	(1183, 'DEN DANSKE BANK INTERNATIONAL SA'),
	(1184, 'HAMBROS BANK (JERSEY) LIMITED'),
	(1185, 'SKANDINAVISKA ENSKILDA BANKEN OR'),
	(1186, 'FOKUS BANK'),
	(1187, 'KANSALLIS INTERNATIONAL BANK'),
	(1188, 'WESTDEUTSCHE LANDESBANK'),
	(1189, 'THE INDUSTRIAL BANK OF JAPAN LTD'),
	(1190, 'CREDIT SUISSE DE ZURICH'),
	(1191, 'SVENSKA HANDELSBANKEN'),
	(1192, 'GIROCREDIT BANK AG DER SPARKASSEN'),
	(1193, 'PKB PRIVATBANK AG'),
	(1194, 'COUNTY NATWEST LIMITED'),
	(1195, 'BANQUE FRANCAISE DU COMMERCE EXTERIEUR'),
	(1196, 'BANCO DE LAS ACTIV ECONOMICAS EXTERIORES (VNESHECONOMBANK) URSS'),
	(1197, 'BANQUE INTERNATIONALE A LUXEMBOURG'),
	(1198, 'CASSE DI RISPARMIO DI FIRENZE E PISTOIA E PESCIA'),
	(1199, 'BANCA CARIGE SPA-CASSA DI RISPARMIO DI GENOVA E IMPERIA'),
	(1200, 'FORTIS BANK SA'),
	(1201, 'SYDBANK (SCHWEIZ) AG'),
	(1202, 'WACHOVIA BANK NATIONAL ASSOCIATION'),
	(1203, 'CARIVERONA BANCA SPA'),
	(1204, 'BANQUE FEDERATIVE DU CREDIT MUTUEL'),
	(1205, 'RABOBANK NEDERLAND'),
	(1206, 'DEXIA - BANQUE INTERNATIONALE A LUXEMBOURG'),
	(1207, 'BFG BANK AG'),
	(1208, 'THE LONG-TERM CREDIT BANK OF JAPAN LTD'),
	(1209, 'ALLIED BANKING CORPORATION'),
	(1210, 'BANQUE REGIONALE D\'ESCOMPTE ET DE DEPOTS'),
	(1211, 'ERSTE BANK DER OESTERREICHISCHEN SPARKASSEN AG'),
	(1212, 'VARDE BANK'),
	(1213, 'SWEDBANK (LUXEMBOURG) SA'),
	(1214, 'THE DAIWA BANK LIMITED'),
	(1215, 'J HENRY SCHRODER WAGG & CO LTD'),
	(1216, 'THE SUMITOMO TRUST & BANKING COLTD'),
	(1217, 'UNION BANK OF FINLAND INTERNATIONAL SA'),
	(1218, 'NORDBANKEN LUXEMBOURG SA'),
	(1219, 'CREDIT LOCAL DE FRANCE'),
	(1220, 'SOCIETE MARSEILLAISE DE CREDIT'),
	(1221, 'PHILIPPINE NATIONAL BANK SA'),
	(1222, 'EQUITABLE PCI BANK'),
	(1223, 'SYDBANK LUXEMBOURG SA'),
	(1224, 'RHEINHYP RHEINISCHE HYPOTHEKENBANK AG'),
	(1225, 'CREDIT AGRICOLE INDOSUEZ LUXEMBOURG SA'),
	(1226, 'BANK AUSTRIA AKTIENGESELLSCHAFT'),
	(1227, 'BANQUE SCS ALLIANCE'),
	(1228, 'BANCO COMERCIAL MOST BANK'),
	(1229, 'SKANDINAVISKA ENSKILDA BANKEN SA'),
	(1230, 'ERSTE BANK SPARKASSEN (CR) AS'),
	(1231, 'BANCO CANARIAS DE VENEZUELA CA'),
	(1232, 'ING BANK NV'),
	(1233, 'ATTIJARIWAFA BANK'),
	(1234, 'BANCO DE LA PROVINCIA DE BUENOS AIRES'),
	(1235, 'NATEXIS BANQUE'),
	(1236, 'LANDESBANK HESSEN-THUERINGEN GIROZENTRALE'),
	(1237, 'EUROPAISCHE HYPOTHEKENBANK SA'),
	(1238, 'BANCO INTERNACIONAL SA'),
	(1239, 'DZ BANK AG DEUTSCHE ZENTRAL- GENOSSENSCHAFTSBANK FRANKFURT AM'),
	(1240, 'LONDON FORFAITING A PARIS SA'),
	(1241, 'BANCO SBS-AGRO'),
	(1242, 'LANDESBANK BADEN-WÜRTTEMBERG'),
	(1243, 'DEUTSCHE PFANDBRIEF-UND HIPOTHEKENBANK AG'),
	(1244, 'ABBEY NATIONAL PLC'),
	(1245, 'BES INVESTIMENTO SA'),
	(1246, 'PRIMER BANCO AHORRO Y PRESTAMO VIVIENDA FAMILIAR SA (VIVIBANCO)'),
	(1247, 'SUMITOMO MITSUI BANKING CORPORATION'),
	(1248, 'WAFABANK'),
	(1249, 'NORWICH AND PETERBOROUGH BUILDING SOCIETY'),
	(1250, 'RBS COUTTS BANK SA'),
	(1251, 'PRIVATBANK IHAG ZÜRICH'),
	(1252, 'BANK J VONTOBEL & CO AG'),
	(1253, 'BANCO COMERCIAL PORTUGUES SA'),
	(1254, 'DEPFA BANK EUROPE PLC'),
	(1255, 'AAREAL BANK AG'),
	(1256, 'WÜRTTEMBERGISCHE HYPOTHEKENBANK AG'),
	(1257, 'ALLGEMEINE HYPOTHEKENBANK RHEINBODEN AG'),
	(1258, 'BANQUE SYZ & CO SA'),
	(1259, 'WESTDEUTSCHE IMMOBILIENBANK AG'),
	(1260, 'NORDEA BANK SA'),
	(1261, 'LGT BANK (SCHWEIZ) AG'),
	(1262, 'SKANDIA BANK (SWITZERLAND) AG'),
	(1263, 'SANPAOLO IMI SPA'),
	(1264, 'DEPFA BANK PLC'),
	(1265, 'ABN AMRO BANK (LUXEMBORG) SA'),
	(1266, 'BANCA INTESA SPA'),
	(1267, 'NYKREDIT REALKREDIT A/S'),
	(1268, 'ABC INTERNATIONAL BANK PLC'),
	(1269, 'BHF-BANK (SCHWEIZ) AG'),
	(1270, 'BANCA POPOLARE DI MILANO'),
	(1271, 'SPARBANK VEST A/S'),
	(1272, 'BANKHAUS JUNGHOLZ AG'),
	(1273, 'IKB DEUTSCHE INDUSTRIEBANK AG'),
	(1274, 'SWEDBANK SA'),
	(1275, 'DEKABANK DEUTSCHE GIROZENTRALE'),
	(1276, 'HVB BANQUE LUXEMBOURG SOCIETE ANONYME'),
	(1277, 'BANCOLOMBIA SA'),
	(1278, 'RAIFFEISENBANK KLEINWALSERTAL AG'),
	(1279, 'KAUPTHING BANK LUXEMBOURG SA'),
	(1280, 'DEUTSCHE HYPOTHEKENBANK (ACTIEN- GESELLSCHAFT)'),
	(1281, 'LANDSBANKI LUXEMBOURG SA (EN SUSPENSION DE PAGOS)'),
	(1282, 'BANCO DE GUAYAQUIL SA'),
	(1283, 'BANCO PICHINCHA CA'),
	(1284, 'SCHRODER & CO BANK AG'),
	(1285, 'BANCO ITAU EUROPA SA'),
	(1286, 'BANCO BOLIVARIANO CA'),
	(1287, 'ROYAL BANK OF CANADA EUROPE LIMITED'),
	(1288, 'COÖPERATIEVE CENTRALE RAIFFEISEN -BOERENLEENBANK BA(RABOBANK NEDER'),
	(1289, 'GE CORPORATE FINANCE BANK SAS'),
	(1290, 'RAIFFEISEN ZENTRALBANK ÖSTERREICH AKTIENGESELLSCHAFT'),
	(1291, 'MIZUHO CORPORATE BANK NEDERLAND NV'),
	(1292, 'SNS PROPERTY FINANCE BV'),
	(1293, 'BANQUE INTERNATIONALE POUR LE MALI SA'),
	(1294, 'BANCO GANADERO SA'),
	(1295, 'PAYPAL (EUROPE) SÁRL Y CIE SCA'),
	(1296, 'LEEDS BUILDING SOCIETY'),
	(1297, 'F VAN LANSCHOT BANKIERS NV'),
	(1298, 'SOCIETE GENERALE MAROCAINE DE BANQUES'),
	(1299, 'BANCO LJ CARREGOSA SA'),
	(1300, 'ABN AMRO BANK NV'),
	(1301, 'ARGENTARIA CAJA POSTAL Y BANCO HIPOTECARIO SA'),
	(1302, 'ARGENTARIA CAJA POSTAL Y BANCO HIPOTECARIO SA'),
	(1310, 'BANQUE DE DEVELOPPEMENT DU MALI SA'),
	(1451, 'CAISSE REGIONALE DE CREDIT AGRICOLE MUTUEL SUD MEDITERRANEE (ARIEGE ET PYRENEES ORIENTALES) SE'),
	(1452, 'UBS AG SUCURSAL EN ESPAÑA'),
	(1453, 'BANCA MONTE DEI PASCHI DI SIENA SPA SUCURSAL EN ESPAÑA'),
	(1454, 'NEWEDGE GROUP SUCURSAL EN ESPAÑA'),
	(1455, 'TRANSOPTIONS FINANCE SA SUCURSAL EN ESPAÑA'),
	(1456, 'CAISSE REGIONALE DE CREDIT AGRICOLE MUTUEL PYRENEES-GASCOGNE SUCURSAL EN ESPAÑA'),
	(1457, 'DE LAGE LANDEN INTERNATIONAL BV SUCURSAL EN ESPAÑA'),
	(1458, 'HSBC INVESTMENT BANK PLC SUCURSAL EN ESPAÑA'),
	(1459, 'COOPERATIEVE CENTRALE RAIFFEISEN- BOERENLEENBANK BA (RABOBANK NEDERLAND) SUCURSAL EN ESPAÑA'),
	(1460, 'CREDIT SUISSE AG SUCURSAL EN ESPAÑA'),
	(1461, 'A/S JYSKE BANK SUCURSAL EN ESPAÑA'),
	(1462, 'ASSOCIATES CAPITAL CORPORATION PLC SUCURSAL EN ESPAÑA'),
	(1463, 'BANQUE PSA FINANCE SUCURSAL EN ESPAÑA'),
	(1464, 'NEWCOURT FINANCE (FRANCE) SNC SUCURSAL EN ESPAÑA'),
	(1465, 'ING DIRECT NV SUCURSAL EN ESPAÑA'),
	(1466, 'FRANFINANCE SUCURSAL EN ESPAÑA'),
	(1467, 'EUROHYPO AG SUCURSAL EN ESPAÑA'),
	(1468, 'EUROHYPO AG EUROPAISCHE HYPOTHEKENBANK DER DEUTSCHEN BANK SUCURSAL EN ESPAÑA'),
	(1469, 'BANCO SYGMA HISPANIA SUCURSAL EN ESPAÑA'),
	(1470, 'BANCO PORTUGUES DE INVESTIMENTO SA SUCURSAL EN ESPAÑA'),
	(1471, 'ROYAL BANK OF CANADA EUROPE LIMITED SUCURSAL EN ESPAÑA'),
	(1472, 'CREDIT AGRICOLE LEASING SUCURSAL EN ESPAÑA'),
	(1473, 'BANQUE PRIVEE EDMOND DE ROTHSCHILD EUROPE SUCURSAL EN ESPAÑA'),
	(1474, 'CITIBANK INTERNATIONAL PLC SUCURSAL EN ESPAÑA'),
	(1475, 'CORTAL CONSORS SUCURSAL EN ESPAÑA'),
	(1476, 'FIMATEX SA SUCURSAL EN ESPAÑA'),
	(1477, 'THE ROYAL BANK OF SCOTLAND PLC SUCURSAL EN ESPAÑA'),
	(1478, 'MERRILL LYNCH INTERNATIONAL BANK LIMITED SUCURSAL EN ESPAÑA'),
	(1479, 'NATIXIS SA SUCURSAL EN ESPAÑA'),
	(1480, 'VOLKSWAGEN BANK GMBH SUCURSAL EN ESPAÑA'),
	(1481, 'BANCO MAIS SA (ESPANHA) SUCURSAL EN ESPAÑA'),
	(1482, 'JOHN DEERE BANK SA SUCURSAL EN ESPAÑA'),
	(1483, 'BANK OF SCOTLAND SUCURSAL EN ESPAÑA'),
	(1484, 'MBNA EUROPE BANK LIMITED SUCURSAL EN ESPAÑA'),
	(1485, 'BANK OF AMERICA NATIONAL ASSOCIATION SUCURSAL EN ESPAÑA'),
	(1486, 'BANCO PRIVADO PORTUGUESSASE (SUJETO A MEDIDAS DE SANEAMIENTO ADOPTADAS POR EL BANCO DE PORTUGAL)'),
	(1487, 'TOYOTA KREDITBANK GMBH SUCURSAL EN ESPAÑA'),
	(1488, 'PICTET & CIE (EUROPE) SA SUCURSAL EN ESPAÑA'),
	(1489, 'HYPO REAL ESTATE BANK INTERNATIONAL SUCURSAL EN ESPAÑA'),
	(1490, 'SELF TRADE BANK SA'),
	(1491, 'TRIODOS BANK NV SE'),
	(1492, 'BNP PARIBAS LEASE GROUP SA SUCURSAL EN ESPAÑA'),
	(1493, 'CAIXA BANCO DE INVESTIMENTO SA SUCURSAL EN ESPAÑA'),
	(1494, 'INTESA SANPAOLO SPA SUCURSAL EN ESPAÑA'),
	(1495, 'CIT GROUP (NORDIC) AB SUCURSAL EN ESPAÑA'),
	(1496, 'GENEFIM SUCURSAL EN ESPAÑA'),
	(1497, 'BANCO ESPIRITO SANTO DE INVESTIMENTO SA SUCURSAL EN ESPAÑA'),
	(1498, 'UNICREDIT BANK AG SUCURSAL EN ESPAÑA'),
	(1499, 'CLAAS FINANCIAL SERVICES SAS SUCURSAL EN ESPAÑA'),
	(1500, 'NATIXIS LEASE SA SUCURSAL EN ESPAÑA'),
	(1501, 'DEUTSCHE PFANDBRIEFBANK AG SUCURSAL EN ESPAÑA'),
	(1502, 'IKB DEUTSCHE INDUSTRIEBANK AG SUCURSAL EN ESPAÑA'),
	(1503, 'IXIS CORPORATE & INVESTMENT BANK SA SUCURSAL EN ESPAÑA'),
	(1504, 'HONDA BANK GMBH SUCURSAL EN ESPAÑA'),
	(1505, 'EUROPE ARAB BANK PLC SUCURSAL EN ESPAÑA'),
	(1506, 'MERRILL LYNCH INTERNATIONAL BANK LIMITED SUCURSAL EN ESPAÑA'),
	(1507, 'ING BANK NV SUCURSAL EN ESPAÑA'),
	(1508, 'RCI BANQUE SA SUCURSAL EN ESPAÑA'),
	(1509, 'BANCO PRIMUS SA SUCURSAL EN ESPAÑA'),
	(1510, 'SAXO BANK A/S SUCURSAL EN ESPAÑA'),
	(1511, 'KBC BANK NV SUCURSAL EN ESPAÑA'),
	(1512, 'ELAVON FINANCIAL SERVICES LIMITED SUCURSAL EN ESPAÑA'),
	(1513, 'CAIXA GERAL DE DEPOSITOS SA SUCURSAL EN ESPAÑA'),
	(1514, 'CNH FINANCIAL SERVICES SUCURSAL EN ESPAÑA'),
	(1515, 'CITIBANK NA SUCURSAL EN ESPAÑA'),
	(1516, 'JP MORGAN INTERNATIONAL BANK LIMITED SUCURSAL EN ESPAÑA'),
	(1517, 'LANDSBANKI ISLANDS HF (EN LIQUIDACION) SUCURSAL EN ESPAÑA'),
	(1518, 'DEPFA BANK PLC SUCURSAL EN ESPAÑA'),
	(1519, 'SVENSKA HANDELSBANKEN AB SUCURSAL EN ESPAÑA'),
	(1520, 'MEDIOBANCA SUCURSAL EN ESPAÑA'),
	(1521, 'BINCKBANK NV SUCURSAL EN ESPAÑA'),
	(1522, 'EFG BANK (LUXEMBOURG) SA SUCURSAL EN ESPAÑA'),
	(1523, 'MERCEDES-BENZ BANK AG SUCURSAL EN ESPAÑA'),
	(1524, 'UBI BANCA INTERNATIONAL SA SUCURSAL EN ESPAÑA'),
	(1525, 'BANQUE CHAABI DU MAROC SUCURSAL EN ESPAÑA'),
	(1526, 'CLOSE BROTHERS LIMITED SUCURSAL EN ESPAÑA'),
	(1527, 'KAUPTHING BANK HF SUCURSAL EN ESPAÑA'),
	(1528, 'JCB FINANCE SAS SUCURSAL EN ESPAÑA'),
	(1529, 'MCE BANK GMBH SUCURSAL EN ESPAÑA'),
	(1530, 'SOFINLOC INSTITUIÇAO FINANCEIRA DE CREDITO SA SUCURSAL EN ESPAÑA'),
	(1531, 'CREDIT SUISSE INTERNATIONAL SUCURSAL EN ESPAÑA'),
	(1532, 'BNP PARIBAS FACTOR SA SUCURSAL EN ESPAÑA'),
	(1533, 'BMW BANK GMBH SUCURSAL EN ESPAÑA'),
	(1534, 'KBL EUROPEAN PRIVATE BANKERS SA SUCURSAL EN ESPAÑA'),
	(1535, 'AKF BANK GMBH & CO KG SUCURSAL EN ESPAÑA'),
	(1701, 'LA PEDRESINA III SA'),
	(1702, 'EURODIVISAS SA'),
	(1703, 'AIRPORT CHANGE SA'),
	(1704, 'CHANGE EXPRESS SA'),
	(1705, 'ATOCHA CAMBIOS SA'),
	(1706, 'RD MONEY TRANSFER SA'),
	(1707, 'SMALL W0RLD FINANCIAL SERVICES SPAIN SA'),
	(1708, 'CAMBITUR INTERNATIONAL SA'),
	(1709, 'ANROGA SA'),
	(1710, 'AMERICAN EXPRESS FOREIGN EXCHANGE SA'),
	(1711, 'JET PERU MONEY TRANSFER SA'),
	(1712, 'COMPAÑIA INTERNACIONAL DE SERVICIOS DE MONEDA EXTRANJERA SA'),
	(1713, 'WESTERN UNION RETAIL SERVICES SPAIN SA'),
	(1714, 'CHANGE AND TRANSFER SA'),
	(1715, 'SOCIEDAD ANONIMA DE VIAJES Y SERVICIOS DE AUTOPISTA (SAVISA)'),
	(1716, 'MACCORP EXACT CHANGE SA'),
	(1717, 'MONEY EXPRESS TRANSFER SA'),
	(1718, 'SAFE INTERENVIOS SA'),
	(1719, 'QUICK CHANGE SOCIEDAD ANONIMA (EN LIQUIDACION)'),
	(1720, 'UNITED EUROPHIL SA'),
	(1721, 'MUNDIAL MONEY TRANSFER SA'),
	(1722, 'I TRANSFER MONEY MOVERS SA'),
	(1723, 'CHANGE CENTER SOCIEDAD ANONIMA'),
	(1724, 'MONEY GRAM SPAIN SA'),
	(1725, 'SANTANDER ENVIOS SA'),
	(1726, 'UNIVERSAL DE ENVIOS SA'),
	(1727, 'UNIGIROS INTERNACIONAL SA'),
	(1728, 'ASSARF CHAABI SA'),
	(1729, 'CAMBIOS SOL SA'),
	(1730, 'CHANGEPOINT SA'),
	(1731, 'INSTANT MONEY TRANSFER SA'),
	(1732, 'EUROENVIOS MONEY TRANSFERS SA'),
	(1733, 'EL IMPERIO DEL ENVIO IMPERENVIOS SA'),
	(1734, 'MONEY EXCHANGE SA'),
	(1735, 'CAMBIOS Y TRANSFERENCIAS STAR EXPRESS SA'),
	(1736, 'MASTER ENVIOS UNIDOS SA'),
	(1737, 'ENVIA TELECOMUNICACIONES SA'),
	(1738, 'ANGELO COSTA SPAIN SA'),
	(1739, 'DOLLAR EXPRESS SA'),
	(1740, 'TELEGIROS SA'),
	(1741, 'INTERENVIOS MONEY TRANSFERS SA'),
	(1742, 'SUN MONEY EXPRESS SA'),
	(1743, 'BPI EXPRESS REMITTANCE SPAIN SA'),
	(1744, 'UNIGIROS EXPRESS SA'),
	(1745, 'GIROEXPRESS SA'),
	(1746, 'GEOMIL TRANSFER SOCIEDAD ANONIMA'),
	(1747, 'HISPANO WORLD TRANSFER SA'),
	(1748, 'EXPRESS PADALA ESPAÑA SA'),
	(1749, 'MONEYGRAM PAYMENT SYSTEMS SPAIN SA'),
	(1750, 'ENVIALIA MONEY TRANSFERS SA'),
	(1751, 'CAPITAL MONEY TRANSFER SA'),
	(1752, 'TRANS FAST FINANCIAL SERVICES SA'),
	(1753, 'BBVA DINERO EXPRESS SA'),
	(1754, 'BAKNOTES SA'),
	(1755, 'METRO-REMITTANCE CENTER SA'),
	(1756, 'TITANES TELECOMUNICACIONES SOCIEDAD ANONIMA'),
	(1757, 'CBN REMITTANCE CENTER SA'),
	(1758, 'MONTY GLOBAL PAYMENTS SA'),
	(1759, 'LATIN TRAVEL MONEY TRANSFER SA'),
	(1760, 'ELECTRONIC FOREIGN EXCHANGE SA'),
	(1761, 'COINSTAR MONEY TRANSFER SPAIN SA'),
	(1762, 'MONEYTRANS WORLD SA'),
	(1763, 'INTERCHANGE SPAIN SA'),
	(1764, 'LEFER TRANSFER SA'),
	(1765, 'PNB GLOBAL FILIPINO REMITTANCE SPAIN SA'),
	(1766, 'MUNDO ENVIOS SA'),
	(1767, 'FENIXTRANSFERS SA'),
	(1768, 'UNIVERSAL TRANSFER MONEY ON SA'),
	(1769, 'FACIL ENVIOS SA'),
	(1770, 'CERRO CATEDRAL SOCIEDAD ANONIMA'),
	(1771, 'MONEYONE EXPRESS FINANCIAL SA'),
	(1772, 'HERBON ENVIOS SA'),
	(1773, 'LA REAL DE ENVIOS SA'),
	(1774, 'AUSTROGIROS SOCIEDAD ANONIMA'),
	(1775, 'TERRA MONEY CASH SA'),
	(1776, 'TRANSFERENCIAS AMERICA SA'),
	(1777, 'CHOICE MONEY TRANSFER ESPAÑA SA'),
	(1778, 'VIGO REMITTANCE ESPAÑA SA'),
	(1779, 'LATINVEST ESPAÑA SA'),
	(1780, 'EASY REMITTANCE SA'),
	(1781, 'CLICK TRANSFER SA'),
	(1782, 'UNIVERSAL DE CAMBIOS SA'),
	(1783, 'TELEFONICA REMESAS SA'),
	(2000, 'CONFEDERACION ESPAÑOLA DE CAJAS DE AHORROS'),
	(2001, 'CAJA DE AHORROS PROVINCIAL DE ALBACETE'),
	(2002, 'MONTE DE PIEDAD Y CAJA DE AHORROS DE ALCOY'),
	(2003, 'CAJA DE AHORROS DE ALHAMA DE MURCIA'),
	(2004, 'CAJA DE AHORROS DEL SURESTE DE ESPAÑA'),
	(2005, 'CAJA DE AHORROS PROVINCIAL DE ALICANTE'),
	(2006, 'MONTE DE PIEDAD Y CAJA DE AHORROS DE ALMERIA'),
	(2007, 'CAJA DE AHORROS Y PRESTAMOS DE ANTEQUERA'),
	(2008, 'CAJA GENERAL DE AHORROS Y MONTE DE PIEDAD DE AVILA'),
	(2009, 'CAJA CENTRAL DE AHORRO Y PRESTAMOS DE AVILA'),
	(2010, 'MONTE DE PIEDAD Y CAJA GENERAL DE AHORROS DE BADAJOZ'),
	(2011, 'CAJA DE AHORROS Y MONTE DE PIEDAD DE BARCELONA'),
	(2012, 'CAJA DE PENSIONES PARA LA VEJEZ Y DE AHORROS DE CATALUÑA Y BALEARES'),
	(2013, 'CAIXA D\'ESTALVIS DE CATALUNYA'),
	(2014, 'CAJA DE AHORROS DE LA SAGRADA FAMILIA DE BARCELONA'),
	(2015, 'CAJA DE AHORROS Y MONTE DE PIEDAD MUNICIPAL DE BILBAO'),
	(2016, 'CAJA DE AHORROS VIZCAINA'),
	(2017, 'CAJA DE AHORROS Y MONTE DE PIEDAD DEL CIRCULO CATOLICO DE OBREROS DE BURGOS'),
	(2018, 'CAJA DE AHORROS MUNICIPAL DE BURGOS'),
	(2019, 'CAJA DE AHORROS Y MONTE DE PIEDAD DE CACERES'),
	(2020, 'CAJA DE AHORROS Y MONTE DE PIEDAD DE CADIZ'),
	(2021, 'CAJA DE AHORROS Y PRESTAMOS DE CARLET'),
	(2022, 'CAJA DE AHORROS Y MONTE DE PIEDAD DE CASTELLON'),
	(2023, 'CAJA DE AHORROS Y MONTE DE PIEDAD DE CEUTA'),
	(2024, 'CAJA DE AHORROS Y MONTE DE PIEDAD DE CORDOBA'),
	(2025, 'CAJA PROVINCIAL DE AHORROS DE CORDOBA'),
	(2026, 'CAJA DE AHORROS Y MONTE DE PIEDAD DE LA CORUÑA Y LUGO'),
	(2027, 'CAJA DE AHORROS DE NUESTRA SEÑORA DE LOS DOLORES DE CREVILLENTE'),
	(2028, 'CAJA DE AHORROS DE CUENCA Y CIUDAD REAL'),
	(2029, 'CAJA GENERAL DE AHORROS Y MONTE DE PIEDAD DE EL FERROL'),
	(2030, 'CAIXA D\'ESTALVIS DE GIRONA'),
	(2031, 'CAJA GENERAL DE AHORROS DE GRANADA'),
	(2032, 'CAJA DE AHORRO PROVINCIAL DE GUADALAJARA'),
	(2033, 'CAJA PROVINCIAL DE AHORROS Y MONTE DE PIEDAD DE HUELVA'),
	(2034, 'CAJA DE AHORROS DE JEREZ DE LA FRONTERA'),
	(2035, 'CAJA DE AHORROS Y MONTE DE PIEDAD DE LEON'),
	(2036, 'CAJA DE AHORROS Y MONTE DE PIEDAD DE LERIDA'),
	(2037, 'CAJA DE AHORROS DE LA RIOJA'),
	(2038, 'CAJA DE AHORROS Y MONTE DE PIEDAD DE MADRID'),
	(2039, 'CAJA DE AHORROS PROVINCIAL DE MALAGA'),
	(2040, 'CAIXA D\'ESTALVIS COMARCAL DE MANLLEU'),
	(2041, 'CAIXA D\'ESTALVIS DE MANRESA'),
	(2042, 'CAIXA D\'ESTALVIS LAIETANA'),
	(2043, 'CAJA DE AHORROS DE MURCIA'),
	(2044, 'CAJA DE AHORROS DE NOVELDA'),
	(2045, 'CAJA DE AHORROS Y MONTE DE PIEDAD DE ONTINYENT'),
	(2046, 'CAJA DE AHORROS PROVINCIAL DE ORENSE'),
	(2047, 'CAJA DE AHORROS Y SOCORROS Y MONTE DE PIEDAD DE NUESTRA SEÑORA DE MONSERRATE'),
	(2048, 'CAJA DE AHORROS DE ASTURIAS'),
	(2049, 'CAJA DE AHORROS Y MONTE DE PIEDAD DE PALENCIA'),
	(2050, 'CAJA DE AHORROS Y PRESTAMOS DE PALENCIA'),
	(2051, 'CAJA DE AHORROS Y MONTE DE PIEDAD DE LAS BALEARES'),
	(2052, 'CAJA INSULAR DE AHORROS DE CANARIAS'),
	(2053, 'CAJA DE AHORROS Y MONTE DE PIEDAD MUNICIPAL DE PAMPLONA'),
	(2054, 'CAJA DE AHORROS Y MONTE DE PIEDAD DE NAVARRA'),
	(2055, 'CAJA DE AHORROS Y MONTE DE PIEDAD DE PLASENCIA'),
	(2056, 'COLONYA - CAIXA D\'ESTALVIS DE POLLENSA'),
	(2057, 'CAJA DE AHORROS PROVINCIAL DE PONTEVEDRA'),
	(2058, 'MONTE DE PIEDAD Y CAJA DE AHORROS DE RONDA'),
	(2059, 'CAIXA D\'ESTALVIS DE SABADELL'),
	(2060, 'CAJA DE AHORROS Y SOCORROS DE SAGUNTO'),
	(2061, 'CAJA DE AHORROS Y MONTE DE PIEDAD DE SALAMANCA'),
	(2062, 'CAJA DE AHORROS Y MONTE DE PIEDAD MUNICIPAL DE SAN SEBASTIAN'),
	(2063, 'CAJA DE AHORROS PROVINCIAL DE GUIPUZCOA'),
	(2064, 'CAJA DE AHORROS INSULAR DE LA PALMA'),
	(2065, 'CAJA GENERAL DE AHORROS DE CANARIAS'),
	(2066, 'CAJA DE AHORROS DE SANTANDER Y CANTABRIA'),
	(2067, 'CAJA DE AHORROS - MONTE DE PIEDAD DE SANTIAGO'),
	(2068, 'CAJA DE AHORROS Y MONTE DE PIEDAD DE SEGORBE'),
	(2069, 'CAJA DE AHORROS Y MONTE DE PIEDAD DE SEGOVIA'),
	(2070, 'MONTE DE PIEDAD Y CAJA DE AHORROS DE SEVILLA'),
	(2071, 'CAJA DE AHORROS PROVINCIAL SAN FERNANDO DE SEVILLA Y JEREZ'),
	(2072, 'CAJA GENERAL DE AHORROS Y PRESTAMOS DE LA PROVINCIA DE SORIA'),
	(2073, 'CAIXA D\'ESTALVIS DE TARRAGONA'),
	(2074, 'CAIXA D\'ESTALVIS DE TERRASSA'),
	(2075, 'CAJA DE AHORROS PROVINCIAL DE TOLEDO'),
	(2076, 'CAJA GENERAL DE AHORROS Y MONTE DE PIEDAD DE TORRENT'),
	(2077, 'CAJA DE AHORROS DE VALENCIA CASTELLON Y ALICANTE BANCAJA'),
	(2078, 'CAJA DE AHORROS POPULAR DE VALLADOLID'),
	(2079, 'CAJA DE AHORROS PROVINCIAL DE VALLADOLID'),
	(2080, 'CAIXA DE AFORROS DE VIGO OURENSE E PONTEVEDRA (CAIXANOVA)'),
	(2081, 'CAIXA D\'ESTALVIS DEL PENEDES'),
	(2082, 'CAJA DE AHORROS Y MONTE DE PIEDAD DE VITORIA'),
	(2083, 'CAJA PROVINCIAL DE AHORROS DE ALAVA'),
	(2084, 'CAJA DE AHORROS PROVINCIAL DE ZAMORA'),
	(2085, 'CAJA DE AHORROS Y MONTE DE PIEDAD DE ZARAGOZA ARAGON Y RIOJA (IBERCAJA)'),
	(2086, 'CAJA DE AHORROS DE LA INMACULADA DE ARAGON'),
	(2087, 'CAJA DE AHORROS PROVINCIAL DE LUGO'),
	(2088, 'CAJA POSTAL DE AHORROS'),
	(2089, 'CAJA PROVINCIAL DE AHORROS DE GRANADA'),
	(2090, 'CAJA DE AHORROS DEL MEDITERRANEO'),
	(2091, 'CAJA DE AHORROS DE GALICIA'),
	(2092, 'CAJA PROVINCIAL DE AHORROS DE JAEN'),
	(2093, 'CAJA DE AHORROS PROVINCIAL DE VALENCIA'),
	(2094, 'CAJA DE AHORROS Y MONTE DE PIEDAD DE AVILA'),
	(2095, 'BILBAO BIZKAIA KUTXA AURREZKI KUTXA ETA BAHITETXEA'),
	(2096, 'CAJA ESPAÑA DE INVERSIONES CAJA DE AHORROS Y MONTE DE PIEDAD'),
	(2097, 'CAJA DE AHORROS DE VITORIA Y ALAVA- ARABA ETA GASTEIZKO AURREZKI KUTXA'),
	(2098, 'MONTE DE PIEDAD Y CAJA DE AHORROS DE HUELVA Y SEVILLA'),
	(2099, 'CAJA DE AHORROS Y MONTE DE PIEDAD DE EXTREMADURA'),
	(2100, 'CAJA DE AHORROS Y PENSIONES DE BARCELONA'),
	(2101, 'CAJA DE AHORROS Y MONTE DE PIEDAD DE GIPUZKOA Y SAN SEBASTIAN'),
	(2102, 'CAJA DE AHORROS PROVINCIAL DE ALICANTE Y VALENCIA'),
	(2103, 'MONTES DE PIEDAD Y CAJA DE AHORROS DE RONDA CADIZ ALMERIA MALAGA Y ANTEQUERA (UNICAJA)'),
	(2104, 'CAJA DE AHORROS DE SALAMANCA Y SORIA'),
	(2105, 'CAJA DE AHORROS DE CASTILLA-LA MANCHA'),
	(2106, 'MONTE DE PIEDAD Y CAJA DE AHORROS SAN FERNANDO DE HUELVA JEREZ Y SEVILLA'),
	(3000, 'CAJA RURAL NACIONAL'),
	(3001, 'CAJA RURAL DE ALMENDRALEJO SOCIEDAD COOPERATIVA DE CREDITO'),
	(3002, 'CAJA RURAL DE BADAJOZ'),
	(3003, 'CAJA RURAL DEL BIERZO SDAD COOP CTO LTDA EN LIQUIDACION'),
	(3004, 'CAJA RURAL DEL MEDITERRANEO SDAD COOP CTO LTDA'),
	(3005, 'CAJA RURAL CENTRAL SOCIEDAD COOPERATIVA DE CREDITO'),
	(3006, 'CAJA RURAL PROVINCIAL DE PONTEVEDRA SDAD COOP CTO LTDA'),
	(3007, 'CAJA RURAL DE GIJON COOPERATIVA DE CREDITO'),
	(3008, 'CAJA RURAL DE NAVARRA S COOP DE CREDITO'),
	(3009, 'CAJA RURAL DE EXTREMADURA SOCIEDAD COOPERATIVA DE CREDITO'),
	(3010, 'CAJA RURAL PROVINCIAL DE BARCELONA SDAD COOP CATALANA CTO LTDA'),
	(3011, 'CAJA RURAL PROVINCIAL DE CACERES'),
	(3012, 'CAJA RURAL PROVINCIAL DE CADIZ SDAD COOP CTO LTDA EN LIQUIDACION'),
	(3013, 'CAJA RURAL PROVINCIAL DE AVILA SDAD COOP CTO LTDA EN LIQUIDACION'),
	(3014, 'CAJA RURAL PROVINCIAL DE GERONA SDAD COOP CTO LTDA'),
	(3015, 'CAJA RURAL DE LA RIOJA SDAD COOP CTO LTDA'),
	(3016, 'CAJA RURAL DE SALAMANCA SOCIEDAD COOPERATIVA DE CREDITO'),
	(3017, 'CAJA RURAL DE SORIA SOCIEDAD COOPERATIVA DE CREDITO'),
	(3018, 'CAJA RURAL REGIONAL SAN AGUSTIN FUENTE ALAMO MURCIA SOCIEDAD COOPERATIVA DE CREDITO'),
	(3019, 'SDAD COOP ANDALUZA CTO CAJA RURAL \'SAN JOSE\''),
	(3020, 'CAJA RURAL DE UTRERA SOCIEDAD COOPERATIVA ANDALUZA DE CREDITO'),
	(3021, 'CAJA RURAL DE ARAGON SOCIEDAD COOPERATIVA DE CREDITO'),
	(3022, 'CAJA RURAL DE FUENTEPELAYO SOCIEDAD COOPERATIVA DE CREDITO'),
	(3023, 'CAJA RURAL DE GRANADA SOCIEDAD COOPERATIVA DE CREDITO'),
	(3024, 'ACOFAR SOCIEDAD COOPERATIVA DE CREDITO LIMITADA'),
	(3025, 'CAIXA DE CREDIT DELS ENGINYERS- CAJA DE CREDITO DE LOS INGENIEROS S COOP DE CREDITO'),
	(3026, 'CAJA DE CREDITO INDUSTRIAL COOPERATIVO SOCIEDAD COOPERATIVA DE CREDITO LIMITADA'),
	(3027, 'CAJA DE CREDITO DE MADRID SOCIEDAD COOPERATIVA'),
	(3028, 'CAJA DE CREDITO MEDITERRANEA COOPERATIVA DE CREDITO'),
	(3029, 'CAJA DE CREDITO DE PETREL CAJA RURAL COOPERATIVA DE CREDITO VALENCIANA'),
	(3030, 'CAJA DE CREDITO SOCIAL COOPERATIVO'),
	(3031, 'CAJA DE CREDITO DEL SUR COOPERATIVA DE CREDITO'),
	(3032, 'CAJA DE CREDITO PARA LA VIVIENDA'),
	(3033, 'CAJA GENERAL DE CREDITO SOCIEDAD COOPERATIVA'),
	(3034, 'CAJA IBERICA DE CREDITO COOPERATIVO'),
	(3035, 'CAJA LABORAL POPULAR COOP DE CREDITO'),
	(3036, 'CAJA POPULAR DE CREDITO COOPERATIVO DE LEON'),
	(3037, 'CENTRAL DEL AHORRO POPULAR DE MADRID'),
	(3038, 'CENTRAL DEL AHORRO POPULAR DE SEVILLA'),
	(3039, 'CENTRAL DEL AHORRO POPULAR DE VALENCIA COOPERATIVA DE CREDITO'),
	(3040, 'COOPERATIVA CAJA HISPANA DE CREDITO'),
	(3041, 'COOPERATIVA DE CREDITO Y AHORRO DE BARCELONA'),
	(3042, 'COOPERATIVA DE CREDITO Y AHORRO SAN ALBERTO MAGNO EN LIQUIDACION'),
	(3043, 'CREDITO Y AHORRO SANITARIO SOCIEDAD COOPERATIVA'),
	(3044, 'COOPERATIVA DE CREDITO Y AHORRO DE LA 2ª AGRUPACION MEDICA'),
	(3045, 'CAIXA RURAL ALTEA COOPERATIVA DE CREDIT VALENCIANA'),
	(3046, 'COOPERATIVA DE CREDITO Y FOMENTO INDUSTRIAL'),
	(3047, 'COOPERATIVA DE CREDITO DE JAVEA'),
	(3048, 'CAJA DE CREDITO MUTUAL COOPERATIVA DE CREDITO'),
	(3049, 'CAJA DE CREDITO DE GRANOLLERS SOCIEDAD COOPERATIVA CATALANA DE CREDITO LIMITADA EN LIQUIDACION'),
	(3050, 'COOPERATIVA DE CREDITO Y AHORRO DE ENTREVIAS SCOOP'),
	(3051, 'CREDITO COOPERATIVO (CRECO)'),
	(3052, 'CAJA INTERPROVINCIAL DE CREDITO SOCIEDAD COOPERATIVA'),
	(3053, 'CREDITO Y PREVISION COOPERATIVA DE CREDITO'),
	(3054, 'CAJA GRUMECO S COOP DE CREDITO'),
	(3055, 'INSTITUTO ECONOMICO COOPERATIVO SOCIEDAD COOPERATIVA'),
	(3056, 'CAJA RURAL DE ALBACETE SOCIEDAD COOPERATIVA DE CREDITO'),
	(3057, 'CAJA RURAL ALICANTE S COOP DE CREDITO'),
	(3058, 'CAJAMAR CAJA RURAL SOCIEDAD COOPERATIVA DE CREDITO'),
	(3059, 'CAJA RURAL DE ASTURIAS SOCIEDAD COOPERATIVA DE CREDITO'),
	(3060, 'CAJA RURAL DE BURGOS SOCIEDAD COOPERATIVA DE CREDITO'),
	(3061, 'CAJA RURAL CREDICOOP S COOP DE CREDITO'),
	(3062, 'CAJA RURAL DE CIUDAD REAL SOCIEDAD COOPERATIVA DE CREDITO'),
	(3063, 'CAJA RURAL DE CORDOBA SOCIEDAD COOPERATIVA DE CREDITO'),
	(3064, 'CAJA RURAL DE CUENCA SOCIEDAD COOPERATIVA DE CREDITO'),
	(3065, 'CAJA RURAL DE HUELVA SOCIEDAD COOPERATIVA DE CREDITO'),
	(3066, 'CAJA RURAL DE HUESCA S COOP DE CREDITO'),
	(3067, 'CAJA RURAL DE JAEN BARCELONA Y MADRID SOCIEDAD COOPERATIVA DE CREDITO'),
	(3068, 'CAJA RURAL DE LEON SDAD COOP CTO LTDA'),
	(3069, 'CAIXA RURAL DE CATALUNYA SDAD COOP CATALANA CTO LTDA'),
	(3070, 'CAIXA RURAL GALEGA SOCIEDAD COOPERATIVA DE CREDITO LIMITADA GALLEGA'),
	(3071, 'CAJA RURAL PROVINCIAL DE MADRID SDAD COOP CTO LTDA'),
	(3072, 'CAJA RURAL DE MALAGA SOCIEDAD COOPERATIVA DE CREDITO'),
	(3073, 'CAJA RURAL PROVINCIAL DE MURCIA SDAD COOP CTO LTDA'),
	(3074, 'CAJA RURAL PROVINCIAL DE ORENSE SDAD COOP CTO LTDA'),
	(3075, 'CAJA RURAL PROVINCIAL SDAD COOP DE CTO AGRARIO LTDA DE REUS EN LIQUIDACION'),
	(3076, 'CAJASIETE CAJA RURAL SOCIEDAD COOPERATIVA DE CREDITO'),
	(3077, 'CAJA RURAL DE CANTABRIA SDAD COOP CTO LTDA EN LIQUIDACION'),
	(3078, 'CAJA RURAL DE SEGOVIA COOPERATIVA DE CREDITO'),
	(3079, 'CAJA RURAL DE SEVILLA S COOP DE CREDITO'),
	(3080, 'CAJA RURAL DE TERUEL SOCIEDAD COOPERATIVA DE CREDITO'),
	(3081, 'CAJA RURAL DE TOLEDO SOCIEDAD COOPERATIVA DE CREDITO'),
	(3082, 'CAJA RURAL DEL MEDITERRANEO RURALCAJA S COOP DE CREDITO'),
	(3083, 'CAJA RURAL DEL DUERO SDAD COOP CTO LTDA'),
	(3084, 'IPAR KUTXA RURAL S COOP DE CREDITO'),
	(3085, 'CAJA RURAL DE ZAMORA COOPERATIVA DE CREDITO'),
	(3086, 'CHJA RURAL PROVINCIAL DE PALENCIA SDAD COOP CTO LTDA'),
	(3087, 'COOPERATIVA DE CREDITO CAJA RURAL \'SAN MATEO\''),
	(3088, 'CAJA RURAL PROVINCIAL DE ALAVA SDAD COOP CTO LTDA'),
	(3089, 'CAJA RURAL DE BAENA NTRA SRA DE GUADALUPE SOCIEDAD COOPERATIVA DE CREDITO ANDALUZA'),
	(3090, 'CAJA RURAL COMARCAL DE CARRION DE LOS CONDES SDAD COOP CTO LTDA EN LIQUIDACION'),
	(3091, 'CAJA RURAL COMARCAL DE TALAVERA SDAD COOP CTO LTDA EN LIQUIDACION'),
	(3092, 'CAJA RURAL DE ZARAGOZA S COOP DE CREDITO'),
	(3093, 'CAJA RURAL DEL CAMPO DE CARIÑENA SDAD COOP CTO LTDA'),
	(3094, 'CAJA CAMPO CAJA RURAL S COOP DE CREDITO'),
	(3095, 'CAJA RURAL SAN ROQUE DE ALMENARA SCOOP DE CREDITO V'),
	(3096, 'CAIXA RURAL DE L\'ALCUDIA SOCIEDAD COOPERATIVA VALENCIANA DE CREDITO'),
	(3097, 'CAJA DE PROMOCION Y CREDITO SOCIEDAD COOPERATIVA LIMITADA'),
	(3098, 'CAJA RURAL NTRA SRA DEL ROSARIO SOCIEDAD COOPERATIVA ANDALUZA DE CREDITO'),
	(3099, 'COOPERATIVA DE CREDITO CAJA RURAL DEL VALLE DE AYORA'),
	(3100, 'CAJA RURAL DE CARCAIXENT COOP CTO VALENCIANA'),
	(3101, 'SOCIEDAD COOP CTO AGRARIO LTDA CAJA RURAL DE LA MANCHA'),
	(3102, 'CAIXA RURAL SANT VICENT FERRER DE LA VALL D\'UIXO COOP DE CREDIT V'),
	(3103, 'CAJA RURAL DEL PIRINEO SDAD COOP CTO LTDA'),
	(3104, 'CAJA RURAL DE CAÑETE DE LAS TORRES NTRASRADEL CAMPO SOCIEDAD COOPERATIVA ANDALUZA DE CREDITO'),
	(3105, 'CAIXA RURAL DE CALLOSA D\'EN SARRIA COOPERATIVA DE CREDITO VALENCIANA'),
	(3106, 'CAJA RURAL DE CTO DE LA COOP COMARCAL DE AVICULTURA DE REUS SDAD COOP CATALANA DE CTO LTDA'),
	(3107, 'CAJA RURAL LOS PEDROCHES SOCIEDAD COOPERATIVA DE CREDITO'),
	(3108, 'CAJA RURAL SAN ANTONIO DE BENICASIM S COOP DE CREDITO V'),
	(3109, 'SDAD COOP CTO AGRARIO CAJA RURAL DE FUENTES DE LEON'),
	(3110, 'CAJA RURAL CATOLICO AGRARIA S COOP DE CREDITO V'),
	(3111, 'CAIXA RURAL LA VALL \'SAN ISIDRO\' SOCIEDAD COOPERATIVA DE CREDITO VALENCIANA'),
	(3112, 'CAJA RURAL SAN JOSE DE BURRIANA S COOP DE CREDITO V'),
	(3113, 'CAJA RURAL SAN JOSE DE ALCORA S COOP DE CREDITO V'),
	(3114, 'CAJA RURAL CASTELLON - S ISIDRO S COOP DE CREDITO V'),
	(3115, 'CAJA RURAL \'NUESTRA MADRE DEL SOL\' S COOP ANDALUZA DE CREDITO'),
	(3116, 'CAJA RURAL COMARCAL DE MOTA DEL CUERVO SDAD COOP LTDA CTO AGRARIO'),
	(3117, 'CAIXA RURAL D\'ALGEMESI S COOP V DE CREDIT'),
	(3118, 'CAIXA RURAL TORRENT COOPERATIVA DE CREDIT VALENCIANA'),
	(3119, 'CAJA RURAL SAN JAIME DE ALQUERIAS NIÑO PERDIDO S COOP DE CREDITO V'),
	(3121, 'CAJA RURAL DE CHESTE SOCIEDAD COOPERATIVA DE CREDITO'),
	(3122, 'COOPERATIVA DE CREDITO CAJA RURAL \'NUESTRA SEÑORA DE LOS ANGELES\''),
	(3123, 'CAIXA RURAL DE TURIS COOPERATIVA DE CREDITO VALENCIANA'),
	(3124, 'CAJA RURAL DE GODELLETA COOPERATIVA CREDITO VALENCIANA'),
	(3125, '(COOPERATIVA DE CREDITO AGRICOLA) \'CAJA RURAL DE ALMANSA\''),
	(3126, 'CAJA RURAL DE CENIZATE SDAD COOP CTO LTDA EN LIQUIDACION'),
	(3127, 'CAJA RURAL DE CASAS IBAÑEZ S COOP DE CREDITO DE CASTILLA-LA MANCHA'),
	(3128, 'CAJA RURAL DE LA RODA SOCIEDAD COOPERATIVA DE CREDITO DE CASTILLA LA MANCHA'),
	(3129, 'CAIXA RURAL SEGRE-CINCA SDAD COOP CATALANA CTO LTDA'),
	(3130, 'CAJA RURAL SAN JOSE DE ALMASSORA S COOP DE CREDITO V'),
	(3131, 'CAJA RURAL SAN JOSE DE ARTANA COOP CTO VALENCIANA'),
	(3132, 'COOPERATIVA DE CREDITO CAJA RURAL \'SAN MARTIN\' DE SAN MARTIN DE UNX'),
	(3133, 'CAJA RURAL COOPERATIVA DE CREDITO DE HOYOCASERO'),
	(3134, 'CAJA RURAL NUESTRA SEÑORA DE LA ESPERANZA DE ONDA S COOP DE CREDITO V'),
	(3135, 'CAJA RURAL SAN JOSE DE NULES S COOP DE CREDITO V'),
	(3136, 'CAJA RURAL DE SAX MONTAÑA Y VINALOPO SDAD COOP LTDA'),
	(3137, 'CAJA RURAL DE CASINOS S COOP DE CREDITO V'),
	(3138, 'CAJA RURAL DE BETXI S COOP DE CREDITO V'),
	(3139, 'CAJA RURAL DE ARENAS DE SAN PEDRO SDAD COOP CTO LTDA'),
	(3140, 'CAJA RURAL DE GUISSONA SOCIEDAD COOPERATIVA DE CREDITO'),
	(3141, 'CAIXA RURAL PENEDES-GARRAF SDAD COOP CATALANA CTO LTDA'),
	(3142, 'SOCIEDAD COOPERATIVA LIMITADA DE CREDITO AGRARIO CAJA RURAL DE ALMENAR'),
	(3143, 'CAJA RURAL CITRICOLA SDAD COOP CTO LTDA'),
	(3144, 'CAJA RURAL DE VILLAMALEA S COOP DE CREDITO AGRARIO DE CASTILLA-LA MANCHA'),
	(3145, 'CAJA INTERPROFESIONAL DE CREDITO SOCIEDAD COOPERATIVA DE CREDITO LIMITADA'),
	(3146, 'CAJA DE CREDITO COOPERATIVO SOCIEDAD COOPERATIVA DE CREDITO'),
	(3147, 'CAIXA RURAL DE BALEARS S COOP DE CREDITO'),
	(3148, 'CAJA RURAL PROVINCIAL DE LA CORUÑA SDAD COOP CTO LTDA'),
	(3149, 'CAJA DE INVERSION SOCIEDAD COOPERATIVA DE CREDITO LIMITADA'),
	(3150, 'CAJA RURAL DE ALBAL COOPERATIVA CREDITO VALENCIANA'),
	(3151, 'CAJA PRIVADA DE CREDITO SOCIEDAD COOPERATIVA LIMITADA'),
	(3152, 'CAJA RURAL DE VILLAR COOP DE CREDITO V'),
	(3153, 'CAJA RURAL COOPERATIVA DE CREDITO DE PEDRO BERNARDO'),
	(3154, 'CAJA RURAL DE LA CARLOTA SDAD COOP ANDALUZA CTO LTDA (EN LIQUIDACION)'),
	(3155, 'CAJA RURAL DE MONCOFAR COOPERATIVA CREDITO VALENCIANA'),
	(3156, 'CAJA RURAL\'NUESTRA SEÑORA DE LA ASUNCION\' DE SONEJA COOPERATIVA CREDITO VALENCIANA'),
	(3157, 'CAJA RURAL LA JUNQUERA DE CHILCHES S COOP DE CREDITO V'),
	(3158, 'CAJA RURAL \'SAN FELIPE NERI\' DE LA LLOSA COOPERATIVA CREDITO VALENCIANA'),
	(3159, 'CAIXA POPULAR-CAIXA RURAL S COOP DE CREDITO V'),
	(3160, 'CAIXA RURAL SANT JOSEP DE VILAVELLA S COOP DE CREDITO V'),
	(3161, 'CAJA RURAL SAN FORTUNATO SDAD COOP CATALANA CTO LTDA'),
	(3162, 'CAIXA RURAL BENICARLO S COOP DE CREDIT V'),
	(3163, 'CAJA RURAL NUESTRA SEÑORA DEL BUENSUCESO DE CABANES S COOP DE CREDITO V'),
	(3164, 'CAJA RURAL SAN ISIDRO DE TORREBLANCA COOPERATIVA CREDITO VALENCIANA'),
	(3165, 'CAJA RURAL SAN ISIDRO DE VILAFAMES S COOP DE CREDITO V'),
	(3166, 'CAIXA RURAL LES COVES DE VINROMA S COOP DE CREDIT V'),
	(3167, 'CAJA RURAL SAN JUAN BAUTISTA DE SAN JUAN DE MORO COOPERATIVA CREDITO VALENCIANA'),
	(3168, 'CAJA RURAL DE MONTROY COOPERATIVA CREDITO VALENCIANA'),
	(3169, 'COBANEXPO SDAD COOP CTO LTDA'),
	(3170, 'CAJA RURAL \'SAN FELIPE NERI\' DE USERAS SDAD COOP CTO LTDA'),
	(3171, 'CAIXA DELS ADVOCATS-CAJA DE LOS ABOGADOS S COOP DE CREDITO'),
	(3172, 'CAJA CAMINOS SOCIEDAD COOPERATIVA DE CREDITO'),
	(3173, 'CAJA RURAL PROVINCIAL DE GUADALAJARA SDAD COOP CTO LTDA'),
	(3174, 'CAIXA RURAL VINAROS S COOP DE CREDIT V'),
	(3175, 'CAJA RURAL LA CAMARA DE CASTELLON COOPERATIVA CREDITO VALENCIANA'),
	(3176, 'CAJA LABORAL Y EMPRESARIAL DE SALAMANCA SOCIEDAD COOPERATIVA DE CREDITO LIMITADA'),
	(3177, 'CAJA RURAL DE CANARIAS SOCIEDAD COOPERATIVA DE CREDITO'),
	(3178, 'CAJA DE PROMOCION COMERCIAL DE LA CORUÑA SOCIEDAD COOPERATIVA DE CREDITO LIMITADA EN LIQUIDACION'),
	(3179, 'CAJA RURAL DE ALGINET SOCIEDAD COOPERATIVA CREDITO VALENCIANA'),
	(3180, 'CENTRAL DE CAJAS RURALES SDAD COOP CTO LTDA'),
	(3181, 'CAJA DE ELCHE CAJA RURAL COOPERATIVA DE CREDITO VALENCIANA'),
	(3182, 'CAJA RURAL LA FERTILIZADORA DE CASTELLON COOPERATIVA CREDITO VALENCIANA'),
	(3183, 'CAJA DE ARQUITECTOS S COOP DE CREDITO'),
	(3184, 'CAJA DE CREDITO DE ALCOY COOPERATIVA DE CREDITO VALENCIANA (EN LIQUIDACION)'),
	(3185, 'CAIXA CATALONIA DE CREDIT SDAD COOP CATALANA LTDA'),
	(3186, 'CAIXA RURAL ALBALAT DELS SORELLS COOPERATIVA DE CREDIT VALENCIANA'),
	(3187, 'CAJA RURAL DEL SUR S COOP DE CREDITO'),
	(3188, 'CREDIT VALENCIA CAJA RURAL COOPERATIVA DE CREDITO VALENCIANA'),
	(3189, 'CAJA RURAL ARAGONESA Y DE LOS PIRINEOS S COOP DE CREDITO'),
	(4001, 'CREDIPAS SA SMMD'),
	(4002, 'SOCIEDAD DE INTERMEDIACION DE ACTIVOS FINANCIEROS'),
	(4003, 'SOCIEDAD ANONIMA SAITORI SMMD'),
	(4004, 'INTERMEDIACION DE ACTIVOS SA (INTERACTIVOS)'),
	(4005, 'SOCIEDAD ANONIMA MEDIACION DINERO - - SAMEDI'),
	(4006, 'IBERICA DE DESCUENTO SA \'DESCONTIBER\''),
	(4007, 'IBERDEALER SA'),
	(4008, '4B DE INTERMEDIACION SA SMMD'),
	(4009, 'SERVICIOS MONETARIOS Y BURSATILES SA'),
	(4010, 'MEBAN SA SOCIEDAD MEDIADORA EN EL MERCADO DE DINERO'),
	(4011, 'FINESOR SOCIEDAD ANONIMA DE FINANCIACION Y TESORERIA'),
	(4012, 'AB ASESORES BURSATILES DEUDA PUBLICA SA'),
	(4013, 'DINVERSIT SOCIEDAD MEDIADORA MERCADO DINERO SA'),
	(4301, 'SOCIEDAD DE TASACION SA'),
	(4302, 'TASACIONES HIPOTECARIAS SA'),
	(4303, 'HISPANIA DE PERITAJES SA'),
	(4304, 'TASIBERICA SA'),
	(4305, 'TASACIONES MADRID SA'),
	(4307, 'SERVICIOS VASCOS DE TASACIONES SA'),
	(4308, 'TASACIONES Y PERITAJES SA'),
	(4309, 'ASESORIA DE INVERSIONES INMOBILIARIAS SA'),
	(4310, 'CATALANA INTERNACIONAL DE VALORACIONES SA'),
	(4311, 'VALTECNIC SA'),
	(4312, 'TASVALOR SA'),
	(4313, 'TASACIONES INMOBILIARIAS SA (TINSA)'),
	(4314, 'VASA VALORACIONES SA'),
	(4315, 'TECNICOS EN TASACION SA (TECNITASA)'),
	(4316, 'AMERICAN APPRAISAL ESPAÑA SA'),
	(4317, 'TASACIONES Y VALORACIONES DE GALICIA SA'),
	(4318, 'COVIVIENDAS SA'),
	(4319, 'PRODING AUDISER SA'),
	(4320, 'TASACIONES DE BIENES MEDITERRANEO SA'),
	(4321, 'GTT SOCIEDAD ANONIMA DE PERITACIONES'),
	(4322, 'CONSULTTASA SA'),
	(4323, 'KRATA SA'),
	(4324, 'GENERAL DE TASACIONES SA'),
	(4325, 'ARPLAN - TASAVALOR SA'),
	(4326, 'TASACIONES Y VALORACIONES SA'),
	(4327, 'INTERTECNICA DE VALORACIONES Y PATRIMONIOS SA'),
	(4328, 'INTERNACIONAL DE TRANSACCIONES Y SERVICIOS SA (INTRASER)'),
	(4329, 'INMOBILIARIA DE PROMOCIONES Y ARRIENDOS SA (IMPROASA)'),
	(4330, 'INVERCAME II SA SOCIEDAD DE TASACION'),
	(4331, 'ALCEN SA SOCIEDAD DE TASACION'),
	(4332, 'REVER NUNELL SA SOCIEDAD DE TASACION'),
	(4333, 'SERIN SERVICIOS INMOBILIARIOS SA'),
	(4334, 'IV INTERVALOR SA'),
	(4335, 'BEX TASACIONES SA'),
	(4336, 'VALORACIO D\' ACTIUS SA'),
	(4337, 'VALTEC SA'),
	(4338, 'GESBISA GESTORA DE BIENES Y TASACIONES SA'),
	(4339, 'TASACIONES VALORACIONES Y SERVICIOS SA'),
	(4340, 'TASACIONES Y SUBASTAS DEL DUERO SA'),
	(4341, 'TASACIONES Y EVALUACIONES SA (TYE SA)'),
	(4342, 'INFORMACIO CARTOGRAFICA I DE BASE SA'),
	(4343, 'URBANIZACIONES ARQUITECTURA E INGENIERIA SA (URBAISA)'),
	(4344, 'VALORACIONES ARMANDO ROJO SA'),
	(4345, 'CORPORACION GENERAL DE ESTUDIO Y GESTION SA'),
	(4347, 'TECVA SA'),
	(4348, 'TASACIONES Y VALORACIONES ASTURIANAS SA'),
	(4349, 'ZEHAZKI SA'),
	(4350, 'VALORACIONES MEDITERRANEO SA'),
	(4351, 'TASAHIPOTECARIA SA SOCIEDAD DE TASACION'),
	(4352, 'TASACIONES Y VALORACIONES INMOBILIARIAS SA (TAVINSA)'),
	(4353, 'VALORACIONES Y TASACIONES SA (VALTASA)'),
	(4354, 'SPANIA TASACIONES SA'),
	(4355, 'GESTORA ASOCIADA SA'),
	(4356, 'HISPANIA DE TASACIONES INMOBILIARIAS SA'),
	(4357, 'EURO APPRAISAL SA'),
	(4358, 'TASACIONES ANDALUZAS SA'),
	(4359, 'INMOSEGUROS TASACION SA'),
	(4360, 'C-22 SA'),
	(4361, 'TASACIONES Y PRESUPUESTOS SA'),
	(4362, 'SOLUCIONES Y DISEÑOS SA'),
	(4363, 'GENERAL DE VALORACIONES SA'),
	(4364, 'IBERICA DE TASACIONES SA'),
	(4365, 'SOCIEDAD ESPAÑOLA DE VALORACIONES SA'),
	(4366, 'TASATECNI SA EN LIQUIDACION'),
	(4367, 'GABINETE DE TASACIONES INMOBILIARIAS SA'),
	(4368, 'COMPAÑIA HISPANIA DE TASACIONES Y VALORACIONES SA'),
	(4369, 'ESTUDIOS Y PROYECTOS TECNICOS INDUSTRIALES SA SOCIEDAD DE TASACION (EPTISA)'),
	(4370, 'MHP TASACIONES SA'),
	(4371, 'STV SOCIEDAD DE TASACIONES Y VALORACIONES SA'),
	(4372, 'MURCIANA DE TASACIONES SA'),
	(4373, 'TASACIONES MALAGA SA'),
	(4374, 'COMA TASACIONES Y VALORACIONES SA'),
	(4375, 'VALUE SA'),
	(4376, 'TASACIONES URBANAS SA'),
	(4377, 'TASACIONES DEL SURESTE SA'),
	(4378, 'TASACIONES CUANTO SA'),
	(4379, 'GECOPINSA TASACIONES SA'),
	(4380, 'EXPERTISE SA'),
	(4381, 'TASACIONES Y SERVICIOS INMOBILIARIOS SA'),
	(4382, 'VALOR FISCAL SA'),
	(4383, 'TASABALEAR SA'),
	(4384, 'ASISTENCIA INMOBILIARIA DE VALORACIONES Y TASACIONES SA'),
	(4385, 'EUROTASA SA'),
	(4386, 'CONTINENTAL DE TASACIONES SA'),
	(4387, 'VALORACIONES PATRIMONIALES SA'),
	(4388, 'EUROVALORACIONES SA'),
	(4389, 'PARKHABITA TASACIONES SA'),
	(4390, 'GETA SA'),
	(4391, 'INVERAPPRAISAL SA'),
	(4392, 'VALORACIONES Y TASACIONES HIPOTECARIAS SA'),
	(4393, 'VATPE SA'),
	(4394, 'EDMUNDO HERNANDO MORON SOCIEDAD DE TASACIONES SA'),
	(4395, 'TRAVER Y ASOCIADOS DE VALORACIONES SA'),
	(4396, 'TASACIONES VALENCIA SA'),
	(4397, 'INSTITUTO DE TASACIONES INFORMATIZADAS SA'),
	(4398, 'GABINETE DE TASACIONES E-3 SA'),
	(4399, 'ASSETS VALUATION ADVISERS SA'),
	(4400, 'TASACIONES Y CONSULTORIA SA'),
	(4401, 'GABINETE DE VALORACIONES SA'),
	(4402, 'ENTIDAD DE TASACIONES SA'),
	(4403, 'INTA SOCIEDAD ANONIMA SOCIEDAD DE TASACIONES'),
	(4404, 'ARQUITASA SOCIEDAD DE TASACIONES DE LOS COLEGIOS DE ARQUITECTOS DE ESPAÑA SA'),
	(4405, 'IBERAPPRAISAL SA'),
	(4406, 'ALIA TASACIONES SA'),
	(4407, 'INFORMATICA Y VALORACIONES SA'),
	(4408, 'TASACIONES ORFE SA'),
	(4409, 'TASACIONES 92 SA'),
	(4410, 'TASACIONES APPRAISE SA'),
	(4411, 'PENIBETICA DE TASACIONES SA'),
	(4412, 'EXPERTASA - EXPERTOS INMOBILIARIOS DE TASACIONES SA'),
	(4413, 'ISLEÑA DE TASACIONES SA'),
	(4414, 'CIS - TASACION SA'),
	(4415, 'L & L SOCIEDAD DE TASACION SA'),
	(4416, 'ARCO VALORACIONES SA'),
	(4417, 'TASACIONES LAGO SA'),
	(4418, 'INTEMAC AUDIT SA'),
	(4419, 'BALSUAR SA'),
	(4420, 'REGULATION WORLD SA'),
	(4421, 'NORTASA DE VALORACIONES SA'),
	(4422, 'IBERTASA SA'),
	(4423, 'GURRUCHAGA TASACIONES SA'),
	(4424, 'INFORMES Y TASACIONES INITASA SA'),
	(4425, 'TASACIONES 2000 SA'),
	(4426, 'CARBALLO SOCIEDAD ANONIMA DE TASACIONES'),
	(4427, 'TASACIONES RUBIO AGUIRRE SA'),
	(4428, 'CONSULTING DE TASACIONES SA'),
	(4429, 'TASADORA DEL MEDITERRANEO SA'),
	(4430, 'ENTITAT DE TAXACIONS VALORACIONS I PERITATGES SA'),
	(4431, 'TASACIONES EP SA'),
	(4432, 'VALTASAR SOCIEDAD DE TASACIONES SA'),
	(4433, 'IBERTASA IBERO TASACIONES SA'),
	(4434, 'TECGLEN TASACIONES SA'),
	(4435, 'TASACIONES BANCARIAS SA'),
	(4436, 'AUDIVALOR SA'),
	(4437, 'GRUPO IDEARQ SA'),
	(4438, 'SESTASA - SOCIEDAD ESTATAL DE TASACIONES SA'),
	(4439, 'VALUERS 15 SOCIEDAD ANONIMA'),
	(4440, 'ARQUITECTURA Y TASACIONES SA'),
	(4441, 'INTERGER TASACIONES SA'),
	(4442, 'MEDITERRANEA DE TASACIONES SA'),
	(4443, 'VALORACIONES SURESTE SA'),
	(4444, 'LKS TASACIONES SA'),
	(4445, 'UNIVERSAL DE TASACION SA'),
	(4446, 'AFES TECNICAS DE TASACION SA'),
	(4447, 'OFICINA DE TASACIONES SA'),
	(4448, 'GRUPO TASVALOR SA'),
	(4449, 'TASACIONES ROMA SA'),
	(4450, 'GALTIER FRANCO IBERICA SA'),
	(4451, 'VRUE VALORACION GLOBAL SA'),
	(4452, 'FITASA SA'),
	(4453, 'VALORACION DE BIENES SA'),
	(4454, 'EUROLAR SOCIEDAD ANONIMA'),
	(4455, 'GESTION DE VALORACIONES Y TASACIONES SA'),
	(4456, 'RISC VALOR SA'),
	(4457, 'ABBEY NATIONAL VALORACION SA'),
	(4458, 'I-V TASACIONES SA'),
	(4459, 'TASACIONES HIPOTECARIAS RENTA SA'),
	(4460, 'ABRIL CIA DE VALORACIONES SA'),
	(4461, 'TASARAGON SA'),
	(4462, 'COLLECTIU ARQUITECTES TAXADORS SA'),
	(4463, 'TASACIONES LOPEZ LOIZAGA SA'),
	(4464, 'TASAWOR SA'),
	(4465, 'AB TASACIONES SA'),
	(4466, 'TACEIN SA'),
	(4467, 'EUROPEA GENERAL DE VALORACIONES SA'),
	(4468, 'TASACIONES - 7 SA'),
	(4469, 'EXPERTOS INDEPENDIENTES-TASADORES SOCIEDAD ANONIMA'),
	(4470, 'BARNA-TASA SA'),
	(4471, 'TASACIONES INSULARES SOCIEDAD ANONIMA'),
	(4472, 'VALORACIONES FRASER SA'),
	(4473, 'REALTY VALORACIONES Y TASACIONES SA'),
	(4474, 'SOCIEDAD INTEGRAL DE VALORACIONES AUTOMATIZADAS SA'),
	(4475, 'TASATRES SA'),
	(4476, 'VALORACIONES TOLEDO SOCIEDAD ANONIMA'),
	(4477, 'LEVANTINA DE TASACIONES SOCIEDAD ANONIMA'),
	(4478, 'VALORACIONES Y PERITACIONES GTS TASACIONES LEVANTE SA'),
	(4479, 'TASACIONES REUNIDAS SA'),
	(4480, 'CENTRO DE TASACIONES DEL INSTITUTO ESPAÑOL DE FOMENTO INDUSTRIAL SA'),
	(4481, 'TASAR Y VALORAR XXI SA'),
	(4482, 'GESTION DE TASACIONES INMOBILIARIAS SA'),
	(4483, 'EQUIPO TASACIONES-22 SA'),
	(4484, 'PERITACIONES Y TASACIONES PERITAX SA'),
	(4485, 'HISPANO EUROPEA DE TASACIONES SA'),
	(4486, 'COMPAÑIA CASTELLANO LEONESA DE TASACIONES SA'),
	(4487, 'NORMA VALORACIONES SA'),
	(4488, 'COMPAÑIA DE MEDIOS Y SERVICIOS DE TASACION SA'),
	(4489, 'VALENCIA TERRA VT SOCIEDAD DE TASACIONES INMOBILIARIAS SA'),
	(4490, 'INNOTASA SA'),
	(4491, 'GLOBAL GESTION DE TASACIONES SA'),
	(4492, 'INTERVALOR CONSULTING GROUP SA'),
	(4493, 'INFORMES Y VALORACIONES MEDITERRANEAS SOCIEDAD ANONIMA'),
	(4494, 'TASASUR SOCIEDAD DE TASACIONES SA'),
	(4495, 'EBROTASA SA'),
	(4496, 'TASACIONES DEL MARCO DE ESPAÑA SOCIEDAD ANONIMA'),
	(4497, 'THADER VALORACIONES SA'),
	(4701, 'HISPANO ORIX LEASING SA'),
	(4702, 'URQUIJO LEASING SOCIEDAD ANONIMA SOCIEDAD DE ARRENDAMIENTO FINANCIERO'),
	(4703, 'LISBAN SA COMPAÑIA DE LEASING'),
	(4704, 'VOLKSWAGEN LEASING SA ESTABLECIMIENTO FINANCIERO DE CREDITO'),
	(4705, 'COMPAÑIA ESPAÑOLA DE FINANCIACION Y LEASING SA'),
	(4706, 'CATERPILLAR FINANCIAL CORPORACION FINANCIERA SOCIEDAD ANONIMA ESTABLECIMIENTO FINANCIERO CREDITO'),
	(4707, 'BBV LEASING SA'),
	(4708, 'INTERLEASING ESTABLECIMIENTO FINANCIERO DE CREDITO SOCIEDAD ANONIMA'),
	(4709, 'ING LEASE (ESPAÑA) EFC SA'),
	(4710, 'IBERLEASING SA'),
	(4711, 'TECNILEASING SA'),
	(4712, 'CITILEASE INTERNACIONAL SA SOCIEDAD DE ARRENDAMIENTO FINANCIERO (CITILISA)'),
	(4713, 'LICO LEASING SA ESTABLECIMIENTO FINANCIERO DE CREDITO'),
	(4714, 'SLIBAIL IBERICA SA'),
	(4715, 'LISFINA SOCIEDAD ANONIMA'),
	(4716, 'LEASECAPITAL SA'),
	(4717, 'LEASING INTERNACIONAL SA'),
	(4718, 'COMPAÑIA INTERNACIONAL DE FINANCIACION SA'),
	(4719, 'BANSABADELL LEASING EFC SA'),
	(4720, 'HISPAMER LEASING SOCIEDAD DE ARRENDAMIENTO FINANCIERO SA'),
	(4721, 'BANESTO LEASING SOCIEDAD DE ARRENDAMIENTO FINANCIERO SA'),
	(4722, 'COPEN LEASING SA'),
	(4723, 'BARCELONESA DE LEASING SOCIEDAD ANONIMA SAF'),
	(4724, 'RENTEQUIPO SA'),
	(4725, 'FORD LEASING SOCIEDAD DE ARRENDAMIENTO FINANCIERO SA'),
	(4726, 'ACCORDIA ESPAÑA SA ESTABLECIMIENTO FINANCIERO DE CREDITO'),
	(4727, 'EUROPA DE INVERSIONES Y LEASING SA'),
	(4728, 'BEX LEASING SA SAF'),
	(4729, 'EQUIPAMIENTO PROFESIONAL ENTIDAD DE LEASING SA'),
	(4730, 'FINANCO LEASING ENTIDAD DE ARRENDAMIENTO FINANCIERO SA'),
	(4731, 'LEASING INMOBILIARIO SOCIEDAD ANONIMA'),
	(4732, 'GESAF LEASING SA'),
	(4733, 'INFOLEASING ESTABLECIMIENTO FINANCIERO DE CREDITO SA'),
	(4734, 'PROMOLEASING SA'),
	(4735, 'INTERNATIONALE NEDERLANDEN LEASE INMUEBLES SOCIEDAD DE ARRENDAMIENTO FINANCIERO SA'),
	(4736, 'ARRENDAMIENTOS FINANCIEROS INMOBILIARIOS SA'),
	(4737, 'MORGAN LEASING SA'),
	(4738, 'LEASING CONSULT SA'),
	(4739, 'ARAGONESA DE LEASING SOCIEDAD ANONIMA SAF'),
	(4740, 'ARABE ESPAÑOLA DE LEASING SA -EFC-'),
	(4741, 'MENHIR LEASING SA SAF'),
	(4742, 'ESPIRITO SANTO LEASING SA EFC'),
	(4743, 'FOCRE - LEASING SA'),
	(4744, 'EUROLEASE IBERICA SA'),
	(4745, 'PASTOR SKANDIC LEASING SA'),
	(4746, 'CHEMICAL LEASING SOCIEDAD ANONIMA ESPAÑOLA SAF'),
	(4747, 'GE CAPITAL LEASING SOCIEDAD DE ARRENDAMIENTO FINANCIERO SA'),
	(4748, 'CONSORCIO NACIONAL DEL LEASING SA'),
	(4749, 'PSA LEASING ESPAÑA SA EFC'),
	(4750, 'BARCLAYS LEASING SA'),
	(4751, 'LISIN SA'),
	(4752, 'BANKINTER LEASING SOCIEDAD DE ARRENDAMIENTO FINANCIERO SA'),
	(4753, 'EDAMLEASING EFC SA'),
	(4754, 'LEASHOTEL SA'),
	(4755, 'SECURITY PACIFIC LEASING SOCIEDAD ANONIMA DE ARRENDAMIENTO FINANCIERO'),
	(4756, 'NMB LEASE ESPAÑA SOCIEDAD DE ARRENDAMIENTO FINANCIERO SA'),
	(4757, 'BANSALEASE SA ESTABLECIMIENTO FINANCIERO DE CREDITO'),
	(4758, 'LEASEBANESTO SOCIEDAD DE ARRENDAMIENTO FINANCIERO SA'),
	(4759, 'MASTER LEASING SA'),
	(4760, 'CHASE LEASING SA'),
	(4761, 'IBM FINANCIACION EFC SA'),
	(4762, 'LLOYDS LEASING ESPAÑA SA'),
	(4763, 'CENTROBAN LEASING SA'),
	(4764, 'MARLEASING SA'),
	(4765, 'LEASE PLAN ESPAÑA SA ESTABLECIMIENTO FINANCIERO DE CREDITO'),
	(4766, 'LEASING TURISTICO SAF SA'),
	(4767, 'CAIXALEASING Y FACTORING ESTABLECIMIENTO FINANCIERO DE CREDITO SA'),
	(4768, 'LEASINGPENSIONS SA SOCIEDAD DE ARRENDAMIENTO FINANCIERO'),
	(4769, 'LEASING BANZANO SA (LISBANZANO)'),
	(4770, 'GMAC ESPAÑA SOCIEDAD ANONIMA OPEL LEASING EFC'),
	(4771, 'NATWEST LEASING SA SOCIEDAD DE ARRENDAMIENTO FINANCIERO'),
	(4772, 'CELISING ESTABLECIMIENTO FINANCIERO DE CREDITO SA'),
	(4773, 'MULTILEASING SA'),
	(4774, 'EFSA DE LEASING SA'),
	(4775, 'LEASING BANCOTRANS SOCIEDAD DE ARRENDAMIENTO FINANCIERO SA'),
	(4776, 'ECOFINANCE ESPAÑA ESTABLECIMIENTO FINANCIERO DE CREDITO SA'),
	(4777, 'MARCH LEASING SA'),
	(4778, 'LEASING ORDENADORES SA'),
	(4779, 'LEASING CATALUNYA ESTABLECIMIENTO FINANCIERO DE CREDITO SA'),
	(4780, 'BANLEASING SA'),
	(4781, 'SVENSKA FINANS ESPAÑA SOCIEDAD ANONIMA SAF'),
	(4782, 'CREDIDUERO SA ESTABLECIMIENTO FINANCIERO DE CREDITO'),
	(4783, 'NC LEASING SA'),
	(4784, 'TRANSOLVER FINANCE ESTABLECIMIENTO FINANCIERO DE CREDITO SA'),
	(4785, 'INVHERLEASING SOCIEDAD DE ARRENDAMIENTO FINANCIERO SA'),
	(4786, 'EMPRESARIAL CATALANA DE LEASING SOCIEDAD ANONIMA'),
	(4787, 'OFIMATICA LEASING SA'),
	(4788, 'AROLEASING ESTABLECIMIENTO FINANCIERO DE CREDITO SA'),
	(4789, 'H SANTOS ESTABLECIMIENTO FINANCIERO DE CREDITO SA'),
	(4790, 'INVES-LEASING SA SAF'),
	(4791, 'COFISA LEASING SA'),
	(4792, 'BURNHILL LEASING ESPAÑOLA SA'),
	(4793, 'MADIBERG SA'),
	(4794, 'NISSAN LEASING SOCIEDAD ANONIMA ESTABLECIMIENTO FINANCIERO DE CREDITO'),
	(4795, 'MEDITERRAN-LEASING SA'),
	(4796, 'DAF COMPAÑIA DE LEASING SA'),
	(4797, 'SANTANDER LEASE SA ESTABLECIMIENTO FINANCIERO DE CREDITO'),
	(4798, 'SEUR LEASING SA'),
	(4799, 'MERCEDES-BENZ FINANCIAL SERVICES ESPAÑA EFC SA'),
	(4800, 'LISTRADE SA'),
	(4801, 'SANITARIA LEASING SA'),
	(4802, 'LEASING MASPALOMAS SA'),
	(4803, 'SYNERLEASE IBERICA SA'),
	(4804, 'LEASCAR SA'),
	(4805, 'SANPAOLO EIVILEASING SA ESTABLECIMIENTO FINANCIERO DE CREDITO'),
	(4806, 'SOFILEASING SA'),
	(4807, 'BBL LEASING ESPAÑA SA'),
	(4808, 'CAPITAL LEASING SA'),
	(4809, 'ADEFISA LEASING ESTABLECIMIENTO FINANCIERO DE CREDITO SA'),
	(4810, 'SAUDESBANK LEASING SA'),
	(4811, 'FINANCIAL LEASING SOCIEDAD ANONIMA'),
	(4812, 'UFB LEASING ESPAÑA SA'),
	(4813, 'ESFINGE LEASING SOCIEDAD ANONIMA SOCIEDAD DE ARRENDAMIENTO FINANCIERO'),
	(4814, 'METALEASING SA'),
	(4815, 'PEGASO LEASING SA'),
	(4816, 'OLIMPIC COMPAÑIA DE LEASING SA'),
	(4817, 'SCANIA LEASING SAE'),
	(4818, 'COMPAÑIA DE ARRENDAMIENTOS FINANCIEROS DE CASTILLA-LA MANCHA SA'),
	(4819, 'BANCANTABRIA INVERSIONES SA EFC'),
	(4820, 'LIS-LEASING INDUSTRIAL Y DE SERVICIOS SA'),
	(4821, 'ASTUR-LEASING SA'),
	(4822, 'INMOLEASING SA'),
	(4823, 'DELTA LEASING SA'),
	(4824, 'SOGEFIN LEASING SOCIEDAD ANONIMA SOCIEDAD DE ARRENDAMIENTO FINANCIERO'),
	(4825, 'MONLEASING SOCIEDAD ANONIMA'),
	(4826, 'FINANSSKANDIC LEASING SOCIEDAD DE ARRENDAMIENTO FINANCIERO SA'),
	(4827, 'MAPFRE LEASING SA'),
	(4828, 'CORPORACION DE ARRENDAMIENTOS FINANCIEROS AGRICOLAS E INDUSTRIALES SA'),
	(4829, 'AHORRO LEASING SOCIEDAD DE ARRENDAMIENTO FINANCIERO SA'),
	(4830, 'ABN-AMRO LEASING SA SAF'),
	(4831, 'EUROPEA POPULAR DE LEASING INMOBILIARIO SA SAF'),
	(4832, 'IBERCAJA LEASING Y FINANCIACION SA ESTABLECIMIENTO FINANCIERO DE CREDITO'),
	(4833, 'EUROLEASING INMOBILIARIO SA SAF'),
	(4834, 'UNION DE CREDITOS INMOBILIARIOS LEASING SA SAF'),
	(4835, 'PASTOR LEASING SOCIEDAD DE ARRENDAMIENTO FINANCIERO SA'),
	(4836, 'COFIBER LEASING SOCIEDAD DE ARRENDAMIENTO FINANCIERO SA'),
	(4837, 'MADRID LEASING CORPORACION SA ESTABLECIMIENTO FINANCIERO DE CREDITO'),
	(4838, 'SA NOSTRA DE INVERSIONES ESTABLECIMIENTO FINANCIERO DE CREDITO SA'),
	(4839, 'MUTUACTIVOS LEASING SOCIEDAD DE ARRENDAMIENTO FINANCIERO SA'),
	(6701, 'YOUNIQUE MONEY EDE SA'),
	(7861, 'LICO CORPORACION SA'),
	(7862, 'CARTUJA CORPORACION EMPRESARIAL SA'),
	(8201, 'CENTRAL HISPANO HIPOTECARIO SA SCH'),
	(8202, 'CORPORACION HIPOTECARIA BANCOBAO SA SOCIEDAD DE CREDITO HIPOTECARIO'),
	(8203, 'COMERCIO FINANCIACION HIPOTECARIA SA SCH'),
	(8204, 'BANESTO HIPOTECARIO SA SCH'),
	(8205, 'HERRERO SOCIEDAD DE CREDITO HIPOTECARIO SA'),
	(8206, 'HIPOTEBANSA ESTABLECIMIENTO FINANCIERO DE CREDITO SA'),
	(8207, 'GDS ESTABLECIMIENTO FINANCIERO DE CREDITO SA'),
	(8208, 'MENHIR HIPOTECARIO SA SCH'),
	(8209, 'HIPOTECAIXA ESTABLECIMIENTO FINANCIERO DE CREDITO SA'),
	(8210, 'BANZANO HIPOTECARIO SA SCH'),
	(8211, 'BANSABADELL FINANCIACION EFC SA'),
	(8212, 'BEX HIPOTECARIO SA SCH'),
	(8214, 'MARCH HIPOTECARIO SA SCH'),
	(8215, 'ARABE ESPAÑOLA DE CREDITO HIPOTECARIO SA (ARESHIPOTECARIA)'),
	(8216, 'AHORRO Y CREDITO HIPOTECARIO SA SCH'),
	(8217, 'CAJA EURO-HIPOTECARIA SA SOCIEDAD DE CREDITO HIPOTECARIO'),
	(8218, 'MAPFRE HIPOTECARIA SCH SA'),
	(8219, 'PRAGA DE HIPOTECAS Y CREDITOS EFC SA'),
	(8220, 'BANKINTER SOCIEDAD DE CREDITO HIPOTECARIO SA'),
	(8221, 'CORPORACION HIPOTECARIA MUTUAL SOCIEDAD ANONIMA ESTABLECIMIENTO FINANCIERO DE CREDITO'),
	(8222, 'IGS DE MERCADO HIPOTECARIO SCH SA EN LIQUIDACION'),
	(8223, 'CREDIT LYONNAIS SOCIEDAD ANONIMA SCH'),
	(8224, 'ABBEYCOR NACIONAL HIPOTECARIO SA SCH'),
	(8225, 'SOLBANK LEASING EFC SA'),
	(8226, 'CORPORACION HIPOTECARIA CENTRAL SOCIEDAD DE CREDITO HIPOTECARIO SOCIEDAD ANONIMA'),
	(8227, 'CREDICAT SA SCH'),
	(8228, 'AMERICO HISPANA SA SCH'),
	(8229, 'KAIROS HIPOTECARIO SCH SA'),
	(8230, 'FINANCO HIPOTECARIO SOCIEDAD DE CREDITO HIPOTECARIO SA'),
	(8231, 'SOCIEDAD IBERICA DE CREDITO INMOBILIARIO SA SCH'),
	(8232, 'EUROPEA POPULAR HIPOTECARIA SA SCH'),
	(8233, 'CELERIS SERVICIOS FINANCIEROS SA EFC'),
	(8234, 'AIG FINANZAS SOCIEDAD ANONIMA ESTABLECIMIENTO FINANCIERO DE CREDITO'),
	(8235, 'BILBAO HIPOTECARIA SA ESTABLECIMIENTO FINANCIERO DE CREDITO'),
	(8236, 'SANTANDER CONSUMER ESTABLECIMIENTO FINANCIERO DE CREDITO SA'),
	(8237, 'SOCIEDAD DE CREDITO HIPOTECARIO MUTUAL SA'),
	(8238, 'UNION DE CREDITOS INMOBILIARIOS HIPOTECARIA SA SCH'),
	(8239, 'MADRID HIPOTECARIA SA ESTABLECIMIENTO FINANCIERO DE CREDITO'),
	(8240, 'CXG CREDITO FAMILIAR CORPORACION CAIXAGALICIA ESTABLECIMIENTO FINANCIERO DE CREDITO SA'),
	(8300, 'LATINOAMERICANA DE FINANCIACIONES SA'),
	(8302, 'FIDENTER SA'),
	(8303, 'FINANCIACION Y DISTRIBUCION DE AUTOMOVILES SA (FIDIAUTO)'),
	(8304, 'SOCIEDAD DE GESTION Y COOPERACION FINANCIERA SA (SOGECOFI) \'EN LIQUIDACION\''),
	(8305, 'FINANCIERA FERRAZ SA'),
	(8306, 'FINANCAISA SA'),
	(8307, 'VOLKSWAGEN FINANCE SA ESTABLECIMIENTO FINANCIERO DE CREDITO'),
	(8308, 'FINANCIERA CARRION SA ESTABLECIMIENTO FINANCIERO DE CREDITO EFC'),
	(8309, 'VOLVO CAR FINANCE ESPAÑA ESTABLECIMIENTO FINANCIERO DE CREDITO SA'),
	(8310, 'SOCIEDAD DE VENTAS A CREDITO BANCAYA SA ESTABLECIMIENTO FINANCIERO DE CREDITO'),
	(8311, 'FINANCIERA DE EXPANSION Y VENTAS SA (FIVENTAS)'),
	(8312, 'FINANCIERA RIOJANA SA'),
	(8313, 'FINANCIERA DEL GALLEGO SA'),
	(8314, 'BANSANDER DE FINANCIACIONES SA ESTABLECIMIENTO FINANCIERO DE CREDITO'),
	(8315, 'FIMECA SA ENTIDAD DE FINANCIACION'),
	(8316, 'SOCIEDAD DE FINANCIACION DE VENTAS A CREDITO SA (SOFIVAC)'),
	(8317, 'UNION ESPAÑOLA DE FINANCIACION SA (UNIFIBAN)'),
	(8318, 'FINANCIACION INDUSTRIAL MAPFRE SA ENTIDAD DE FINANCIACION'),
	(8319, 'CREDITSA MADRID ENTIDAD DE FINANCIACION SA'),
	(8320, 'FINANCIERA FINAVAL SA'),
	(8321, 'IBERDROLA SERVICIOS FINANCIEROS ESTABLECIMIENTO FINANCIERO DE CREDITO SA'),
	(8322, 'FIGUI SA ENTIDAD DE FINANCIACION'),
	(8323, 'UNION INTERNACIONAL DE FINANCIACION ESTABLECIMIENTO FINANCIERO DE CREDITOSA (UNIFIBAN)'),
	(8324, 'FINANCIERA RIVA Y GARCIA SOCIEDAD ANONIMA DE FINANCIACION'),
	(8325, 'FINANCIERA ALGAMAR SOCIEDAD ANONIMA DE FINANCIACION'),
	(8326, 'COMPAÑIA FINANCIERA BANCAYA SA ENTIDAD DE FINANCIACION'),
	(8327, 'FINANCIERA SIERRA NEVADA SA'),
	(8328, 'FINANCIERA BIDASOA SA'),
	(8329, 'CAJA DE FINANCIACIONES REUNIDAS SOCIEDAD ANONIMA ENTIDAD DE FINANCIACION'),
	(8330, 'CREDITOS Y FINANCIACIONES SA ENTIDAD DE FINANCIACION'),
	(8331, 'BANESTO CONSUMO SOCIEDAD ANONIMA ENTIDAD DE FINANCIACION'),
	(8332, 'EUROPEA DE FINANCIACION INVERSION Y PROMOCION SA ENTIDAD DE FINANCIACION'),
	(8333, 'CRECOM ENTIDAD DE FINANCIACION SA'),
	(8334, 'MAPFRE FINANZAS DE NAVARRA ARAGON Y RIOJA ENTIDAD DE FINANCIACION SA'),
	(8335, 'PROMOCION EUROPEA DE INVERSIONES Y NEGOCIOS LIBRA ENTIDAD DE FINANCIACION SA'),
	(8336, 'EMECESA ENTIDAD DE FINANCIACION SA'),
	(8337, 'BARCELONESA DE FINANCIACION SA ENTIDAD DE FINANCIACION'),
	(8338, 'ASISTENCIA TECNICO FINANCIERA ENTIDAD DE FINANCIACION SA'),
	(8339, 'FINANCIERA DEL OESTE SA ENTIDAD DE FINANCIACION'),
	(8340, 'NACIONAL ENTIDAD DE FINANCIACION SA'),
	(8341, 'FINANCIERA EL GRECO SA ENTIDAD DE FINANCIACION'),
	(8342, 'LUZARO ESTABLECIMIENTO FINANCIERO DE CREDITO SOCIEDAD ANONIMA'),
	(8343, 'FINANCIERA BANIF SA ENTIDAD DE FINANCIACION'),
	(8344, 'FILADELFIA SA COMPAÑIA DE FINANCIACION'),
	(8345, 'RENAULT FINANCIACIONES SA ESTABLECIMIENTO FINANCIERO DE CREDITO'),
	(8346, 'COFIC COMPAÑIA DE FINANCIACION SA'),
	(8347, 'CREDITOS L\'UNION SOCIEDAD ANONIMA ENTIDAD DE FINANCIACION'),
	(8348, 'FINANCIERA VIZCAINA SA ENTIDAD DE FINANCIACION'),
	(8349, 'FINANCIERA COMERCIAL E INDUSTRIAL SA ENTIDAD DE FINANCIACION'),
	(8350, 'BEX FINANZAS CATALUÑA SA COMPAÑIA DE FINANCIACION'),
	(8351, 'ASESORAMIENTO E INVERSIONES BURSATILES SA ENTIDAD DE FINANCIACION'),
	(8352, 'ESPAÑOLA DE FINANZAS SA ENTIDAD DE FINANCIACION'),
	(8353, 'FINANCIERA REUS SA ENTIDAD DE FINANCIACION'),
	(8354, 'FINANCIERA DOS SA ENTIDAD DE FINANCIACION'),
	(8355, 'FINANCIERA DE SERVICIOS GENERALES SOCIEDAD ANONIMA DE FINANCIACION'),
	(8356, 'MONTFRAGÜE ENTIDAD DE FINANCIACION SA'),
	(8357, 'ASTER SA ENTIDAD DE FINANCIACION'),
	(8358, 'FINANCIERA DE CALIFORNIA SA'),
	(8359, 'FIDEMER ENTIDAD DE FINANCIACION SA'),
	(8360, 'EUROMOCION SA ENTIDAD DE FINANCIACION'),
	(8361, 'FORD CREDIT SOCIEDAD ANONIMA DE FINANCIACION'),
	(8362, 'FIGARSA COMPAÑIA DE FINANCIACION SA'),
	(8363, 'CENTRO FINANCIERO E INMOBILIARIO SA ENTIDAD DE FINANCIACION'),
	(8364, 'HISPANA DE FINANZAS SA COMPAÑIA DE FINANCIACION'),
	(8365, 'BONANOVA DE INVERSIONES SA COMPAÑIA DE FINANCIACION'),
	(8366, 'UNION INDUSTRIAL DE FINANZAS E INVERSIONES SA COMPAÑIA DE FINANCIACION'),
	(8367, 'FINANCIERA DE EMPRESARIOS SA'),
	(8368, 'FOMENTO DE INVERSIONES Y FINANZAS SA COMPAÑIA DE FINANCIACION'),
	(8369, 'CREDIVIAJE SA ENTIDAD DE FINANCIACION'),
	(8370, 'FINANCIERAS AGRUPADAS ESTABLECIMIENTO FINANCIERO DE CREDITO SA'),
	(8371, 'FINANCIERA CORTES DE ARAGON SA'),
	(8372, 'ENTIDAD DE FINANCIACION CORTES DE NAVARRA SA ( FICONASA )'),
	(8373, 'FAISA ENTIDAD DE FINANCIACION SA'),
	(8374, 'SEFISA FINANCIACIONES SA'),
	(8375, 'FINANCIERA CATALANO BALEAR ENTIDAD DE FINANCIACION SA'),
	(8376, 'PSA CREDIT ESPAÑA SA EFC'),
	(8377, 'AUTOFIN ENTIDAD DE FINANCIACION SA'),
	(8378, 'CONSULCREDIT SA ENTIDAD DE FINANCIACION'),
	(8379, 'VILAFRANQUESA DE FINANCIACIONES SA'),
	(8380, 'ENTIDAD DE FINANCIACION PROMOTORA FINANCIERA DE CORDOBA SA'),
	(8381, 'FINANCIERA GUIPUZCOANA SA ENTIDAD DE FINANCIACION'),
	(8382, 'ENTIDAD DE FINANACIACION FINANCIERA PRINCIPE DE VIANA SA'),
	(8383, 'UBEDA Y CIA SA ENTIDAD DE FINANCIACION'),
	(8384, 'INVERMI SA ENTIDAD DE FINANCIACION'),
	(8385, 'FICRE SA'),
	(8386, 'FIDECRE SA'),
	(8387, 'FYC SA'),
	(8388, 'FIAN SA'),
	(8389, 'FICE SA'),
	(8390, 'GECRESA BARCELONA SA ENTIDAD DE FINANCIACION'),
	(8391, 'FINANCIERA MONTHISA SA ENTIDAD DE FINANCIACION'),
	(8392, 'BGN INVERSIONES EF SA'),
	(8393, 'ENTIDAD DE FINANCIACION BERTENDONA SA'),
	(8394, 'EFISA ENTIDAD DE FINANCIACION SA'),
	(8395, 'HISPAMER FINANCIACION ENTIDAD DE FINANCIACION SA'),
	(8396, 'INVERSIONES DEL OESTE ENTIDAD DE FINANCIACION'),
	(8397, 'CARTERA Y FINANZAS SA ENTIDAD DE FINANCIACION'),
	(8398, 'BARCLAYS ENTIDAD DE FINANCIACION SA'),
	(8399, 'FINCAS DEL BAJO EBRO SA ENTIDAD DE FINANCIACION'),
	(8400, 'ENTIDAD CATALANA DE FINANCIACION SA'),
	(8401, 'COMPAÑIA DE FINANCIACION CASE SA'),
	(8402, 'FINANCIERA DE AUTOMOCION SA ENTIDAD DE FINANCIACION'),
	(8403, 'COMPAÑIA DE FINANCIACION BROKIBANK SA'),
	(8404, 'REGULO SA ENTIDAD DE FINANCIACION'),
	(8405, 'SOCIEDAD DE FINANCIACION DE VENTAS A PLAZO SA'),
	(8406, 'TRANSFACTOR SA COMPAÑIA DE FACTORING Y FINANCIACION'),
	(8407, 'CENTRO FINANCIERO AITANA SA ENTIDAD DE FINANCIACION'),
	(8408, 'CLUB CATALA DE FINANCES EMPRESA DE FINANCIACION SA'),
	(8409, 'SALMANTINA DE FINANCIACION SOCIEDAD ANONIMA'),
	(8410, 'LICO FINANCIACION Y COBRO SA ESTABLECIMIENTO FINANCIERO DE CREDITO'),
	(8411, 'FINUNION MADRID SA ENTIDAD DE FINANCIACION'),
	(8412, 'REGISA EMPRESA DE FINANCIACION SA'),
	(8413, 'FIBERICA ENTIDAD DE FINANCIACION SA'),
	(8414, 'FICEN SA (FINANCIERA CENTRO SA) ENTIDAD DE FINANCIACION'),
	(8415, 'FINANDALUS ENTIDAD DE FINANCIACION SA'),
	(8416, 'CREDITOS E INVERSIONES BENJA ENTIDAD DE FINANCIACION SA'),
	(8417, 'FOMENTO DE EXPANSION COMPAÑIA DE FINANCIACION SA'),
	(8418, 'UNION CATALANA D\'INVERSIONES SA ENTIDAD DE FINANCIACION'),
	(8419, 'SERVICIOS DE PRESTAMOS Y CREDITOS DELTA SA EF'),
	(8420, 'PROMOCIONES Y FINANCIACIONES AIDA SA ENTIDAD DE FINANCIACION'),
	(8421, 'CONSORCIO FINANCIERO IBERICO SA ENTIDAD DE FINANCIACION'),
	(8422, 'ENTIDAD DE FINANCIACION DE GUARNIZO SA'),
	(8423, 'SECURITY PACIFIC CREDIT SA DE FINANCIACION'),
	(8424, 'CORPORACION FINANCIERA SUR ENTIDAD DE FINANCIACION SA'),
	(8425, 'CENTRAL FINANCIERA DEL HENARES ENTIDAD DE FINANCIACION SA'),
	(8426, 'MAPFRE FINANZAS DE CASTILLA SA'),
	(8427, 'MAPFRE FINANZAS ENTIDAD DE FINANCIACION SA'),
	(8428, 'CENTRAL CORDOBESA DE CREDITO ENTIDAD DE FINANCIACION SA'),
	(8429, 'CENTRAL RIOJANA DE CREDITO ENTIDAD DE CREDITO SA'),
	(8430, 'MAPFRE FINANZAS DEL ATLANTICO ENTIDAD DE FINANCIACION SA'),
	(8431, 'CENTRAL MURCIANA DE CREDITO ENTIDAD DE FINANCIACION SA'),
	(8432, 'COMPAÑIA DE FINANCIACION DE EQUIPAMIENTOS SA'),
	(8433, 'BEX FINANZAS SA ENTIDAD DE FINANCIACION'),
	(8434, 'FIAC IBERICA SA ENTIDAD DE FINANCIACION'),
	(8435, 'SOGEFIN CREDITO SA ENTIDAD DE FINANCIACION'),
	(8436, 'ENTIDAD DE FINANCIACION E INVERSIONES ARAGONESAS SA'),
	(8437, 'CENTRAL ALAVESA DE CREDITO ENTIDAD DE FINANCIACION SA'),
	(8438, 'CENTRAL JIENENSE DE CREDITO ENTIDAD DE FINANCIACION SA'),
	(8439, 'CENTRAL GERUNDENSE DE CREDITO ENTIDAD DE FINANCIACION SA'),
	(8440, 'CENTRAL MONTAÑESA DE CREDITO ENTIDAD DE FINANCIACION SA'),
	(8441, 'CENTRAL ASTURIANA DE CREDITO ENTIDAD DE FINANCIACION SA'),
	(8442, 'CENTRAL VIGUESA DE CREDITO SA'),
	(8443, 'INVERSIONES CACEREÑAS SA ENTIDAD DE FINANCIACION'),
	(8444, 'CREFISA ENTIDAD DE FINANCIACION SA'),
	(8445, 'CENTRAL CATALANA DE INVERSIONES SA ENTIDAD DE FINANCIACION'),
	(8446, 'CENTRAL EXTREMEÑA DE CREDITO SA ENTIDAD DE FINANCIACION'),
	(8447, 'CREDITO HISPANO ARGENTINO ENTIDAD DE FINANCIACION SA'),
	(8448, 'COMPAÑIA DE FINANCIACION DE CARTERA SA'),
	(8449, 'DESCOM ESTABLECIMIENTO FINANCIERO DE CREDITO SA'),
	(8450, 'FINANCIERA INMOBILIARIA HERCA SA ENTIDAD DE FINANCIACION'),
	(8451, 'CREDITOS CANARIOS SA EMPRESA DE FINANCIACION'),
	(8452, 'COFACTOR SOCIEDAD ANONIMA DE FINANCIACION'),
	(8453, 'DOSFIN SA ENTIDAD DE FINANCIACION'),
	(8454, 'CLUB CATALA DE CREDITS EMPRESA DE FINANCIACIO SOCIETAT ANONIMA'),
	(8455, 'NUEVA ENTIDAD DE FINANCIACION SA (NEDEFISA)'),
	(8456, 'CENTRAL LUCENSE DE CREDITO ENTIDAD DE FINANCIACION SA'),
	(8457, 'CENTRAL MANCHEGA DE CREDITO ENTIDAD DE FINANCIACION SA'),
	(8458, 'MAPFRE FINANZAS DE GUIPUZCOA ENTIDAD DE FINANCIACION SA'),
	(8459, 'CENTRAL GRANADINA DE CREDITO ENTIDAD DE FINANCIACION SA'),
	(8460, 'MAPFRE FINANZAS DE ANDALUCIA ENTIDAD DE FINANCIACION SA'),
	(8461, 'CENTRAL CORUÑESA DE CREDITO ENTIDAD DE FINANCIACION SA'),
	(8462, 'CENTRAL ALICANTINA DE CREDITO ENTIDAD DE FINANCIACION SA'),
	(8463, 'CENTRAL FINANCIERA DE ARAGON ENTIDAD DE FINANCIACION'),
	(8464, 'CENTRAL ZARAGOZANA DE CREDITO ENTIDAD DE FINANCIACION SA'),
	(8465, 'COMPAÑIA VASCONGADA DE FINANCIACION SA'),
	(8466, 'POLINVEST SOCIEDAD ANONIMA DE FINANCIACION'),
	(8467, 'TRADEFIN SOCIEDAD ANONIMA ENTIDAD DE FINANCIACION'),
	(8468, 'ORGANIZACION IBERICA DE FINANZAS SA COMPAÑIA DE FINANCIACION'),
	(8469, 'ENTIDAD DE FINANCIACION TALAVERANA SA'),
	(8470, 'FINANCIERA LEVANTINA DE AUTOMOVILES ENTIDAD DE FINANCIACION SA'),
	(8471, 'CORPORACION FINANCIERA HISPANO SUIZA SOCIEDAD ANONIMA ENTIDAD DE FINANCIACION'),
	(8472, 'FINANCIERA RURAL Y DE INVERSIONES SA ENTIDAD DE FINANCIACION'),
	(8473, 'ASURBAN SA ENTIDAD DE FINANCIACION'),
	(8474, 'FOMENTO DE CREDITO Y COMERCIO SA ENTIDAD DE FINANCIACION'),
	(8475, 'CREDITOS SALMANTINOS SA'),
	(8476, 'GIRONA FACTORS SOCIEDAD ANONIMA DE FINANCIACION'),
	(8477, 'TOFISA ENTIDAD DE FINANCIACION SA'),
	(8478, 'CENTRAL TARRACONENSE DE CREDITO ENTIDAD DE FINANCIACION SA'),
	(8479, 'MAPFRE FINANZAS DE CATALUÑA Y BALEARES ENTIDAD DE FINANCIACION SA'),
	(8480, 'CENTRAL ALMERIENSE DE CREDITO ENTIDAD DE FINANCIACION SA'),
	(8481, 'FICOVAL ENTIDAD DE FINANCIACION SA'),
	(8482, 'FINDER SOCIEDAD ANONIMA ENTIDAD DE FINANCIACION'),
	(8483, 'INVERSION CREDITO Y DESARROLLO SOCIEDAD ANONIMA ENTIDAD DE FINANCIACION'),
	(8484, 'NORTES FINANCIEROS ENTIDAD DE FINANCIACION SA'),
	(8485, 'ATLANTIS VALENCIA SA ENTIDAD DE FINANCIACION'),
	(8486, 'SOMER SA ENTIDAD DE FINANCIACION'),
	(8487, 'PROMOCIONES E INVERSIONES DE MADRID SOCIEDAD ANONIMA ENTIDAD DE FINANCIACION'),
	(8488, 'ESTUDIOS Y FINANCIACION SA COMPAÑIA DE FINANCIACION'),
	(8489, 'FINANCIADORA CORUÑESA SA ENTIDAD DE FINANCIACION'),
	(8490, 'SANTANA CREDIT ESTABLECIMIENTO FINANCIERO DE CREDITO SA'),
	(8492, 'CENTRAL CACEREÑA DE CREDITO ENTIDAD DE FINANCIACION SA'),
	(8493, 'CENTRAL GADITANA DE CREDITO ENTIDAD DE FINANCIACION SA'),
	(8494, 'CENTRAL BURGALESA DE CREDITO ENTIDAD DE FINANCIACION SA'),
	(8495, 'CONSTANT ENTIDAD DE FINANCIACION SA'),
	(8496, 'INVERFINANZ COMPAÑIA DE FINANCIACION SA'),
	(8497, 'CREDITOS LAR SA ENTIDAD DE FINANCIACION'),
	(8498, 'MAPFRE FINANZAS DEL SUR ENTIDAD DE FINANCIACION SA'),
	(8499, 'GENERAL FINANCIERA EUROPEA SOCIEDAD ANONIMA ENTIDAD DE FINANCIACION'),
	(8500, 'FINANCIERA SIMEON SA ENTIDAD DE FINANCIACION'),
	(8501, 'CAPITAL Y SERVICIOS SA ENTIDAD DE FINANCIACION'),
	(8502, 'GALAICA DE FINANCIACION SOCIEDAD ANONIMA'),
	(8503, 'SERVICIOS Y FINANZAS DE CATALUÑA ENTIDAD DE FINANCIACION SA'),
	(8504, 'FINANZA COMPAÑIA DE FINANCIACION CREDITO Y FIDUCIA SA'),
	(8505, 'MAPFRE FINANZAS DEL NORTE SA'),
	(8506, 'ACCION FINANCIERA SOCIEDAD ANONIMA'),
	(8507, 'GETAFE FINANCIACIONES SA'),
	(8508, 'FINANCIERA GASMA ENTIDAD DE FINANCIACION SA'),
	(8509, 'INMOBILIARIA FINANCIERA CATALANA SA'),
	(8510, 'SOLFISA SOCIEDAD ANONIMA'),
	(8511, 'GESTION BARCELONESA SOCIEDAD ANONIMA DE FINANCIACION'),
	(8512, 'UNION DE CREDITOS INMOBILIARIOS SA ESTABLECIMIENTO FINANCIERO DE CREDITO'),
	(8513, 'FINANCIERA DEL CANTABRICO SOCIEDAD ANONIMA DE FINANCIACION'),
	(8514, 'SOCIEDAD ANONIMA NAVARRA DE FINANCIACION'),
	(8515, 'FINANCIERA DEL GENIL SA ENTIDAD DE FINANCIACION'),
	(8516, 'FINDA SOCIEDAD ANONIMA ENTIDAD DE FINANCIACION'),
	(8517, 'FH CREDIT ENTIDAD DE FINANCIACION SA'),
	(8518, 'LATINA DE CREDITO SA COMPAÑIA DE FINANCIACION'),
	(8519, 'INVERSORA TORELLO SA'),
	(8520, 'FIAR SA'),
	(8521, 'CREDERE STAR SA ENTIDAD DE FINANCIACION'),
	(8522, 'UFB FIN FACTOR SA ENTIDAD DE FINANCIACION - FACTORING'),
	(8523, 'FACIN SOCIEDAD ANONIMA DE FINANCIACION'),
	(8524, 'MONTJUICH EF ESTABLECIMIENTO FINANCIERO DE CREDITO SA'),
	(8525, 'VALENCIANA DE CREDITO SA ENTIDAD DE FINANCIACION'),
	(8526, 'FINANCIERA AUSETANA SOCIEDAD ANONIMA ENTIDAD DE FINANCIACION'),
	(8527, 'BARCELONESA DE PROMOCIONES SOCIEDAD ANONIMA ENTIDAD DE FINANCIACION'),
	(8528, 'CONTINENTAL DE CREDITO SA'),
	(8529, 'FILO MADRID SOCIEDAD ANONIMA ENTIDAD DE FINANCIACION'),
	(8530, 'FILO BARCELONA SOCIEDAD ANONIMA ENTIDAD DE FINANCIACION'),
	(8531, 'FILO VALENCIA SOCIEDAD ANONIMA ENTIDAD DE FINANCIACION'),
	(8532, 'FILO REUS SOCIEDAD ANONIMA ENTIDAD DE FINANCIACION'),
	(8533, 'FILO GRANOLLERS SOCIEDAD ANONIMA ENTIDAD DE FINANCIACION'),
	(8534, 'FILO GERONA SOCIEDAD ANONIMA ENTIDAD DE FINANCIACION'),
	(8535, 'FILO MATARO SOCIEDAD ANONIMA ENTIDAD DE FINANCIACION'),
	(8536, 'FILO SEVILLA SOCIEDAD ANONIMA ENTIDAD DE FINANCIACION'),
	(8537, 'FINANZARAGOZA SA ENTIDAD DE FINANCIACION (FINANZASA)'),
	(8538, 'FILO BALEARES SOCIEDAD ANONIMA ENTIDAD DE FINANCIACION'),
	(8539, 'FILO CASTELLON SOCIEDAD ANONIMA ENTIDAD DE FINANCIACION'),
	(8540, 'FILO RIOJA SOCIEDAD ANONIMA ENTIDAD DE FINANCIACION'),
	(8541, 'FILO HOSPITALET SOCIEDAD ANONIMA DE FINANCIACION'),
	(8542, 'ENTIDAD DE FINANCIACION TERRASSA SOCIEDAD ANONIMA'),
	(8543, 'SOCIEDAD ANONIMA CARTISAM ENTIDAD DE FINANCIACION'),
	(8544, 'FINANCIERA HELMANTICA SOCIEDAD ANONIMA ENTIDAD DE FINANCIACION'),
	(8545, 'EGIBI ENTIDAD DE FINANCIACION SA'),
	(8546, 'CREDITOS DE TENERIFE SA ENTIDAD DE FINANCIACION'),
	(8547, 'GRUPO INVERSOR FINANCO SA ENTIDAD DE FINANCIACION'),
	(8548, 'FINGRUP SA ENTIDAD DE FINANCIACION'),
	(8550, 'AMECSA COMPAÑIA DE FINANCIACION SA'),
	(8551, 'CRECO SUR SA'),
	(8552, 'GRECO VALENCIA SOCIEDAD ANONIMA ENTIDAD DE FINANCIACION'),
	(8553, 'FINANCIACIONES GENERALES DEL TAJO SA ENTIDAD DE FINANCIACION'),
	(8554, 'FINANCIACIONES GENERALES DEL CANTABRICO SA ENTIDAD DE FINANCIACION'),
	(8555, 'ANAITASUNA DE FINANCIACIONES ENTIDAD DE FINANCIACION SA'),
	(8556, 'CENTRAL FINANCIERA DE LEVANTE ENTIDAD DE FINANCIACION SA'),
	(8557, 'CENTRAL CASTELLONENSE DE CREDITO ENTIDAD DE FINANCIACION SA'),
	(8558, 'GENERAL DE FINANCIACION ENTIDAD DE FINANCIACION SA'),
	(8559, 'SALMANTINA DE CREDITO ENTIDAD DE FINANCIACION SA'),
	(8560, 'FINANCIERA DE ALGECIRAS ENTIDAD DE FINANCIACION SA'),
	(8561, 'PESA ENTIDAD DE FINANCIACION SA'),
	(8562, 'CENTRAL TOLEDANA DE CREDITO ENTIDAD DE FINANCIACION SA'),
	(8563, 'FINANCIERA DEL TORMES SA ENTIDAD DE FINANCIACION'),
	(8564, 'FINANCIERA DOCKS SOCIEDAD ANONIMA ENTIDAD DE FINANCIACION'),
	(8565, 'CENTROBAN ENTIDAD DE CREDITO Y FINANCIACION SA'),
	(8566, 'IBERINVERSIONES Y FINANCIACIONES ENTIDAD DE FINANCIACION SA'),
	(8567, 'FINANCIERA OVIEDO SOCIEDAD ANONIMA ESTABLECIMIENTO FINANCIERO DE CREDITO'),
	(8568, 'DIVISION FINANCIERA SOCIEDAD DE FINANCIACION SA'),
	(8569, 'COMPAÑIA DE FINANCIACION FINANCIERA GENERAL DE BALEARES SA'),
	(8570, 'HERCASA ENTIDAD DE FINANCIACION SA'),
	(8571, 'SOCIEDAD FINANCIERA DE INDUSTRIAS Y TRANSPORTES SA ENTIDAD DE FINANCIACION'),
	(8572, 'FINGALICIA SA ENTIDAD DE FINANCIACION'),
	(8573, 'FINANCIERA DE INICIATIVAS INDUSTRIALES SA ENTIDAD DE FINANCIACION'),
	(8574, 'FINANCIERA DEL DURANGUESADO ENTIDAD DE FINANCIACION SA'),
	(8575, 'FINANCIERA DE SERVICIOS SOCIEDAD ANONIMA'),
	(8576, 'CENTRAL DE CREDITOS Y FINANCIACIONES SA ENTIDAD DE FINANCIACION'),
	(8577, 'MACRO SOCIEDAD ANONIMA DE FINANCIACION'),
	(8578, 'SOCIEDAD ANONIMA DE NEGOCIOS FINANCIEROS ENTIDAD DE FINANCIACION'),
	(8579, 'BILBAINA DE CREDITO ENTIDAD DE FINANCIACION SA'),
	(8580, 'COMPLEMENTOS FINANCIEROS SOCIEDAD ANONIMA ENTIDAD DE FINANCIACION'),
	(8581, 'PROMOTORA ARAGONESA ENTIDAD DE FINANCIACION SOCIEDAD ANONIMA'),
	(8582, 'SERVICIOS TECNICOS Y COMERCIALES SOCIEDAD ANONIMA ENTIDAD DE FINANCIACION'),
	(8583, 'FINANZIA SERVICIOS FINANCIEROS EFC SA'),
	(8584, 'SAFFE SOCIEDAD ANONIMA FIAT FINANCIERA ESPAÑOLA ENTIDAD DE FINANCIACION'),
	(8585, 'ESFINGE ESPAÑOLA DE FINANCIACIONES GENERALES SA ENTIDAD DE FINANCIACION'),
	(8586, 'INVERSIONES DUERO SA COMPAÑIA DE FINANCIACION'),
	(8587, 'FIGAZ SA ENTIDAD DE FINANCIACION'),
	(8588, 'LORCA DE CREDITO Y FINANCIACION SA'),
	(8589, 'MERCAPITAL SA'),
	(8590, 'FINANCOR SA'),
	(8591, 'FABRA COMPAÑIA DE FINANCIACION SA'),
	(8592, 'LAUDE COMPAÑIA DE FINANCIACION SA'),
	(8593, 'FINANCIACION DE OPERACIONES MERCANTILES E INDUSTRIALES SOCIEDAD ANONIMA'),
	(8594, 'BURGALESA DE INVERSIONES SA ENTIDAD DE FINANCIACION'),
	(8595, 'FINANCIERA VASCA SA ENTIDAD DE FINANCIACION'),
	(8596, 'UNION DE CREDITO PARA LA FINANCIACION MOBILIARIA E INMOBILIARIA CREDIFIMO EFC SA'),
	(8597, 'FILAUTO ENTIDAD DE FINANCIACION SA'),
	(8598, 'FINANCIAL SERVICE SOCIEDAD ANONIMA DE FINANCIACION'),
	(8599, 'FREN SOCIEDAD ANONIMA ESTABLECIMIENTO FINANCIERO DE CREDITO'),
	(8600, 'SOCIEDAD ANONIMA LA PAZ ENTIDAD DE FINANCIACION'),
	(8601, 'FINACO SA ENTIDAD DE FINANCIACION'),
	(8602, 'FINANCIERA MERCANTIL DEL NORTE SOCIEDAD ANONIMA DE FINANCIACION'),
	(8603, 'PROMOCIONES MERCANTILES SOCIEDAD ANONIMA DE FINANCIACION'),
	(8604, 'ORGANIZACION MERCANTIL LOS ANGELES SA'),
	(8605, 'CENTRAL DE SERVICIOS FINANCIEROS SA ENTIDAD DE FINANCIACION'),
	(8606, 'FINANCIERA ARRIETA SOCIEDAD ANONIMA ENTIDAD DE FINANCIACION'),
	(8607, 'FINANCIERA RUTH SA'),
	(8608, 'FINANCIERA ENOL SA ENTIDAD DE FINANCIACION'),
	(8609, 'FINCOLOR SOCIEDAD ANONIMA ENTIDAD DE FINANCIACION'),
	(8610, 'IBERICA DE NEGOCIOS SA ENTIDAD DE FINANCIACION'),
	(8611, 'PROMOTORA COMERCIAL E INDUSTRIAL SOCIEDAD ANONIMA'),
	(8612, 'COMERCIANTES REUNIDOS DEL SUR SA ESTABLECIMIENTO FINANCIERO DE CREDITO'),
	(8613, 'SOCIEDAD ANONIMA FEGAM ENTIDAD DE FINANCIACION'),
	(8614, 'FINANCIERA AUTOMOVILES MAQUINARIA INDUSTRIAL SA'),
	(8615, 'CAJA CREDITOS CONDAL SA'),
	(8616, 'FIECO SOCIEDAD ANONIMA ENTIDAD DE FINANCIACION'),
	(8617, 'CORPORACION FINANCIERA MADRILEÑA ENTIDAD DE FINANCIACION SOCIEDAD ANONIMA'),
	(8618, 'MONETICIA SA ESTABLECIMIENTO FINANCIERO DE CREDITO'),
	(8619, 'LISIN BROKERS ENTIDAD DE FINANCIACION SA'),
	(8620, 'PASTOR SERVICIOS FINANCIEROS ESTABLECIMIENTO FINANCIERO DE CREDITO SA'),
	(8621, 'FINANCIERA MERCANTIL E INDUSTRIAL SOCIEDAD ANONIMA DE FINANCIACION'),
	(8622, 'FINANCIERA DEL ESTE SA ENTIDAD DE FINANCIACION'),
	(8623, 'SERVICIOS ECONOMICOS SA ENTIDAD DE FINANCIACION'),
	(8624, 'GDS - CUSA ENTIDAD DE FINANCIACION SA'),
	(8625, 'FINANCIERA AUGUSTA SA ENTIDAD DE FINANCIACION'),
	(8626, 'FIBUSA ENTIDAD DE FINANCIACION SA'),
	(8627, 'CEDAT SOCIEDAD ANONIMA ENTIDAD DE FINANCIACION'),
	(8628, 'FINANCIERA DE CREDITOS INDUSTRIALES Y COMERCIALES SA'),
	(8629, 'CONTRATACION Y FINANCIACION BALEAR SA ENTIDAD DE FINANCIACION'),
	(8630, 'INVERSIONES FINANCIERAS TARRACO ENTIDAD DE FINANCIACION SA'),
	(8631, 'FINANCIERA ORFILA SA ENTIDAD DE FINANCIACION'),
	(8632, 'SISARGA SA ENTIDAD DE FINANCIACION'),
	(8633, 'FINANCIERA DE GRANADA SA'),
	(8634, 'FINANCIERA ARRIACENSE SA ENTIDAD DE FINANCIACION'),
	(8635, 'CREDITO FINANCIERO VALENCIANO SOCIEDAD ANONIMA ENTIDAD DE FINANCIACION'),
	(8636, 'GRUPO FINANCIERO CENTRO SA ENTIDAD DE FINANCIACION'),
	(8637, 'COMPAÑIA DE FINANCIACION FINANGREF SOCIEDAD ANONIMA'),
	(8638, 'CREDITOS ORENSE SA ENTIDAD DE FINANCIACION'),
	(8639, 'FINANCIERA URBASA ENTIDAD DE FINANCIACION SA'),
	(8640, 'FGA CAPITAL SPAIN ESTABLECIMIENTO FINANCIERO DE CREDITO SA'),
	(8641, 'FINANCIERA PELAYO SA ENTIDAD DE FINANCIACION'),
	(8642, 'CAMBIAL FINANCIERA ENTIDAD DE FINANCIACION SA'),
	(8643, 'FINANCIERA CERVANTES SOCIEDAD ANONIMA COMPAÑIA DE FINANCIACION'),
	(8644, 'AUTOFINANZAS SA'),
	(8645, 'INFISA SOCIEDAD ANONIMA ENTIDAD DE FINANCIACION'),
	(8646, 'EUROHISPANA DE FINANZAS SA'),
	(8647, 'AGRO INDUSTRIAL DE FINANCIACION SA ( SAIFI )'),
	(8648, 'SVENSKA FINANS COMPAÑIA DE FINANCIACION SA'),
	(8649, 'FINANCIERA PARDALILLA SA ENTIDAD DE FINANCIACION'),
	(8650, 'INVERSIONES ERESMA SA ENTIDAD DE FINANCIACION'),
	(8651, 'PROMOCIONES Y FINANCIACIONES HERRRERO SA ENTIDAD DE FINANCIACION'),
	(8652, 'FINANCIERA VILLEN ENTIDAD DE FINANCIACION SA'),
	(8653, 'DRIGSA DE FINANCIACION SA ENTIDAD DE FINANCIACION'),
	(8654, 'CANTABRICA DE CREDITO Y FINANCIACION SOCIEDAD ANONIMA DE FINANCIACION'),
	(8655, 'FINANCIERA ESPUÑA SA'),
	(8656, 'FINANCIERA DEL NORTE DE ESPAÑA ENTIDAD DE FINANCIACION SA'),
	(8657, 'FINANCIERA GENERAL DE CREDITOS E INVERSIONES SA'),
	(8658, 'FINANCIERA FRAGATINA SA ENTIDAD DE FINANCIACION'),
	(8659, 'UNION FINANCIERA DE COLABORADORES EMPRESARIALES SA'),
	(8660, 'ORGANIZACION FINANCIERA CASTELLANA SA'),
	(8661, 'CREDITO COMERCIAL ESPAÑOL SA'),
	(8662, 'FINANCIERA GIRONA SA ENTIDAD DE FINANCIACION'),
	(8663, 'COMPAÑIA DE FINANCIACION DUNA SA'),
	(8664, 'COMPAÑIA DE FINANCIACION BLAJOMA SA'),
	(8665, 'CORPORACION ESPAÑOLA DE FINANCIACION SA'),
	(8666, 'CREDITO ATLANTICO COMPAÑIA DE FINANCIACION SA'),
	(8667, 'FINANCIADORA DEL COMERCIO SA ESTABLECIMIENTO FINANCIERO DE CREDITO'),
	(8668, 'FINANCIERA COMTRANS SA'),
	(8669, 'INVERVIL SA COMPAÑIA DE FINANCIACION'),
	(8670, 'CENTRAL CANARIA DE CREDITO ENTIDAD DE FINANCIACION'),
	(8671, 'MADIN SA ENTIDAD DE FINANCIACION'),
	(8672, 'FINANCIERA DEL SEGURA SA ENTIDAD DE FINANCIACION'),
	(8673, 'FINDEMA SOCIEDAD DE FINANCIACION SA'),
	(8674, 'GESCONDAL ENTIDAD DE FINANCIACION SA'),
	(8675, 'CORPORACION HIPOTECARIA SOCIEDAD ANONIMA ENTIDAD DE FINANCIACION'),
	(8676, 'TRADEMATIC SA'),
	(8677, 'FINANCIERA CASTELLANA ENTIDAD DE FINANCIACION SA'),
	(8678, 'COMPAÑIA ORENSANA DE CREDITO SA ENTIDAD DE FINANCIACION'),
	(8679, 'INTERBAN SOCIEDAD ANONIMA DE FINANCIACION'),
	(8680, 'VALLINVEST SA'),
	(8681, 'LA AUXILIAR DEL COMPRADOR AHORRATIVO SA'),
	(8682, 'MIJARES FINANCIACIONES SA ENTIDAD DE FINANCIACION'),
	(8683, 'COMPAÑIA SANTANDERINA DE FINANCIACION SA'),
	(8684, 'ENTIDAD DE FINANCIACION DE NEGOCIOS FINANCIEROS SA (NEFISA)'),
	(8685, 'SERVISA ENTIDAD DE FINANCIACION SA'),
	(8686, 'HUESCA PATRIMONIAL SA'),
	(8687, 'FIBARNA SA ENTIDAD DE FINANCIACION'),
	(8688, 'ARIFINSA SA ENTIDAD DE FINANCIACION'),
	(8689, 'FINANCIERA OCCIDENTAL SA ENTIDAD DE FINANCIACION'),
	(8690, 'FINANCIACION Y CREDITO BALEAR SA'),
	(8691, 'FINANCO FINANCIACIONES ENTIDAD DE FINANCIACION SA'),
	(8692, 'LA COMARCAL TRANSCONTINENTAL ENTIDAD DE FINANCIACION SA'),
	(8693, 'INVER ARAGON SA ENTIDAD DE FINANCIACION'),
	(8694, 'COMPAÑIA DE FINANCIACION INTERCOMEX SA'),
	(8695, 'PROMOTORA Y FINANCIERA DEL SUR SA'),
	(8696, 'FIGEST SA ENTIDAD DE FINANCIACION'),
	(8697, 'INVERSIONES Y CREDITOS ENTIDAD DE FINANCIACION SA'),
	(8698, 'SIDEFINSA SA ENTIDAD DE FINANCIACION'),
	(8699, 'UNION COMERCIAL DE CREDITO SA'),
	(8700, 'BARREIROS ARMCO SA'),
	(8701, 'ACCION INMOBILIARIA FINANCIERA ENTIDAD DE FINANCIACION SA'),
	(8702, 'ENTIDAD DE FINANCIACION AGRICOLA MERCANTIL E INDUSTRIAL SA'),
	(8703, 'OFICINA TECNICA ENTIDAD DE FINANCIACION SA'),
	(8704, 'CONSORCIO NACIONAL HIPOTECARIO SOCIEDAD ANONIMA DE FINANCIACION'),
	(8705, 'CIRCULO FINANCIERO ASTURIANO ESTABLECIMIENTO FINANCIERO DE CREDITO SA'),
	(8706, 'CONSORCIO FINANCIERO DE CANARIAS ENTIDAD DE FINANCIACION SA'),
	(8707, 'CONSORCIO FINANCIERO DE MALAGA ENTIDAD DE FINANCIACION SA'),
	(8708, 'CREDITOS Y AHORROS MUNDIALES ENTIDAD DE FINANCIACION SA'),
	(8709, 'CONSORCIO FINANCIERO DE TENERIFE SOCIEDAD ANONIMA DE FINANCIACION'),
	(8710, 'CONSORCIO FINANCIERO DE MADRID SA ENTIDAD DE FINANCIACION'),
	(8711, 'CAJA ESPAÑOLA FINANCIERA SA ENTIDAD DE FINANCIACION'),
	(8712, 'CONSORCIO FINANCIERO DE SAN SEBASTIAN SA ENTIDAD DE FINANCIACION'),
	(8713, 'ENTIDAD DE FINANCIACION INVERBAN SA'),
	(8714, 'GMAC ESPAÑA SOCIEDAD ANONIMA DE FINANCIACION EFC'),
	(8715, 'COMPAÑIA ESPAÑOLA DE FINANCIACION SA ( CEFISA )'),
	(8716, 'SOCIEDAD ANONIMA ESPAÑOLA DE CREDITO ENTIDAD DE FINANCIACION ( SAEC )'),
	(8717, 'CORPORACION FINANCIERA SA ENTIDAD DE FINANCIACION'),
	(8718, 'FINANCIERA PEGASO SA ENTIDAD DE FINANCIACION'),
	(8719, 'FINANCIERA DE CADIZ SOCIEDAD ANONIMA DE FINANCIACION'),
	(8720, 'FINANCIERA DE DESCUENTO Y CREDITO SA'),
	(8721, 'PORTQUEIBAN FINANCIERA SA'),
	(8722, 'PROMOTORA DE FINANCIACION CATALANA ESTABLECIMIENTO FINANCIERO DE CREDITO SA'),
	(8723, 'FINANCIERA DE VALLADOLID EMPRESA DE FINANCIACION SA'),
	(8724, 'EGARHOLD ENTIDAD DE FINANCIACION SA'),
	(8725, 'FINDESA ENTIDAD DE FINANCIACION SA'),
	(8726, 'FINANCIACIONES AGRICOLAS E INDUSTRIALES ENTIDAD DE FINANCIACION SA'),
	(8727, 'FINANCIERA DE DESARROLLO Y CREDITO SOCIEDAD ANONIMA DE FINANCIACION'),
	(8728, 'PRESYDES SOCIEDAD ANONIMA DE FINANCIACION'),
	(8729, 'FINANCIERA TARKIS SA ENTIDAD DE FINANCIACION'),
	(8730, 'INSTITUTO HIPOTECARIO ESPAÑOL SA ENTIDAD DE FINANCIACION'),
	(8731, 'FIVA ENTIDAD DE FINANCIACION SOCIEDAD ANONIMA'),
	(8732, 'COMPAÑIA FINANCIERA COMARCAL SA'),
	(8733, 'SOCIEDAD ANONIMA LA PAZ ENTIDAD DE FINANCIACION'),
	(8734, 'MULTIAHORRO EFC SA'),
	(8735, 'NACIONAL FINANCIERA ESTABLECIMIENTO FINANCIERO DE CREDITO SA'),
	(8736, 'COORDINACION FINANCIERA SA ( COFISA )'),
	(8737, 'DESARROLLO PIRENAICO SA'),
	(8738, 'INSTITUTO FINANCIERO DE CREDITO ENTIDAD DE FINANCIACION SA'),
	(8739, 'UNION FINANCIERA INDUSTRIAL SOCIEDAD ANONIMA ESTABLECIMIENTO FINANCIERO DE CREDITO'),
	(8740, 'SOCIEDAD DE FINANCIACION E INVERSIONES FINANCIERAS SA'),
	(8741, 'COFINARSA ENTIDAD DE FINANCIACION SOCIEDAD ANONIMA'),
	(8742, 'CREDITO HISPANICO TERRITORIAL SA'),
	(8743, 'COMPAÑIA FINANCIERA NASHUA SPAIN SA'),
	(8744, 'ENTIDAD DE FINANCIACION INMOBILIARIA SA'),
	(8745, 'CENTRAL LERIDANA DE CREDITO SA ENTIDAD DE FINANCIACION'),
	(8746, 'FINANCIERA BANZANO ENTIDAD DE FINANCIACION SA ( FIBANZANO )'),
	(8747, 'FINANCIERA DE CONCESIONARIOS SOCIEDAD ANONIMA ENTIDAD DE FINANCIACION'),
	(8748, 'ENTIDAD RIOJANA DE FINANCIACION SA'),
	(8749, 'UNEFI UNION EUROPEA DE FINANCIACION INMOBILIARIA ESTABLECIMIENTO FINANC CTO SA'),
	(8750, 'COMPAÑIA ALICANTINA DE CREDITO E INVERSION SA ENTIDAD DE FINANCIACION'),
	(8751, 'FILO LERIDA SOCIEDAD ANONIMA DE FINANCIACION'),
	(8752, 'ENTIDAD DE FINANCIACION DE CREDITOS FRANCO SA (CREDIFRANSA)'),
	(8753, 'PROFIN SOCIEDAD ANONIMA ESTABLECIMIENTO FINANCIERO DE CREDITO'),
	(8754, 'ENTIDAD DE FINANCIACION FISEAT BIENES DE EQUIPO'),
	(8755, 'ALBACETENSE DE CREDITO ENTIDAD DE FINANCIACION SA'),
	(8756, 'FIDARE COMPAÑIA DE FINANCIACION SA'),
	(8757, 'CERVENT SA ENTIDAD DE FINANCIACION'),
	(8758, 'EMPRESA GENERAL DE FINANCIACION SA'),
	(8759, 'CAPIRE ENTIDAD DE FINANCIACION SA'),
	(8760, 'SOCIEDAD ANONIMA DE FINANCIACION INVERSKAL'),
	(8761, 'ENTIDAD DE FINANCIACION CREDITO SALAMANCA SA'),
	(8762, 'CORPORACION FINANCIERA ARIEL ENTIDAD DE FINANCIACION SA'),
	(8763, 'CANVER COMPAÑIA DE FINANCIACION SA'),
	(8764, 'PROGRESO DE FINANCIACIONES SA SOCIEDAD DE FINANCIACION'),
	(8765, 'FINANCIERA MERCURIO ENTIDAD DE FINANCIACION SA'),
	(8766, 'FINANCIERA CUZCO SA ENTIDAD DE FINANCIACION'),
	(8767, 'FINANCIERA MADRID SA ENTIDAD DE FINANCIACION'),
	(8768, 'NISSAN FINANCIACION SOCIEDAD ANONIMA ESTABLECIMIENTO FINANCIERO DE CREDITO'),
	(8769, 'UNION FINANCIERA ASTURIANA SA ESTABLECIMIENTO FINANCIERO DE CREDITO'),
	(8770, 'ENTIDAD DE FINANCIACION EFINEN SA'),
	(8771, 'PROASER ENTIDAD DE FINANCIACION SA'),
	(8772, 'ENTIDAD DE FINANCIACION E INVERSIONES DE MADRID SA'),
	(8773, 'ARALAR ESTABLECIMIENTO FINANCIERO DE CREDITO SA'),
	(8774, 'FUBEL SA ENTIDAD DE FINANCIACION'),
	(8775, 'URQUIJO FINANCIACION SOCIEDAD ANONIMA EF'),
	(8776, 'FINCONSUM ESTABLECIMIENTO FINANCIERO DE CREDITO SA'),
	(8777, 'DAF COMPAÑIA DE FINANCIACION SA'),
	(8778, 'XEROX DE FINANCIACION SA ESTABLECIMIENTO FINANCIERO DE CREDITO'),
	(8779, 'COMPAÑIA DE FINANCIACION MYRIAM SA'),
	(8780, 'BMW FINANCIAL SERVICES IBERICA ESTABLECIMIENTO FINANCIERO DE CREDITO SA'),
	(8781, 'MERCEDES-BENZ CREDIT ESTABLECIMIENTO FINANCIERO DE CREDITO SA'),
	(8782, 'FINANCIACION Y CREDITOS VALENCIA SA COMPAÑIA DE FINANCIACION'),
	(8783, 'CONAFIN SOCIEDAD ANONIMA DE FINANCIACION'),
	(8784, 'FIMESTIC SA ENTIDAD DE FINANCIACION'),
	(8785, 'FINANCIERA SCANIA ENTIDAD DE FINANCIACION SAE'),
	(8786, 'COMPAÑIA DE FINANCIACION FICA SA'),
	(8787, 'IBERCREDITO ENTIDAD DE FINANCIACION SOCIEDAD ANONIMA'),
	(8788, 'FINANCIACAIXA 2 ESTABLECIMIENTO FINANCIERO DE CREDITO SA'),
	(8789, 'BANASTURIAS LEASING EFC SA'),
	(8790, 'MARCH FINANCIACIONES SA SOCIEDAD DE FINANCIACION'),
	(8791, 'BNP-CONSUMO ESTABLECIMIENTO FINANCIERO DE CREDITO SA'),
	(8792, 'COFIBER FINANCIERA ENTIDAD DE FINANCIACION SA'),
	(8793, 'FINANMADRID SA ESTABLECIMIENTO FINANCIERO DE CREDITO'),
	(8794, 'FINEX ESPAÑA ENTIDAD DE FINANCIACION SA'),
	(8795, 'SERVICIOS FINANCIEROS CARREFOUR ESTABLECIMIENTO FINANCIERO DE CREDITO SA'),
	(8796, 'COFIDIS HISPANIA EFC SA'),
	(8797, 'SERVICIOS FINANCIEROS CONTINENTE EFC SA'),
	(8798, 'EURO CREDITO ESTABLECIMIENTO FINANCIERO DE CREDITO SA'),
	(8799, 'WHIRLPOOL FINANCIAL CORPORATION ESPAÑA ENTIDAD DE FINANCIACION SA'),
	(8800, 'AROFINANCE ENTIDAD DE FINANCIACION SA'),
	(8801, 'GESTION DE TARJETAS ESTABLECIMIENTO FINANCIERO DE CREDITO SA'),
	(8802, 'AVCO SERVICIOS FINANCIEROS ESTABLECIMIENTO FINANCIERO DE CREDITO SA'),
	(8803, 'CATERPILLAR FINANCIAL CORPORACION FINANCIERA SA ENTIDAD DE FINANCIACION'),
	(8804, 'COFIBER FINANCIERA ESTABLECIMIENTO FINANCIERO DE CREDITO SOCIEDAD ANONIMA'),
	(8805, 'FINANCIERA EL CORTE INGLES EFC SA'),
	(8806, 'VFS FINANCIAL SERVICES SPAIN EFC SA'),
	(8807, 'ARAFIN ESTABLECIMIENTO FINANCIERO DE CREDITO SA'),
	(8808, 'ABACA CREDITO Y FINANCIACION EFC SA'),
	(8809, 'ARGENTARIA SERVICIOS FINANCIEROS EFC SA'),
	(8810, 'AMERICAN EXPRESS ESTABLECIMIENTO FINANCIERO DE CREDITO SA'),
	(8811, 'GRUPO DE SERVICIOS HIPOTECARIOS ON-LINE EFC SA'),
	(8812, 'SÜDLEASING ESPAÑA EFC SA'),
	(8813, 'SCANIA FINANCE HISPANIA ESTABLECIMIENTO FINANCIERO DE CREDITO SA'),
	(8814, 'ACCORDFIN ESPAÑA ESTABLECIMIENTO FINANCIERO DE CREDITO SA'),
	(8815, 'FINANDIA EFC SA'),
	(8816, 'SOCIEDAD CONJUNTA PARA LA EMISION Y GESTION DE MEDIOS DE PAGO EFC SA'),
	(8817, 'CARTUJA FINANCIERA ANDALUZA SA EFC'),
	(8818, 'CITIFIN SA EFC'),
	(8819, 'TARGASYS STOCK EFC SA'),
	(8820, 'ING REAL ESTATE FINANCE SE EFC SA'),
	(8821, 'BANSABADELL FINCOM EFC SA'),
	(8822, 'FORTIS LEASE IBERIA EFC SA'),
	(8823, 'FINANCIERA ESPAÑOLA DE CREDITO A DISTANCIA EFC SA'),
	(8824, 'CAMGE FINANCIERA EFC SA'),
	(8825, 'ADQUIERA SERVICIOS FINANCIEROS EFC SA'),
	(8826, 'DEUTSCHE LEASING ESPAÑA EFC SA'),
	(8827, 'GMAC RESIDENTIAL FUNDING CORPORATION EFC SA'),
	(8828, 'IOS FINANCE EFC SA'),
	(8829, 'KOMATSU FINANCIAL SPAIN EFC SA'),
	(8830, 'BBKGE KREDIT EFC SA'),
	(8831, 'AFIANZAMIENTOS DE RIESGO EFC SA'),
	(8832, 'BANKINTER CONSUMER FINANCE EFC SA'),
	(8901, 'ARGENTARIA FACTORING EFC SA'),
	(8902, 'CATALANA DE FACTORING SOCIEDAD ANONIMA ESTABLECIMIENTO FINANCIERO DE CREDITO'),
	(8903, 'POPULAR DE FACTORING SOCIEDAD ANONIMA ESTABLECIMIENTO FINANCIERO DE CREDITO'),
	(8904, 'OLIVETTI FINFACTORING ESPAÑOLA SA'),
	(8905, 'BARCLAYS FACTORING SA ESTABLECIMIENTO FINANCIERO DE CREDITO'),
	(8906, 'SANTANDER FACTORING Y CONFIRMING SA EFC'),
	(8907, 'HISPAMER FACTORING ENTIDAD DE FINANCIACION SA'),
	(8908, 'BBVA FACTORING EFC SA'),
	(8909, 'BANSABADELL FACTORING EFC SA'),
	(8910, 'BANESTO FACTORING SA ESTABLECIMIENTO FINANCIERO DE CREDITO'),
	(8911, 'FINANCIERA VENETA ESTABLECIMIENTO FINANCIERO DE CREDITO SA'),
	(8912, 'EUROFACTOR HISPANIA SA EFC'),
	(8913, 'MAPFRE FACTORING ESTABLECIMIENTO FINANCIERO DE CREDITO SA'),
	(8914, 'BNP PARIBAS LEASE GROUP SA EFC'),
	(8915, 'FACTORCAT ESTABLECIMIENTO FINANCIERO DE CREDITO SA'),
	(8916, 'ATLANTICO SERVICIOS FINANCIEROS ESTABLECIMIENTO FINANCIERO DE CREDITO SOCIEDAD ANONIMA'),
	(8917, 'CAIXAFACTORING SOCIEDAD ANONIMA ENTIDAD DE FINANCIACION'),
	(8918, 'TELEFONICA FACTORING ESTABLECIMIENTO FINANCIERO DE CREDITO SA'),
	(9801, 'ISBA SOCIEDAD DE GARANTIA RECIPROCA'),
	(9802, 'SOCIEDAD DE GARANTIA RECIPROCA DE CATALUÑA'),
	(9803, 'SOCIEDAD NACIONAL DE AVALES AL COMERCIO (SONAVALCO SGR) EN LIQUIDACION'),
	(9804, 'COPERFICO SGR'),
	(9805, 'SOCIEDAD DE GARANTIA RECIPROCA DE LOS PEQUEÑOS Y MEDIANOS EMPRESARIOS DE HUESCA (OSCAVAL SGR)'),
	(9806, 'ELKARGI SGR'),
	(9807, 'SEAVAL SGR'),
	(9808, 'SOCIEDAD NAVARRA DE GARANTIA RECIPROCA (SONAGAR SGR)'),
	(9809, 'SOCIEDAD DE AVALES PARA AUTONOMOS PEQUEÑOS Y MEDIANOS EMPRESARIOS DE ZARAGOZA (SOAVALZA SGR)'),
	(9810, 'SOCIEDAD DE GARANTIA RECIPROCA DE LA PROVINCIA DE ALICANTE'),
	(9811, 'CENTRO DE AVALES PARA LA INDUSTRIA Y LA EDICION SGR EN LIQUIDACION'),
	(9812, 'SOCIEDAD DE GARANTIA RECIPROCA DE CASTILLA-LA MANCHA (SOGAMAN SGR) EN LIQUIDACION'),
	(9813, 'SOCIEDAD DE GARANTIA RECIPROCA DE LA COMUNITAT VALENCIANA'),
	(9814, 'SOCIEDAD DE GARANTIA RECIPROCA DE EXTREMADURA (SOGAREX SGR)'),
	(9815, 'SOCIEDAD DE GARANTIA RECIPROCA DE LOS PEQUEÑOS Y MEDIANOS EMPRESARIOS DE TOLEDO'),
	(9816, 'SOCIEDAD DE GARANTIA RECIPROCA DE SANTANDER (SOGARCA SGR)'),
	(9817, 'SOCIEDAD TECNICA DE AVALES SOCIEDAD DE GARANTIA RECIPROCA (SOTECA SGR)'),
	(9818, 'AVAL - MADRID SGR'),
	(9819, 'SGR DE LA PEQUEÑA Y MEDIANA EMPRESA DE PONTEVEDRA Y ORENSE (SOGARPO SGR)'),
	(9820, 'SOCIEDAD DE GARANTIA RECIPROCA MADRILEÑA (SOGAREMA SGR)'),
	(9821, 'CREDIAVAL SOCIEDAD DE GARANTIA RECIPROCA'),
	(9822, 'SOGARLE SGR'),
	(9823, 'SOCIEDAD DE GARANTIA RECIPROCA CASTELLANO LEONESA (SOGACAL SGR)'),
	(9824, 'SOCIEDAD DE GARANTIA RECIPROCA DE ZAMORA (SOGREZA SGR)'),
	(9825, 'PRINCIPADO DE ASTURIAS SGR'),
	(9826, 'SOCIEDAD DE GARANTIAS DE CANARIAS SOCIEDAD DE GARANTIAS RECIPROCAS SGR (SOGARTE)'),
	(9827, 'UNION DE EMPRESARIOS MURCIANOS SOCIEDAD DE GARANTIA RECIPROCA (UNDEMUR SGR)'),
	(9828, 'TRANSAVAL SOCIEDAD DE GARANTIA RECIPROCA'),
	(9829, 'SOCIEDAD DE GARANTIA RECIPROCA DE ASTURIAS (ASTURGAR SGR)'),
	(9830, 'BRANZA SOCIEDAD DE GARANTIA RECIPROCA EN LIQUIDACION'),
	(9831, 'SOCIEDAD DE GARANTIA RECIPROCA INTERSECTORIAL CATALANA (INTERCAT SGR)'),
	(9832, 'AFIANZAMIENTOS DE GALICIA SOCIEDAD DE GARANTIA RECIPROCA (AFIGAL SGR)'),
	(9833, 'SOCIEDAD DE GARANTIA RECIPROCA DE LA PROVINCIA DE CASTELLON (AVALCAS SGR)'),
	(9834, 'SOCIEDAD DE GARANTIA RECIPROCA DE CIUDAD REAL'),
	(9836, 'UNION ANDALUZA DE AVALES SOCIEDAD DE GARANTIA RECIPROCA (AVALUNION SGR)'),
	(9837, 'AGRO-AVAL SOCIEDAD DE GARANTIA RECIPROCA EN LIQUIDACION'),
	(9838, 'SOCIEDAD DE GARANTIA RECIPROCA DE LA PEQUEÑA Y MEDIANA EMPRESA (PYME SGR)'),
	(9839, 'SOCIEDAD DE GARANTIA RECIPROCA DE ANDALUCIA (SURAVAL SGR)'),
	(9840, 'AVALIA ARAGON SOCIEDAD DE GARANTIA RECIPROCA'),
	(9841, 'SOCIEDAD DE GARANTIA RECIPROCA GENERAL DEL VIDRIO'),
	(9842, 'SOCIEDAD DE AVALES DE CANARIAS SOGAPYME SOCIEDAD DE GARANTIA RECIPROCA'),
	(9843, 'OINARRI SOCIEDAD DE GARANTIA PARA LA ECONOMIA SOCIAL SGR'),
	(9844, 'SOCIEDAD DE GARANTIA RECIPROCA EXTREMEÑA DE AVALES'),
	(9845, 'FIANZAS Y SERVICIOS FINANCIEROS SGR'),
	(9846, 'IBERAVAL SOCIEDAD DE GARANTIA RECIPROCA'),
	(9847, 'AVALIS DE CATALUNYA SGR'),
	(9848, 'AUDIOVISUAL AVAL SGR'),
	(9890, 'SOCIEDAD DE GARANTIAS SUBSIDIARIAS SA \'SOGASA\''),
	(9891, 'COMPAÑIA ESPAÑOLA DE REAFIANZAMIENTO SA');
/*!40000 ALTER TABLE `banco` ENABLE KEYS */;


-- Dumping structure for table tierrina.bulto
CREATE TABLE IF NOT EXISTS `bulto` (
  `idBulto` bigint(20) NOT NULL,
  `codigoSalida` varchar(20) COLLATE latin1_spanish_ci DEFAULT NULL,
  `direccionEntrega` varchar(14) COLLATE latin1_spanish_ci DEFAULT NULL
) ENGINE=InnoDB DEFAULT CHARSET=latin1 COLLATE=latin1_spanish_ci;

-- Dumping data for table tierrina.bulto: ~12 rows (approximately)
DELETE FROM `bulto`;
/*!40000 ALTER TABLE `bulto` DISABLE KEYS */;
INSERT INTO `bulto` (`idBulto`, `codigoSalida`, `direccionEntrega`) VALUES
	(1, 'S20130424-1', '163'),
	(2, 'S20130424-2', '350'),
	(3, 'S20130424-3', '350'),
	(4, 'S20130424-4', '350'),
	(5, 'S20130424-5', '350'),
	(6, 'S20130424-6', '350'),
	(7, 'S20130424-7', '350'),
	(8, 'S20130424-8', '153'),
	(9, 'S20130424-9', '153'),
	(10, 'S20130424-10', '153'),
	(11, 'S20130424-11', '153'),
	(12, 'S20130424-12', '75');
/*!40000 ALTER TABLE `bulto` ENABLE KEYS */;


-- Dumping structure for table tierrina.bulto_lotes
CREATE TABLE IF NOT EXISTS `bulto_lotes` (
  `idBulto` bigint(20) NOT NULL,
  `lote` varchar(20) COLLATE latin1_spanish_ci DEFAULT NULL,
  `idHueco` bigint(20) DEFAULT NULL,
  `cantidad` double DEFAULT NULL
) ENGINE=InnoDB DEFAULT CHARSET=latin1 COLLATE=latin1_spanish_ci;

-- Dumping data for table tierrina.bulto_lotes: ~12 rows (approximately)
DELETE FROM `bulto_lotes`;
/*!40000 ALTER TABLE `bulto_lotes` DISABLE KEYS */;
INSERT INTO `bulto_lotes` (`idBulto`, `lote`, `idHueco`, `cantidad`) VALUES
	(1, '03114001', 223, 12),
	(2, '03113007', 223, 1),
	(3, '03113006', 223, 1),
	(4, 'E130423-99', 223, 2),
	(5, 'E130423-100', 223, 1),
	(6, '03113009', 223, 1),
	(7, '03113008', 223, 1),
	(8, 'E130423-80', 223, 1),
	(9, '03113010', 223, 2),
	(10, 'E130423-94', 223, 2),
	(11, '03114002', 223, 1),
	(12, '03114006', 223, 2);
/*!40000 ALTER TABLE `bulto_lotes` ENABLE KEYS */;


-- Dumping structure for table tierrina.categoria
CREATE TABLE IF NOT EXISTS `categoria` (
  `idCategoria` bigint(20) NOT NULL AUTO_INCREMENT,
  `nombre` varchar(200) NOT NULL DEFAULT '',
  PRIMARY KEY (`idCategoria`)
) ENGINE=MyISAM AUTO_INCREMENT=7 DEFAULT CHARSET=latin1;

-- Dumping data for table tierrina.categoria: 6 rows
DELETE FROM `categoria`;
/*!40000 ALTER TABLE `categoria` DISABLE KEYS */;
INSERT INTO `categoria` (`idCategoria`, `nombre`) VALUES
	(1, 'Sin categorizar'),
	(2, 'Extra'),
	(3, 'Primera A'),
	(4, 'Primera'),
	(5, 'Segunda'),
	(6, 'Destrio');
/*!40000 ALTER TABLE `categoria` ENABLE KEYS */;


-- Dumping structure for table tierrina.cliente_diasentrega
CREATE TABLE IF NOT EXISTS `cliente_diasentrega` (
  `idUsuario` bigint(20) NOT NULL DEFAULT '0',
  `idDiaEntrega` tinyint(5) NOT NULL DEFAULT '0',
  PRIMARY KEY (`idUsuario`,`idDiaEntrega`)
) ENGINE=MyISAM DEFAULT CHARSET=latin1;

-- Dumping data for table tierrina.cliente_diasentrega: 0 rows
DELETE FROM `cliente_diasentrega`;
/*!40000 ALTER TABLE `cliente_diasentrega` DISABLE KEYS */;
/*!40000 ALTER TABLE `cliente_diasentrega` ENABLE KEYS */;


-- Dumping structure for table tierrina.codigos_especiales
CREATE TABLE IF NOT EXISTS `codigos_especiales` (
  `idCodigo` int(10) NOT NULL AUTO_INCREMENT,
  `codigo` varchar(8) COLLATE utf8_bin NOT NULL DEFAULT '00000000',
  `descripcion` varchar(255) COLLATE utf8_bin NOT NULL DEFAULT 'Ejecucion',
  PRIMARY KEY (`idCodigo`)
) ENGINE=MyISAM AUTO_INCREMENT=25 DEFAULT CHARSET=utf8 COLLATE=utf8_bin;

-- Dumping data for table tierrina.codigos_especiales: 24 rows
DELETE FROM `codigos_especiales`;
/*!40000 ALTER TABLE `codigos_especiales` DISABLE KEYS */;
INSERT INTO `codigos_especiales` (`idCodigo`, `codigo`, `descripcion`) VALUES
	(1, 'X0000001', 'Salto de bulto'),
	(2, 'X0000002', 'INTRO'),
	(3, 'X0000003', 'Atrás'),
	(4, 'X0000004', 'Cancelar'),
	(5, 'X0000005', 'FIN'),
	(6, 'X0000006', 'Merma'),
	(7, 'X0000007', 'Mover'),
	(8, 'X0000008', 'Inventario'),
	(9, 'X0000009', 'Devolución'),
	(10, 'XN000000', '0'),
	(11, 'XN000001', '1'),
	(12, 'XN000002', '2'),
	(13, 'XN000003', '3'),
	(14, 'XN000004', '4'),
	(15, 'XN000005', '5'),
	(16, 'XN000006', '6'),
	(17, 'XN000007', '7'),
	(18, 'XN000008', '8'),
	(19, 'XN000009', '9'),
	(20, 'XN00000.', ','),
	(21, 'XN000000', '0'),
	(22, 'XN000000', '0'),
	(23, 'XN000000', '0'),
	(24, 'XN000000', '0');
/*!40000 ALTER TABLE `codigos_especiales` ENABLE KEYS */;


-- Dumping structure for table tierrina.contacto
CREATE TABLE IF NOT EXISTS `contacto` (
  `idContacto` bigint(20) NOT NULL DEFAULT '0',
  `idUsuario` bigint(20) NOT NULL DEFAULT '0',
  `nombreContacto` varchar(200) COLLATE utf8_spanish_ci NOT NULL DEFAULT '',
  `cargoContacto` varchar(150) CHARACTER SET latin1 DEFAULT NULL,
  `telefonoContacto` varchar(50) CHARACTER SET latin1 DEFAULT NULL,
  `extensionContacto` varchar(10) CHARACTER SET latin1 DEFAULT NULL,
  `emailContacto` varchar(100) CHARACTER SET latin1 DEFAULT NULL,
  `dptoContacto` varchar(100) CHARACTER SET latin1 DEFAULT NULL,
  PRIMARY KEY (`idContacto`),
  KEY `idUsuario` (`idUsuario`)
) ENGINE=MyISAM DEFAULT CHARSET=utf8 COLLATE=utf8_spanish_ci;

-- Dumping data for table tierrina.contacto: 26 rows
DELETE FROM `contacto`;
/*!40000 ALTER TABLE `contacto` DISABLE KEYS */;
INSERT INTO `contacto` (`idContacto`, `idUsuario`, `nombreContacto`, `cargoContacto`, `telefonoContacto`, `extensionContacto`, `emailContacto`, `dptoContacto`) VALUES
	(1, 1, 'Juan Carlos Barrios', 'Gerente', '', '', '', ''),
	(2, 2, 'Nelson Pérez', 'Gerente', '', '', '', ''),
	(3, 3, 'Tino', 'Agricultor', '985979801', '', '', ''),
	(4, 4, 'José Antonio -Maite', 'Jefe Ventas', '985898052-605240951', '', '', ''),
	(5, 5, 'Kin', '', '', '', '', ''),
	(6, 6, '', '', '', '', '', ''),
	(7, 7, '', '', '', '', '', ''),
	(8, 8, 'Fanny Cárdenas', 'Gerente', '0059176635960', '', '', ''),
	(9, 9, 'Juan Carlos', 'Gerente', '630988771', '', '', ''),
	(10, 10, 'Manuel', 'Gerente', '630187682', '', '', ''),
	(11, 11, '', '', '', '', '', ''),
	(12, 12, 'Jose Manuel Garcia', 'Gerente', '647 575 078', '', '', ''),
	(13, 13, 'Francisco Junco', 'Jefe Ventas', '985794215', '', '', ''),
	(14, 14, '', '', '', '', '', ''),
	(15, 15, '', '', '', '', '', ''),
	(16, 16, '', '', '', '', '', ''),
	(17, 17, '', '', '985551011', '', '', ''),
	(18, 18, 'Víctor', '', '', '', '', ''),
	(19, 19, '', '', '', '', '', ''),
	(20, 20, 'Jose Maria Vazquez', 'Gerente', '972357015', '', '', ''),
	(21, 21, 'Antonio Albornoz', 'Gerente', '625 348 700', '', '', ''),
	(22, 22, '', '', '', '', '', ''),
	(23, 23, 'David', 'Comercial', '', '', '', ''),
	(24, 24, 'Paqui', 'Responsable ventas', '608821116', '', '', ''),
	(25, 25, 'Antonio-Maria', '', '983313339', '', '', ''),
	(26, 26, 'Antonio Albornoz', 'Gerente', '625 348 700', '', '', '');
/*!40000 ALTER TABLE `contacto` ENABLE KEYS */;


-- Dumping structure for table tierrina.copiaseguridad
CREATE TABLE IF NOT EXISTS `copiaseguridad` (
  `idBackup` bigint(20) NOT NULL AUTO_INCREMENT,
  `nombre` varchar(100) COLLATE utf8_bin NOT NULL DEFAULT '0',
  `fecha` date DEFAULT NULL,
  `auto` char(1) COLLATE utf8_bin NOT NULL DEFAULT 'N',
  `ultimoAuto` char(1) COLLATE utf8_bin DEFAULT 'S',
  PRIMARY KEY (`idBackup`)
) ENGINE=MyISAM AUTO_INCREMENT=197 DEFAULT CHARSET=utf8 COLLATE=utf8_bin;

-- Dumping data for table tierrina.copiaseguridad: 93 rows
DELETE FROM `copiaseguridad`;
/*!40000 ALTER TABLE `copiaseguridad` DISABLE KEYS */;
INSERT INTO `copiaseguridad` (`idBackup`, `nombre`, `fecha`, `auto`, `ultimoAuto`) VALUES
	(128, '0', '2012-10-11', 'S', 'N'),
	(127, '0', '2012-10-08', 'S', 'N'),
	(126, '0', '2012-10-05', 'S', 'N'),
	(125, '0', '2012-10-03', 'S', 'N'),
	(124, '0', '2012-10-01', 'S', 'N'),
	(123, '0', '2012-09-27', 'S', 'N'),
	(122, '0', '2012-09-25', 'S', 'N'),
	(121, '0', '2012-09-21', 'S', 'N'),
	(120, '0', '2012-09-19', 'S', 'N'),
	(119, '0', '2012-09-17', 'S', 'N'),
	(118, '0', '2012-09-14', 'S', 'N'),
	(117, '0', '2012-09-12', 'S', 'N'),
	(116, '0', '2012-09-10', 'S', 'N'),
	(115, '0', '2012-09-05', 'S', 'N'),
	(114, '0', '2012-09-03', 'S', 'N'),
	(113, '0', '2012-08-31', 'S', 'N'),
	(112, '0', '2012-08-29', 'S', 'N'),
	(111, '0', '2012-08-27', 'S', 'N'),
	(110, '0', '2012-08-23', 'S', 'N'),
	(109, '0', '2012-08-20', 'S', 'N'),
	(108, '0', '2012-08-16', 'S', 'N'),
	(107, '0', '2012-08-13', 'S', 'N'),
	(106, '0', '2012-08-10', 'S', 'N'),
	(105, '0', '2012-06-07', 'S', 'N'),
	(104, '0', '2012-05-31', 'S', 'N'),
	(103, '0', '2012-05-30', 'N', 'N'),
	(129, '0', '2012-10-15', 'S', 'N'),
	(130, '0', '2012-10-17', 'S', 'N'),
	(131, '0', '2012-10-19', 'S', 'N'),
	(132, '0', '2012-10-22', 'S', 'N'),
	(133, '0', '2012-10-24', 'S', 'N'),
	(134, '0', '2012-10-26', 'S', 'N'),
	(135, '0', '2012-10-29', 'S', 'N'),
	(136, '0', '2012-10-31', 'S', 'N'),
	(137, '0', '2012-11-02', 'S', 'N'),
	(138, '0', '2012-11-05', 'S', 'N'),
	(139, '0', '2012-11-07', 'S', 'N'),
	(140, '0', '2012-11-09', 'S', 'N'),
	(141, '0', '2012-11-12', 'S', 'N'),
	(142, '0', '2012-11-14', 'S', 'N'),
	(143, '0', '2012-11-16', 'S', 'N'),
	(144, '0', '2012-11-19', 'S', 'N'),
	(145, '0', '2012-11-21', 'S', 'N'),
	(146, '0', '2012-11-23', 'S', 'N'),
	(147, '0', '2012-11-26', 'S', 'N'),
	(148, '0', '2012-11-28', 'S', 'N'),
	(149, '0', '2012-11-30', 'S', 'N'),
	(150, '0', '2012-12-04', 'S', 'N'),
	(151, '0', '2012-12-17', 'S', 'N'),
	(152, '0', '2012-12-19', 'S', 'N'),
	(153, '0', '2012-12-21', 'S', 'N'),
	(154, '0', '2012-12-24', 'S', 'N'),
	(155, '0', '2012-12-26', 'S', 'N'),
	(156, '0', '2012-12-28', 'S', 'N'),
	(157, '0', '2013-01-02', 'S', 'N'),
	(158, '0', '2013-01-04', 'S', 'N'),
	(159, '0', '2013-01-08', 'S', 'N'),
	(160, '0', '2013-01-10', 'S', 'N'),
	(161, '0', '2013-01-14', 'S', 'N'),
	(162, '0', '2013-01-16', 'S', 'N'),
	(163, '0', '2013-01-21', 'S', 'N'),
	(164, '0', '2013-01-23', 'S', 'N'),
	(165, '0', '2013-01-25', 'S', 'N'),
	(166, '0', '2013-01-28', 'S', 'N'),
	(167, '0', '2013-01-30', 'S', 'N'),
	(168, '0', '2013-02-01', 'S', 'N'),
	(169, '0', '2013-02-04', 'S', 'N'),
	(170, '0', '2013-02-06', 'S', 'N'),
	(171, '0', '2013-02-08', 'S', 'N'),
	(172, '0', '2013-02-11', 'S', 'N'),
	(173, '0', '2013-02-13', 'S', 'N'),
	(174, '0', '2013-02-15', 'S', 'N'),
	(175, '0', '2013-02-19', 'S', 'N'),
	(176, '0', '2013-02-21', 'S', 'N'),
	(177, '0', '2013-02-25', 'S', 'N'),
	(178, '0', '2013-02-27', 'S', 'N'),
	(179, '0', '2013-03-01', 'S', 'N'),
	(180, '0', '2013-03-04', 'S', 'N'),
	(181, '0', '2013-03-06', 'S', 'N'),
	(182, '0', '2013-03-08', 'S', 'N'),
	(183, '0', '2013-03-11', 'S', 'N'),
	(184, '0', '2013-03-13', 'S', 'N'),
	(185, '0', '2013-03-15', 'S', 'N'),
	(186, '0', '2013-03-17', 'S', 'N'),
	(187, '0', '2013-03-19', 'S', 'N'),
	(188, '0', '2013-03-21', 'S', 'N'),
	(189, '0', '2013-03-25', 'S', 'N'),
	(190, '0', '2013-03-27', 'S', 'N'),
	(191, '0', '2013-04-01', 'S', 'N'),
	(192, '0', '2013-04-03', 'S', 'N'),
	(193, '0', '2013-04-05', 'S', 'N'),
	(194, '0', '2013-04-08', 'S', 'N'),
	(196, '0', '2013-04-24', 'S', 'S');
/*!40000 ALTER TABLE `copiaseguridad` ENABLE KEYS */;


-- Dumping structure for table tierrina.cosecha
CREATE TABLE IF NOT EXISTS `cosecha` (
  `idCosecha` bigint(20) NOT NULL DEFAULT '0',
  `nombre` varchar(100) NOT NULL DEFAULT '',
  `tipo` set('V','N','I') DEFAULT NULL,
  PRIMARY KEY (`idCosecha`)
) ENGINE=MyISAM DEFAULT CHARSET=latin1;

-- Dumping data for table tierrina.cosecha: 4 rows
DELETE FROM `cosecha`;
/*!40000 ALTER TABLE `cosecha` DISABLE KEYS */;
INSERT INTO `cosecha` (`idCosecha`, `nombre`, `tipo`) VALUES
	(0, 'Sin referencia', ''),
	(1, 'IMP-Mayo-Julio', 'V'),
	(2, 'IMP-Diciembre-Enero', 'I'),
	(3, 'NAC-Septiembre', 'N');
/*!40000 ALTER TABLE `cosecha` ENABLE KEYS */;


-- Dumping structure for table tierrina.direccion
CREATE TABLE IF NOT EXISTS `direccion` (
  `idDireccion` bigint(20) NOT NULL AUTO_INCREMENT,
  `empresa_idUsuario` bigint(20) NOT NULL DEFAULT '0',
  `idProvincia` bigint(20) DEFAULT '0',
  `idRuta` bigint(20) DEFAULT NULL,
  `tipoDireccion` char(1) CHARACTER SET latin1 COLLATE latin1_spanish_ci NOT NULL DEFAULT 'F',
  `nombreCalle` varchar(255) CHARACTER SET latin1 COLLATE latin1_spanish_ci DEFAULT NULL,
  `ubicacion` varchar(50) CHARACTER SET latin1 COLLATE latin1_spanish_ci DEFAULT '0',
  `portal` varchar(255) CHARACTER SET latin1 COLLATE latin1_spanish_ci DEFAULT NULL,
  `piso` varchar(255) CHARACTER SET latin1 COLLATE latin1_spanish_ci DEFAULT NULL,
  `letra` varchar(255) CHARACTER SET latin1 COLLATE latin1_spanish_ci DEFAULT NULL,
  `puerta` varchar(255) CHARACTER SET latin1 COLLATE latin1_spanish_ci DEFAULT NULL,
  `escalera` varchar(255) CHARACTER SET latin1 COLLATE latin1_spanish_ci DEFAULT NULL,
  `localidad` varchar(255) CHARACTER SET latin1 COLLATE latin1_spanish_ci DEFAULT NULL,
  `municipio` varchar(255) CHARACTER SET latin1 COLLATE latin1_spanish_ci DEFAULT NULL,
  `codigoPostal` varchar(255) CHARACTER SET latin1 COLLATE latin1_spanish_ci DEFAULT NULL,
  `pais` varchar(255) CHARACTER SET latin1 COLLATE latin1_spanish_ci DEFAULT NULL,
  `horarioEntrega` varchar(50) CHARACTER SET latin1 COLLATE latin1_spanish_ci DEFAULT NULL,
  `ean` varchar(14) CHARACTER SET latin1 COLLATE latin1_spanish_ci DEFAULT NULL,
  PRIMARY KEY (`idDireccion`),
  KEY `FK6CB05D10918B1F06` (`empresa_idUsuario`),
  KEY `idProvincia` (`idProvincia`),
  KEY `idRuta` (`idRuta`)
) ENGINE=MyISAM AUTO_INCREMENT=356 DEFAULT CHARSET=utf8 COLLATE=utf8_spanish_ci;

-- Dumping data for table tierrina.direccion: 347 rows
DELETE FROM `direccion`;
/*!40000 ALTER TABLE `direccion` DISABLE KEYS */;
INSERT INTO `direccion` (`idDireccion`, `empresa_idUsuario`, `idProvincia`, `idRuta`, `tipoDireccion`, `nombreCalle`, `ubicacion`, `portal`, `piso`, `letra`, `puerta`, `escalera`, `localidad`, `municipio`, `codigoPostal`, `pais`, `horarioEntrega`, `ean`) VALUES
	(1, 1, 5, NULL, 'F', 'Apto Correos 256', '0', NULL, NULL, NULL, NULL, NULL, 'Gijón', 'Gijón', '33212', NULL, '', '8436016000000'),
	(2, 3, 0, NULL, 'F', 'Calle Santiago de Compostela Sur, S/N- Edificio de Oficinas Madrid 2', '0', NULL, NULL, NULL, NULL, NULL, 'La Vaguada', '', '28029', NULL, '', '8436016000024 '),
	(31, 15, 5, NULL, 'E', 'C/ Doctor Graiño,35', '0', NULL, NULL, NULL, NULL, NULL, 'Avilés', 'Avilés', '33401', NULL, '', '8436016000130'),
	(30, 15, 5, NULL, 'E', 'Plaza de los Hermanos Orbon, 12', '0', NULL, NULL, NULL, NULL, NULL, 'Avilés', 'Avilés', '33401', NULL, '', '8436016000147 '),
	(6, 16, 5, NULL, 'E', 'Polígono Aguila negra', '0', NULL, NULL, NULL, NULL, NULL, 'Colloto', 'Oviedo', '', NULL, '', '8436016090100'),
	(7, 16, 5, NULL, 'A', 'Santa Susana, nº2', '0', NULL, NULL, NULL, NULL, NULL, 'Oviedo', 'Oviedo', '33008', NULL, '', '8436016090101'),
	(8, 35, 0, NULL, 'E', 'Santa Cruz de la Sierra', '0', NULL, NULL, NULL, NULL, NULL, '', '', '', NULL, '', '0'),
	(9, 38, 5, NULL, 'E', 'Naveda,12', '0', NULL, NULL, NULL, NULL, NULL, 'Naveda', '', '', NULL, '', '0'),
	(10, 39, 0, NULL, 'E', 'Valtravieso', '0', NULL, NULL, NULL, NULL, NULL, 'Santiago de Otur', '', '', NULL, '', '0'),
	(11, 41, 5, NULL, 'E', 'P.I. BARCIA-ALMUÑA Parc. 11 Fase II', '0', NULL, NULL, NULL, NULL, NULL, 'LUARCA', '', '33700', NULL, '', '0'),
	(12, 42, 0, NULL, 'E', 'Manuel María Caballero', '0', NULL, NULL, NULL, NULL, NULL, 'Comarapa', '', '', NULL, '', '0'),
	(122, 43, 43, NULL, 'E', 'Pol. Industrial Nave 21', '0', NULL, NULL, NULL, NULL, NULL, 'Bargas', '', '45593', NULL, '', '00000000000000'),
	(14, 44, 24, NULL, 'E', 'Calle del Balneario', '0', NULL, NULL, NULL, NULL, NULL, 'Arteixo', '', '15142', NULL, '', '0'),
	(15, 46, 5, NULL, 'E', 'pol. ind. Barcia-almuña Parcela 14 Fase I', '0', NULL, NULL, NULL, NULL, NULL, 'Luarca', '', '33787', NULL, '', '0'),
	(16, 38, 5, NULL, 'E', 'Parque Empresarial Aguila del Nora', '0', NULL, NULL, NULL, NULL, NULL, 'Colloto', '', '', NULL, '', '0'),
	(17, 48, 5, NULL, 'E', 'Edif. Servicios Logisticos nº 1-Puerto El Musel', '0', NULL, NULL, NULL, NULL, NULL, 'Gijón', '', '33212', NULL, '', '0'),
	(18, 49, 5, NULL, 'E', 'Puerto del Musel', '0', NULL, NULL, NULL, NULL, NULL, 'Gijón', '', '33212', NULL, '', '0'),
	(19, 51, 5, NULL, 'E', 'Avda. de Gijon, 2', '0', NULL, NULL, NULL, NULL, NULL, 'Avilés', '', '33400', NULL, '', '0'),
	(20, 52, 5, NULL, 'E', 'P.I. BARCIA-ALMUÑA Parc. 11 Fase II', '0', NULL, NULL, NULL, NULL, NULL, 'Luarca', '', '33700', NULL, '', '0'),
	(21, 54, 16, NULL, 'E', 'Montjuic, 21', '0', NULL, NULL, NULL, NULL, NULL, 'Blanes', '', '17300', NULL, '', '0'),
	(22, 60, 5, NULL, 'E', 'Plaza Longoria Carbajal, 3 2º D', '0', NULL, NULL, NULL, NULL, NULL, 'Oviedo', '', '33002', NULL, '', '0'),
	(23, 56, 5, NULL, 'E', 'Pol. Granda II. C/ Los Pinos,Nave 12', '0', NULL, NULL, NULL, NULL, NULL, 'Granda', '', '33199', NULL, '', '0'),
	(24, 57, 50, NULL, 'E', 'Polígono Sidamon Industrial ', '0', NULL, NULL, NULL, NULL, NULL, 'Sidamon', '', '25222', NULL, '', '0'),
	(25, 58, 3, NULL, 'E', 'Alcalde Baeza Santamaria,8', '0', NULL, NULL, NULL, NULL, NULL, 'El Campello', '', '03560', NULL, '', '0'),
	(26, 59, 45, NULL, 'E', 'Etileno,10', '0', NULL, NULL, NULL, NULL, NULL, 'Pol. Ind. San Cristobal', '', '47012', NULL, '', '0'),
	(27, 60, 5, NULL, 'E', 'Plaza Longoria Carbajal, 3 2º D', '0', NULL, NULL, NULL, NULL, NULL, 'Oviedo', '', '33002', NULL, '', '0'),
	(28, 61, 35, NULL, 'E', 'Ctra. Peinador, 5-A', '0', NULL, NULL, NULL, NULL, NULL, 'Mos', 'Mos', '36416', NULL, '', '0'),
	(29, 62, 0, NULL, 'E', 'Muelle Del Rendiello, S/N- El Musel', '0', NULL, NULL, NULL, NULL, NULL, 'Lorquí', '', '30564', NULL, '', '0'),
	(32, 15, 5, NULL, 'E', 'C/ La Camara, 42', '0', NULL, NULL, NULL, NULL, NULL, 'Avilés', 'Avilés', '33401', NULL, '', '8436016000130 '),
	(33, 73, 5, NULL, 'E', 'C/ Peña Santa s/n', '0', NULL, NULL, NULL, NULL, NULL, 'Pol. Silvota', 'Llanera', '33192', NULL, '', '00000000000000'),
	(34, 74, 43, NULL, 'E', 'Ctra. Avila Km 2,750', '0', NULL, NULL, NULL, NULL, NULL, '', 'Toledo', '45005', NULL, '', '00000000000000'),
	(35, 75, 5, NULL, 'E', 'Urb. Santianes del Terrón', '0', NULL, NULL, NULL, NULL, NULL, '', 'Arriondas', '33500', NULL, '', '00000000000000'),
	(36, 76, 5, NULL, 'E', 'Plaza Jardines del Ayuntamiento 3', '0', NULL, NULL, NULL, NULL, NULL, '', 'Cangas de Onis', '33550', NULL, '', '00000000000000'),
	(37, 77, 5, NULL, 'E', 'González Besada 15', '0', NULL, NULL, NULL, NULL, NULL, '', 'Oviedo', '33007', NULL, '', '00000000000000'),
	(38, 78, 46, NULL, 'E', 'Barrio Zabalondo Ausotegi', '0', NULL, NULL, NULL, NULL, NULL, 'Laukariz', 'Mungia', '48100', NULL, '', '00000000000000'),
	(39, 79, 11, NULL, 'E', 'Alameda del Solano 34', '0', NULL, NULL, NULL, NULL, NULL, 'Chiclana de la Frontera', '', '11130', NULL, '', '00000000000000'),
	(40, 80, 18, NULL, 'E', 'Pol. Cabanillas, parcela 22', '0', NULL, NULL, NULL, NULL, NULL, 'Cabanillas del Campo', '', '19171', NULL, '', '00000000000000'),
	(41, 81, 27, NULL, 'E', 'Camino de los Molinos s/n', '0', NULL, NULL, NULL, NULL, NULL, '', 'Astorga', '24700', NULL, '', '00000000000000'),
	(121, 43, 43, NULL, 'E', 'Camino de la Mora s/n', '0', NULL, NULL, NULL, NULL, NULL, 'Cabañas de la Sagra', '', '45592', NULL, '', '0'),
	(43, 83, 5, NULL, 'E', 'Calzada de Ponga 16', '0', NULL, NULL, NULL, NULL, NULL, 'Cangas de Onis ', '', '33550', NULL, '', '00000000000000'),
	(44, 84, 5, NULL, 'E', 'C/ Pidal 17', '0', NULL, NULL, NULL, NULL, NULL, 'Llanes', '', '33500', NULL, '', '00000000000000'),
	(45, 85, 5, NULL, 'E', 'c/ Pedreru, Nave 21, Pol. Ind. Baiña', '0', NULL, NULL, NULL, NULL, NULL, 'Baiña', 'Mieres', '33682', NULL, '', '00000000000000'),
	(46, 86, 5, NULL, 'E', 'Ctra. Langreo 12', '0', NULL, NULL, NULL, NULL, NULL, 'El Berrón', 'Sierro', '33186', NULL, '', '00000000000000'),
	(47, 87, 5, NULL, 'E', 'Avd. de Oviedo 31', '0', NULL, NULL, NULL, NULL, NULL, 'Noreña', '', '33180', NULL, '', '00000000000000'),
	(48, 88, 29, NULL, 'E', 'Nave polivalencia pto. 42', '0', NULL, NULL, NULL, NULL, NULL, 'Mercamadrid', '', '28053', NULL, '', '00000000000000'),
	(49, 89, 5, NULL, 'E', 'Parque empresarial de Argame c/ Peña Manteca 18', '0', NULL, NULL, NULL, NULL, NULL, 'Argame', 'Morcin', '33163', NULL, '', '00000000000000'),
	(50, 90, 5, NULL, 'E', 'Ctra. Piles- Alto del Infanzón 456', '0', NULL, NULL, NULL, NULL, NULL, 'Gijón', '', '33203', NULL, '', '00000000000000'),
	(51, 91, 5, NULL, 'E', 'c/El Fondón 1', '0', NULL, NULL, NULL, NULL, NULL, 'El Palco', 'Cangas de Onis', '33550', NULL, '', '00000000000000'),
	(52, 92, 5, NULL, 'E', 'C/ Melquiades Alvarez', '0', NULL, NULL, NULL, NULL, NULL, 'Oviedo', '', '33002', NULL, '', '00000000000000'),
	(53, 93, 29, NULL, 'E', 'C/Colegios 8', '0', NULL, NULL, NULL, NULL, NULL, 'Alcalá de Henares', '', '28801', NULL, '', '00000000000000'),
	(54, 94, 5, NULL, 'E', 'Villanueva s/n', '0', NULL, NULL, NULL, NULL, NULL, 'Cangas de Onis', '', '33550', NULL, '', '00000000000000'),
	(55, 95, 5, NULL, 'E', 'Pq. Isabel La Católica s/n', '0', NULL, NULL, NULL, NULL, NULL, 'Gijón', '', '33204', NULL, '', '00000000000000'),
	(56, 96, 5, NULL, 'E', 'Collia s/n', '0', NULL, NULL, NULL, NULL, NULL, 'Arriondas', '', '33549', NULL, '', '00000000000000'),
	(57, 97, 29, NULL, 'E', 'Pol. Urtinsa, C/ Cerrajeros 9N', '0', NULL, NULL, NULL, NULL, NULL, 'Alcorcón', '', '28925', NULL, '', '00000000000000'),
	(58, 98, 5, NULL, 'E', 'Lg. Niembro s/n', '0', NULL, NULL, NULL, NULL, NULL, 'Llanes', '', '33595', NULL, '', '00000000000000'),
	(59, 99, 5, NULL, 'E', 'Ctra. Covadonga', '0', NULL, NULL, NULL, NULL, NULL, 'Muñigo', 'Cangas de Onis ', 'B33950973', NULL, '', '00000000000000'),
	(60, 100, 5, NULL, 'E', 'Avd. Juan Sitges 3', '0', NULL, NULL, NULL, NULL, NULL, 'Salinas', 'Castrillón', '33400', NULL, '', '00000000000000'),
	(61, 101, 12, NULL, 'E', 'Barrio del Sol s/n', '0', NULL, NULL, NULL, NULL, NULL, 'Villaverde de Pontones', '', '39793', NULL, '', '00000000000000'),
	(62, 104, 5, NULL, 'E', 'C/ Pico Meras 2', '0', NULL, NULL, NULL, NULL, NULL, 'Pravia', '', '33120', NULL, '', '00000000000000'),
	(63, 105, 5, NULL, 'E', 'Lg. Las Caldas s/n', '0', NULL, NULL, NULL, NULL, NULL, 'Oviedo ', '', '33174', NULL, '', '00000000000000'),
	(64, 106, 5, NULL, 'E', 'C/ Manuel Caso de la Villa 20', '0', NULL, NULL, NULL, NULL, NULL, 'Ribadesella', '', '33560', NULL, '', '00000000000000'),
	(65, 110, 5, NULL, 'E', 'C/ San Francisco 8', '0', NULL, NULL, NULL, NULL, NULL, 'Oviedo', '', '33003', NULL, '', '00000000000000'),
	(66, 111, 5, NULL, 'E', 'Lg. La Salgar 10', '0', NULL, NULL, NULL, NULL, NULL, 'Arriondas', '', '33549', NULL, '', '00000000000000'),
	(67, 113, 28, NULL, 'F', 'Alaxe, nº 18', '0', NULL, NULL, NULL, NULL, NULL, 'San Jorge', 'Lourenzá', '27751', NULL, '', '00000000000000'),
	(68, 114, 5, NULL, 'E', 'Avd. de Europa 14', '0', NULL, NULL, NULL, NULL, NULL, 'Arriondas', '', '33391', NULL, '', '00000000000000'),
	(69, 115, 5, NULL, 'E', 'Plz. 19 Octubre 45', '0', NULL, NULL, NULL, NULL, NULL, 'Oviedo', '', '33009', NULL, '', '00000000000000'),
	(70, 116, 5, NULL, 'E', 'C/ Camino Real 53', '0', NULL, NULL, NULL, NULL, NULL, 'Colloto', '', '33010', NULL, '', '00000000000000'),
	(71, 117, 5, NULL, 'E', 'Ctra. General 40', '0', NULL, NULL, NULL, NULL, NULL, 'Granda', 'Siero', '33199', NULL, '', '00000000000000'),
	(72, 118, 5, NULL, 'E', 'Plaza Trascorrales 6', '0', NULL, NULL, NULL, NULL, NULL, 'Oviedo', '', '33009', NULL, '', '00000000000000'),
	(73, 119, 5, NULL, 'E', 'C/ Gran Vía 1', '0', NULL, NULL, NULL, NULL, NULL, 'Lastres', 'Colunga', '33330', NULL, '', '00000000000000'),
	(74, 120, 33, NULL, 'E', 'C/ Sta. Baia s/n', '0', NULL, NULL, NULL, NULL, NULL, 'Pereiro de Aguiar', '', '32710', NULL, '', '00000000000000'),
	(75, 121, 5, NULL, 'A', 'Ctra. AS-18 Km11', '0', NULL, NULL, NULL, NULL, NULL, 'Pruvia', 'Llanera', '33192', NULL, '', '00000000000000'),
	(76, 122, 5, NULL, 'E', 'S. Francisco 21', '0', NULL, NULL, NULL, NULL, NULL, 'Oviedo', '', '33005', NULL, '', '00000000000000'),
	(77, 123, 5, NULL, 'E', 'C/ Pelayo 15', '0', NULL, NULL, NULL, NULL, NULL, 'Oviedo', '', '33203', NULL, '', '00000000000000'),
	(78, 124, 5, NULL, 'E', 'C/El Turismo s/n', '0', NULL, NULL, NULL, NULL, NULL, 'Cangas de Onis', '', '33350', NULL, '', '00000000000000'),
	(79, 125, 5, NULL, 'E', 'C/Camín de la Cuesta Gil, 140', '0', NULL, NULL, NULL, NULL, NULL, 'Mareo', 'Gijón', '33390', NULL, '', '00000000000000'),
	(80, 126, 5, NULL, 'A', 'Camino Dalias 80', '0', NULL, NULL, NULL, NULL, NULL, 'Gijón', '', '33203', NULL, '', '00000000000000'),
	(83, 127, 5, NULL, 'E', 'Lg Latores 8 B', '0', NULL, NULL, NULL, NULL, NULL, 'Oviedo', '', '33193', NULL, '', '00000000000000'),
	(84, 128, 26, NULL, 'E', 'C/ General Balnes 3 (Esq Unamuno)', '0', NULL, NULL, NULL, NULL, NULL, 'Arrecife', 'Lanzarote', '35500', NULL, '', '00000000000000'),
	(85, 129, 5, NULL, 'E', 'C/S.Antonio  8 Bajo', '0', NULL, NULL, NULL, NULL, NULL, 'Oviedo', '', '33003', NULL, '', '00000000000000'),
	(86, 130, 29, NULL, 'E', 'Avd General Perón 10', '0', NULL, NULL, NULL, NULL, NULL, 'Madrid', '', '28020', NULL, '', '00000000000000'),
	(87, 131, 5, NULL, 'E', 'C/ Campomanes 24-26', '0', NULL, NULL, NULL, NULL, NULL, 'Oviedo', '', '33008', NULL, '', '00000000000000'),
	(88, 132, 5, NULL, 'E', 'Eduardo de Fraga', '0', NULL, NULL, NULL, NULL, NULL, 'Oviedo', '', '33011', NULL, '', '00000000000000'),
	(89, 134, 5, NULL, 'E', 'C/ Las Veigas 2', '0', NULL, NULL, NULL, NULL, NULL, 'Navia', '', '33710', NULL, '', '00000000000000'),
	(90, 135, 5, NULL, 'E', 'C/ Gascona 9', '0', NULL, NULL, NULL, NULL, NULL, 'Oviedo', '', '33003', NULL, '', '00000000000000'),
	(91, 136, 5, NULL, 'E', 'C/ Victor Chavarri 3', '0', NULL, NULL, NULL, NULL, NULL, 'Oviedo', '', '33001', NULL, '', '00000000000000'),
	(92, 137, 39, NULL, 'E', 'C/ CARRERA 8', '0', NULL, NULL, NULL, NULL, NULL, 'Morón de la Frontera', '', '41530', NULL, '', '00000000000000'),
	(93, 138, 5, NULL, 'A', 'Cuesta de la Rectoral', '0', NULL, NULL, NULL, NULL, NULL, 'Taramundi', '', '33775', NULL, '', '00000000000000'),
	(94, 139, 3, NULL, 'E', 'Pol Ind. Sta Ana ', '0', NULL, NULL, NULL, NULL, NULL, 'Guardamar del Segura', '', '03140', NULL, '', '00000000000000'),
	(95, 140, 5, NULL, 'E', 'Pol. Ind. Espíritu Santo, Parcela 31', '0', NULL, NULL, NULL, NULL, NULL, 'Oviedo', '', '33010', NULL, '', '00000000000000'),
	(96, 141, 5, NULL, 'E', 'Avd de Torcuato Fernández Miranda 26', '0', NULL, NULL, NULL, NULL, NULL, 'Gijón', '', '33203', NULL, '', '00000000000000'),
	(97, 142, 5, NULL, 'E', 'C/ Menendez Pelayo 21 Bajo', '0', NULL, NULL, NULL, NULL, NULL, 'Gijón', '', '33202', NULL, '', '00000000000000'),
	(98, 143, 27, NULL, 'E', 'Ctra. N-VI Km 314', '0', NULL, NULL, NULL, NULL, NULL, 'Riego de la Vega', '', '24794', NULL, '', '00000000000000'),
	(99, 144, 5, NULL, 'E', 'C/ Claudio Alvargonzalez 22', '0', NULL, NULL, NULL, NULL, NULL, 'Gijón', '', '33201', NULL, '', '00000000000000'),
	(100, 145, 5, NULL, 'E', 'C/ Ildefonso Sánchez Del Rio 5 Bajo', '0', NULL, NULL, NULL, NULL, NULL, 'Pola de Siero', '', '33510', NULL, '', '00000000000000'),
	(101, 147, 5, NULL, 'E', 'Playa de Barro s/n', '0', NULL, NULL, NULL, NULL, NULL, 'Barro', 'Llanes', '33595', NULL, '', '00000000000000'),
	(102, 148, 5, NULL, 'E', 'C/ Posada Herrera 3 Bajo', '0', NULL, NULL, NULL, NULL, NULL, 'Oviedo', '', '33002', NULL, '', '00000000000000'),
	(103, 149, 8, NULL, 'E', 'C/ Arago 281-5º 1ª', '0', NULL, NULL, NULL, NULL, NULL, 'Barcelona', '', '08009', NULL, '', '00000000000000'),
	(104, 150, 5, NULL, 'E', 'Cabo Busto', '0', NULL, NULL, NULL, NULL, NULL, 'Busto', 'Valdés', '33789', NULL, '', '00000000000000'),
	(105, 151, 5, NULL, 'E', 'Avd Covadonga 15', '0', NULL, NULL, NULL, NULL, NULL, 'Cangas de Onis', '', '33350', NULL, '', '00000000000000'),
	(106, 152, 5, NULL, 'E', 'C/Fontan 15', '0', NULL, NULL, NULL, NULL, NULL, 'Oviedo', '', '33009', NULL, '', '00000000000000'),
	(107, 153, 5, NULL, 'E', 'C/Carreño Miranda 2', '0', NULL, NULL, NULL, NULL, NULL, 'Mieres', '', '33600', NULL, '', '00000000000000'),
	(108, 154, 5, NULL, 'E', 'Sevares', '0', NULL, NULL, NULL, NULL, NULL, 'Sevares', 'Piloña', '33584', NULL, '', '00000000000000'),
	(109, 155, 5, NULL, 'E', 'C/Peñalvez 1', '0', NULL, NULL, NULL, NULL, NULL, 'Cangas de Onis', '', '33550', NULL, '', '00000000000000'),
	(110, 156, 27, NULL, 'E', 'C/Arrote 55 Bajo', '0', NULL, NULL, NULL, NULL, NULL, 'La Bañeza', '', '24750', NULL, '', '00000000000000'),
	(111, 157, 39, NULL, 'E', 'C/ MASCARETA 55', '0', NULL, NULL, NULL, NULL, NULL, 'Tomares', '', '41940', NULL, '', '00000000000000'),
	(112, 158, 5, NULL, 'E', 'C/Miguel Servet 2', '0', NULL, NULL, NULL, NULL, NULL, 'Gijón', '', '33212', NULL, '', '00000000000000'),
	(113, 159, 5, NULL, 'E', 'C/ Juan Alvargonzalez 18', '0', NULL, NULL, NULL, NULL, NULL, 'Gijón', '', '33208', NULL, '', '00000000000000'),
	(114, 160, 5, NULL, 'E', 'Avd del Llano 11 Bajo', '0', NULL, NULL, NULL, NULL, NULL, 'Gijón', '', '33208', NULL, '', '00000000000000'),
	(115, 161, 5, NULL, 'E', 'Avd de Schultz 186', '0', NULL, NULL, NULL, NULL, NULL, 'Gijón ', '', '33210', NULL, '', '00000000000000'),
	(116, 162, 5, NULL, 'A', 'Pol de Granda, Parc 279, nave 3', '0', NULL, NULL, NULL, NULL, NULL, 'Granda', 'Siero', '33199', NULL, '', '00000000000000'),
	(117, 163, 5, NULL, 'F', 'Cortina s/n', '0', NULL, NULL, NULL, NULL, NULL, 'Ujo', 'Mieres', '33640', NULL, '', '00000000000000'),
	(118, 164, 29, NULL, 'A', 'C/ Sierra de Cazorla I, Area Empresarial Andalucía (Sector 1)', '0', NULL, NULL, NULL, NULL, NULL, 'Pinto', '', '28320', NULL, '', '00000000000000'),
	(119, 166, 28, NULL, 'E', 'Campo da Feira  s/n', '0', NULL, NULL, NULL, NULL, NULL, 'Lourenzá', '', '', NULL, '', '00000000000000'),
	(120, 167, 28, NULL, 'F', 'Sequeiros', '0', NULL, NULL, NULL, NULL, NULL, 'Valboa', '', '27000', NULL, '', '00000000000000'),
	(123, 34, 29, NULL, 'E', 'C/ Lago Iseo 27', '0', NULL, NULL, NULL, NULL, NULL, 'Rivasvacia Madrid', '', '28251', NULL, '', '00000000000000'),
	(124, 171, 5, NULL, 'A', 'Avd de Gijón 52', '0', NULL, NULL, NULL, NULL, NULL, '', 'Avilés', '33460', NULL, '', '00000000000000'),
	(125, 172, 12, NULL, 'A', 'Ctra. Puente S.Miguel Novales s/n', '0', NULL, NULL, NULL, NULL, NULL, 'Villa Presente', 'Cantabria', '39539', NULL, '', '00000000000000'),
	(126, 2, 29, NULL, 'A', 'Ctra. Arganda del Rey a Velilla de S. Antonio Km 5', '0', NULL, NULL, NULL, NULL, NULL, 'Velilla de S.Antonio', '', '28891', NULL, '', '00000000000000'),
	(127, 6, 39, NULL, 'A', 'Pol Ind Ctra. de la Isla, C/ Torre de los Herberos s/n', '0', NULL, NULL, NULL, NULL, NULL, 'Dos Hermanas', '', '41703', NULL, '', '00000000000000'),
	(128, 5, 8, NULL, 'A', 'Carrer Alemanya 5', '0', NULL, NULL, NULL, NULL, NULL, 'Masquefa', '', '08783', NULL, '', '00000000000000'),
	(129, 67, 27, NULL, 'A', 'Cta. La Bañeza Km 2.5', '0', NULL, NULL, NULL, NULL, NULL, 'Ribaseca', '', '24231', NULL, '', '00000000000000'),
	(130, 173, 5, NULL, 'A', 'Emilio Cotarelo 3- 2º Izq', '0', NULL, NULL, NULL, NULL, NULL, 'Vegadeo', '', '', NULL, '', '00000000000000'),
	(131, 175, 24, NULL, 'A', 'Portobarizo 40', '0', NULL, NULL, NULL, NULL, NULL, 'Malpica de Bergantiños', '', '15113', NULL, 'lunes cerrado', '00000000000000'),
	(132, 176, 24, NULL, 'A', '', '0', NULL, NULL, NULL, NULL, NULL, '', '', '', NULL, '', '00000000000000'),
	(133, 176, 5, NULL, 'A', '', '0', NULL, NULL, NULL, NULL, NULL, '', '', '', NULL, '', '00000000000000'),
	(134, 177, 5, NULL, 'A', 'Paladeperre', '0', NULL, NULL, NULL, NULL, NULL, '', 'Valdés', '', NULL, '', '00000000000000'),
	(135, 178, 5, NULL, 'A', 'Sabugo-Otur', '0', NULL, NULL, NULL, NULL, NULL, 'Valdés', '', '', NULL, '', '00000000000000'),
	(136, 179, 5, NULL, 'A', 'Plg de Meres s/N', '0', NULL, NULL, NULL, NULL, NULL, 'Meres', 'Siero', '33199', NULL, '', '00000000000000'),
	(137, 182, 24, NULL, 'A', '', '0', NULL, NULL, NULL, NULL, NULL, '', '', '', NULL, '', '00000000000000'),
	(138, 183, 27, NULL, 'A', 'Avd de Portugal 42', '0', NULL, NULL, NULL, NULL, NULL, 'La Bañeza', 'León', '24750', NULL, '', '00000000000000'),
	(139, 184, 5, NULL, 'A', 'Avda de Oviedo 28', '0', NULL, NULL, NULL, NULL, NULL, 'Noreña', 'Noreña', '33180', NULL, '', '00000000000000'),
	(140, 63, 5, NULL, 'A', 'El Puente 77', '0', NULL, NULL, NULL, NULL, NULL, 'Langreo', 'Langreo', '', NULL, '', '00000000000000'),
	(141, 185, 8, NULL, 'A', 'Masia Cal Bor s/n', '0', NULL, NULL, NULL, NULL, NULL, 'Torrelles de Foix', 'Torrelles de Foix', '08737', NULL, '', '00000000000000'),
	(142, 4, 3, NULL, 'A', 'Pol Ind La Granadina nº 3 Fase 10, parcela III', '0', NULL, NULL, NULL, NULL, NULL, 'S.Isidro ', '', '03349', NULL, '', '00000000000000'),
	(143, 7, 43, NULL, 'A', 'Ctra. Cuerva-Las Ventas Km 3,5', '0', NULL, NULL, NULL, NULL, NULL, 'Las Ventas con peña Aguilera', '', '45127', NULL, '', '00000000000000'),
	(144, 8, 44, NULL, 'A', 'Cristo Rey 28', '0', NULL, NULL, NULL, NULL, NULL, 'Daimus', '', '46710', NULL, '', '00000000000000'),
	(145, 10, 5, NULL, 'A', 'Ctra. AS-II, 2046', '0', NULL, NULL, NULL, NULL, NULL, 'Porceyo', 'Gijón', '33392', NULL, '', '00000000000000'),
	(146, 11, 12, NULL, 'A', 'Ctra. General 42, Navajeda', '0', NULL, NULL, NULL, NULL, NULL, 'Entrambasaguas', '', '39715', NULL, '', '00000000000000'),
	(147, 12, 5, NULL, 'A', 'C/ Principado 7', '0', NULL, NULL, NULL, NULL, NULL, 'Oviedo', '', '33007', NULL, '', '00000000000000'),
	(148, 13, 12, NULL, 'A', 'C/Eguilior 1', '0', NULL, NULL, NULL, NULL, NULL, 'Santoña', '', '39740', NULL, '', '00000000000000'),
	(149, 17, 29, NULL, 'A', 'Mercado Antón Martín , Pto 21,22,C/Santa Isabel 5', '0', NULL, NULL, NULL, NULL, NULL, 'Madrid', '', '28012', NULL, '', '00000000000000'),
	(150, 186, 5, NULL, 'A', 'C/Manuel Romano 8, Bajo', '0', NULL, NULL, NULL, NULL, NULL, 'LLanes', '', '33500', NULL, '', '00000000000000'),
	(151, 187, 5, NULL, 'A', 'Ctra. N-630, Km 451', '0', NULL, NULL, NULL, NULL, NULL, 'Lugones', '', '33420', NULL, '', '00000000000000'),
	(152, 188, 5, NULL, 'A', 'Avd del Llano s/n', '0', NULL, NULL, NULL, NULL, NULL, 'Gijón', '', '33209', NULL, '', '00000000000000'),
	(153, 189, 5, NULL, 'A', 'C/ Profesor Amado Morán s/n', '0', NULL, NULL, NULL, NULL, NULL, 'Gijón', '', '33213', NULL, '', '00000000000000'),
	(154, 190, 5, NULL, 'A', 'Avd Fernández Ladreda s/n', '0', NULL, NULL, NULL, NULL, NULL, 'Oviedo', '', '33011', NULL, '', '00000000000000'),
	(155, 191, 5, NULL, 'A', 'C/ La Pedrera 50', '0', NULL, NULL, NULL, NULL, NULL, 'Corvera', '', '33468', NULL, '', '00000000000000'),
	(156, 64, 28, NULL, 'A', 'C/ Doctor Gasalla 3', '0', NULL, NULL, NULL, NULL, NULL, 'Lugo', '', '27003', NULL, '', '00000000000000'),
	(157, 14, 5, NULL, 'A', 'Centro Logístico Alimerka, C/Castiello s/n', '0', NULL, NULL, NULL, NULL, NULL, 'Lugo de Llanera', '', '33690', NULL, '', '00000000000000'),
	(158, 19, 46, NULL, 'A', 'Pol. Arteagoiti , C/ c-15, Pabellón12', '0', NULL, NULL, NULL, NULL, NULL, 'San Miguel de Basauri', '', '48970', NULL, '', '00000000000000'),
	(159, 20, 5, NULL, 'A', 'Real Sitio de Covadonga', '0', NULL, NULL, NULL, NULL, NULL, 'Cangas de Onis', '', '33589', NULL, '', '00000000000000'),
	(160, 21, 29, NULL, 'A', 'C/ Hermosilla 112', '0', NULL, NULL, NULL, NULL, NULL, 'Madrid', '', '28008', NULL, '', '00000000000000'),
	(161, 22, 5, NULL, 'A', 'Ctra. General N-634', '0', NULL, NULL, NULL, NULL, NULL, 'La Espina', 'Salas', '33877', NULL, '', '00000000000000'),
	(162, 23, 5, NULL, 'A', 'C/ Las Cabañas 43-45', '0', NULL, NULL, NULL, NULL, NULL, 'Noreña', '', '33180', NULL, '', '00000000000000'),
	(163, 24, 5, NULL, 'A', 'Pol. La Curriscada s/n', '0', NULL, NULL, NULL, NULL, NULL, 'El Crucero', 'Tineo', '33877', NULL, '', '00000000000000'),
	(164, 25, 5, NULL, 'A', 'Pol La Curiscada 311-312', '0', NULL, NULL, NULL, NULL, NULL, 'Tineo', '', '33877', NULL, '', '00000000000000'),
	(165, 26, 5, NULL, 'A', 'C/ San Félix 1', '0', NULL, NULL, NULL, NULL, NULL, 'Lugones', 'Siero', '33180', NULL, '', '00000000000000'),
	(166, 65, 5, NULL, 'A', 'C/Buenavista s/n', '0', NULL, NULL, NULL, NULL, NULL, 'Noreña', '', '33180', NULL, '', '00000000000000'),
	(167, 192, 29, NULL, 'A', 'Mercamadrid C-21, Ctra. Villaverde Vallecas Km 3,8', '0', NULL, NULL, NULL, NULL, NULL, 'Madrid', '', '28053', NULL, '', '00000000000000'),
	(168, 31, 12, NULL, 'A', 'Centro Ind. Cardiano, Nave D', '0', NULL, NULL, NULL, NULL, NULL, 'Revilla de Camargo', '', '39609', NULL, '', '00000000000000'),
	(169, 33, 5, NULL, 'A', 'Pol. Ind. Las Vías, Nave 9, Módulo 2', '0', NULL, NULL, NULL, NULL, NULL, 'Meres', 'Siero', '33010', NULL, '', '00000000000000'),
	(170, 68, 29, NULL, 'A', 'Pol. Ind. El Nogal. Villa Esther,2', '0', NULL, NULL, NULL, NULL, NULL, 'Algete', '', '28110', NULL, '', '00000000000000'),
	(171, 193, 5, NULL, 'A', 'Avd de Oviedo 30 (Los Peñones)', '0', NULL, NULL, NULL, NULL, NULL, 'Lugones', '', '33420', NULL, '', '00000000000000'),
	(172, 194, 5, NULL, 'A', 'C/ Vázquez de Mella 48', '0', NULL, NULL, NULL, NULL, NULL, 'Oviedo', '', '33012', NULL, '', '00000000000000'),
	(173, 195, 5, NULL, 'A', 'Pol. Silvota-Mercasturias-Nave 6', '0', NULL, NULL, NULL, NULL, NULL, 'Llanera', '', '33192', NULL, '', '00000000000000'),
	(174, 196, 5, NULL, 'A', 'C/La Cámara 38', '0', NULL, NULL, NULL, NULL, NULL, 'Avilés', '', '33401', NULL, '', '00000000000000'),
	(175, 197, 5, NULL, 'A', 'Avd del Cristo 25', '0', NULL, NULL, NULL, NULL, NULL, 'Oviedo', '', '33006', NULL, '', '00000000000000'),
	(176, 70, 5, NULL, 'A', 'C/Regueral, Apart 40', '0', NULL, NULL, NULL, NULL, NULL, 'Candás', '', '33430', NULL, '', '00000000000000'),
	(177, 198, 29, NULL, 'A', 'Pol Ind Camporroso, C/Montevideo s/n', '0', NULL, NULL, NULL, NULL, NULL, 'Alcalá de Henares', '', '28806', NULL, '', '00000000000000'),
	(178, 72, 5, NULL, 'A', 'Real Sitio de Covadonga', '0', NULL, NULL, NULL, NULL, NULL, 'Cangas de Onis', '', '33589', NULL, '', '00000000000000'),
	(179, 199, 43, NULL, 'A', 'Paseo de la Galatea 32-3ºB', '0', NULL, NULL, NULL, NULL, NULL, '', 'Esquivias', '45221', NULL, '', '00000000000000'),
	(180, 200, 5, NULL, 'A', 'C/ La Pedrera 27', '0', NULL, NULL, NULL, NULL, NULL, 'Cangas de Onís', '', '33550', NULL, '', '00000000000000'),
	(181, 201, 5, NULL, 'A', 'Carretera General Km 511', '0', NULL, NULL, NULL, NULL, NULL, 'Otur', 'Valdés', '33792', NULL, '', '00000000000000'),
	(182, 202, 24, NULL, 'A', 'Cl. Buenos Aires nº 2', '0', NULL, NULL, NULL, NULL, NULL, 'Laracha', '', '15145', NULL, '', '00000000000000'),
	(183, 102, 29, NULL, 'A', 'C/Doctor Castelo 48', '0', NULL, NULL, NULL, NULL, NULL, '', 'Madrid', '28009', NULL, '', '00000000000000'),
	(184, 203, 33, NULL, 'A', 'C/Julio Prieto Nespereira 32', '0', NULL, NULL, NULL, NULL, NULL, '', 'Ourense', '32005', NULL, '', '00000000000000'),
	(185, 204, 5, NULL, 'A', 'Lg Santamarina de Quirós', '0', NULL, NULL, NULL, NULL, NULL, '', 'Quirós', '32005', NULL, '', '00000000000000'),
	(186, 205, 5, NULL, 'A', 'C/Mayor 11', '0', NULL, NULL, NULL, NULL, NULL, '', 'Cangas de Narcea', '33800', NULL, '', '00000000000000'),
	(187, 206, 5, NULL, 'A', 'Nac 634-Km 45', '0', NULL, NULL, NULL, NULL, NULL, '', 'Villaviciosa', '33300', NULL, '', '00000000000000'),
	(188, 207, 5, NULL, 'A', 'C/Manuel Caso de la Villa,20', '0', NULL, NULL, NULL, NULL, NULL, '', 'Ribadesella', '33560', NULL, '', '00000000000000'),
	(189, 208, 5, NULL, 'A', 'C/ Arco de los Zapatos 6-2º', '0', NULL, NULL, NULL, NULL, NULL, '', 'Oviedo', '33009', NULL, '', '00000000000000'),
	(190, 108, 23, NULL, 'A', 'C/ Fermín Palma 3-E', '0', NULL, NULL, NULL, NULL, NULL, '', 'Jaén', '23008', NULL, '', '00000000000000'),
	(191, 109, 5, NULL, 'A', 'C/ Arguelles 1', '0', NULL, NULL, NULL, NULL, NULL, '', 'Oviedo', '33003', NULL, '', '00000000000000'),
	(192, 112, 5, NULL, 'A', 'C/ La Barcena 54', '0', NULL, NULL, NULL, NULL, NULL, 'Cerdeño', 'Oviedo', '33011', NULL, '', '00000000000000'),
	(193, 209, 27, NULL, 'A', 'Plz Mayor 4', '0', NULL, NULL, NULL, NULL, NULL, '', 'Sahagun', '24320', NULL, '', '00000000000000'),
	(194, 211, 30, NULL, 'A', 'C/ José Denís Belgrano 3', '0', NULL, NULL, NULL, NULL, NULL, '', 'Málaga', '29015', NULL, '', '00000000000000'),
	(195, 212, 45, NULL, 'A', 'C/Miguel Iscar 9', '0', NULL, NULL, NULL, NULL, NULL, '', 'Valladolid', '47001', NULL, '', '00000000000000'),
	(196, 213, 5, NULL, 'A', 'Ctra. Nac 634 s/n', '0', NULL, NULL, NULL, NULL, NULL, 'Sevares', 'Piloña', '33202', NULL, '', '00000000000000'),
	(197, 214, 27, NULL, 'A', 'C/Real 55', '0', NULL, NULL, NULL, NULL, NULL, '', 'Santa Olaja de La Rivera', '24099', NULL, '', '00000000000000'),
	(198, 133, 5, NULL, 'A', 'Plz del Ganado s/n', '0', NULL, NULL, NULL, NULL, NULL, 'Infiesto', 'Piloña', '33530', NULL, '', '00000000000000'),
	(199, 215, 29, NULL, 'A', 'C/Azcona 46- 3ºA', '0', NULL, NULL, NULL, NULL, NULL, '', 'Madrid', '28028', NULL, '', '00000000000000'),
	(200, 216, 30, NULL, 'A', 'C/Pasaje de la Gitanilla, local 9', '0', NULL, NULL, NULL, NULL, NULL, '', 'Torremolinos', '29620', NULL, '', '00000000000000'),
	(201, 217, 28, NULL, 'A', 'Rúa da Fonte 29', '0', NULL, NULL, NULL, NULL, NULL, '', 'Mondoñedo', '27740', NULL, '', '00000000000000'),
	(202, 218, 5, NULL, 'A', 'C/Bermúdez de Castro 38', '0', NULL, NULL, NULL, NULL, NULL, '', 'Oviedo ', '33011', NULL, '', '00000000000000'),
	(203, 210, 5, NULL, 'A', 'Mercado del Sur 19', '0', NULL, NULL, NULL, NULL, NULL, '', 'Gijón', '33205', NULL, '', '00000000000000'),
	(204, 219, 31, NULL, 'A', 'Finca Buenavista S/N', '0', NULL, NULL, NULL, NULL, NULL, '', 'El Palmar', '30120', NULL, '', '00000000000000'),
	(205, 220, 5, NULL, 'A', 'Avd de S. Agustín s/n', '0', NULL, NULL, NULL, NULL, NULL, '', 'Avilés', '33400', NULL, '', '00000000000000'),
	(206, 221, 19, NULL, 'A', 'C/ Mari 5,Bajo', '0', NULL, NULL, NULL, NULL, NULL, '', 'Donostia', '20003', NULL, '', '00000000000000'),
	(207, 222, 5, NULL, 'A', 'Plz Juan XXIII nº 2', '0', NULL, NULL, NULL, NULL, NULL, '', 'Oviedo', '33003', NULL, '', '00000000000000'),
	(208, 223, 5, NULL, 'A', 'C/ El Potro 3', '0', NULL, NULL, NULL, NULL, NULL, '', 'Cangas de Onis', '33550', NULL, '', '00000000000000'),
	(209, 224, 35, NULL, 'A', 'Rúa Nova de Arriba 7', '0', NULL, NULL, NULL, NULL, NULL, '', '', '36002', NULL, '', '00000000000000'),
	(210, 225, 24, NULL, 'A', 'C/ Portobarrizo 40', '0', NULL, NULL, NULL, NULL, NULL, '', 'Malpica', '36002', NULL, '', '00000000000000'),
	(211, 226, 35, NULL, 'A', 'C/ Pintor Laxeiro 3', '0', NULL, NULL, NULL, NULL, NULL, '', 'Lalín', '39539', NULL, '', '00000000000000'),
	(212, 227, 35, NULL, 'A', 'Avd de Sineiro 7', '0', NULL, NULL, NULL, NULL, NULL, '', 'San Salvador de Poio', '36005', NULL, '', '00000000000000'),
	(213, 228, 12, NULL, 'A', 'Ctra Puente San Miguel-Novales s/N', '0', NULL, NULL, NULL, NULL, NULL, '', 'Villa Presente', '39539', NULL, '', '00000000000000'),
	(214, 229, 23, NULL, 'A', 'C/ Doctor 13', '0', NULL, NULL, NULL, NULL, NULL, '', 'Linares', '23700', NULL, '', '00000000000000'),
	(215, 230, 35, NULL, 'A', 'Rúa Victoria 4', '0', NULL, NULL, NULL, NULL, NULL, '', 'Vigo', '36201', NULL, '', '00000000000000'),
	(216, 231, 19, NULL, 'A', 'C/ Loidi 4', '0', NULL, NULL, NULL, NULL, NULL, 'Lasarte', 'Oria', '20610', NULL, '', '00000000000000'),
	(217, 232, 35, NULL, 'A', 'Rúa Hospital 7', '0', NULL, NULL, NULL, NULL, NULL, '', 'Cambados', '36630', NULL, 'Lunes cerrado', '00000000000000'),
	(218, 233, 24, NULL, 'A', 'C/Galeras 18, bajo', '0', NULL, NULL, NULL, NULL, NULL, '', 'Santiago de Compostela', '15705', NULL, 'lunes cerrado', '00000000000000'),
	(219, 234, 24, NULL, 'A', 'Ctra da Estación 51', '0', NULL, NULL, NULL, NULL, NULL, '', 'Cambre', '15660', NULL, 'lunes cerrado', '00000000000000'),
	(220, 235, 25, NULL, 'A', 'C/ Sagastia bajo', '0', NULL, NULL, NULL, NULL, NULL, '', 'Ezcaray', '26280', NULL, 'Por semana cerrado, llamar móvil', '00000000000000'),
	(221, 236, 3, NULL, 'A', 'La Reina 94', '0', NULL, NULL, NULL, NULL, NULL, '', 'Almoradi', '03160', NULL, 'Lunes cerrado', '00000000000000'),
	(222, 238, 5, NULL, 'A', 'La Figal', '0', NULL, NULL, NULL, NULL, NULL, 'Barcia', 'Valdés', '33700', NULL, '', '00000000000000'),
	(223, 239, 5, NULL, 'A', 'C/ Angel Tarano nº 1', '0', NULL, NULL, NULL, NULL, NULL, '', 'Cangas de Onis', '33550', NULL, '', '00000000000000'),
	(224, 237, 5, NULL, 'A', 'C/ Peña Salón, Pol de Silvota, Parcela 38', '0', NULL, NULL, NULL, NULL, NULL, '', 'Llanera', '33426', NULL, '', '00000000000000'),
	(225, 240, 27, NULL, 'A', 'Apartado correos 41', '0', NULL, NULL, NULL, NULL, NULL, '', 'La Bañeza', '24750', NULL, '', '00000000000000'),
	(226, 243, 5, NULL, 'A', 'Busto (Junto a las escuelas) s/n', '0', NULL, NULL, NULL, NULL, NULL, '', 'Valdés', '33785', NULL, '', '00000000000000'),
	(227, 244, 28, NULL, 'A', 'Amieiral nº1', '0', NULL, NULL, NULL, NULL, NULL, 'San Tomé', 'Lourenzá', '27751', NULL, '', '00000000000000'),
	(228, 245, 28, NULL, 'A', 'Buxide 1', '0', NULL, NULL, NULL, NULL, NULL, 'San Adriano', 'Lourenzá', '27751', NULL, '', '00000000000000'),
	(229, 181, 5, NULL, 'A', 'Amieiral', '0', NULL, NULL, NULL, NULL, NULL, 'Presno', 'Castropol', '33770', NULL, '', '00000000000000'),
	(230, 174, 5, NULL, 'A', '', '0', NULL, NULL, NULL, NULL, NULL, 'Talarén', 'Navia', '', NULL, '', '00000000000000'),
	(231, 247, 5, NULL, 'A', '', '0', NULL, NULL, NULL, NULL, NULL, 'Paladeperre-La Montaña', 'Valdés', '', NULL, '', '00000000000000'),
	(232, 248, 28, NULL, 'A', 'Masma 23', '0', NULL, NULL, NULL, NULL, NULL, '', 'Mondoñedo', '', NULL, '', '00000000000000'),
	(233, 249, 28, NULL, 'A', 'Cedrido 56', '0', NULL, NULL, NULL, NULL, NULL, 'Ria de Abres', 'Trabada', '', NULL, '', '00000000000000'),
	(234, 250, 28, NULL, 'A', 'Castiñeiras Verdes', '0', NULL, NULL, NULL, NULL, NULL, 'Santo Tomé', 'Lourenzá', '27751', NULL, '', '00000000000000'),
	(235, 251, 28, NULL, 'A', '', '0', NULL, NULL, NULL, NULL, NULL, 'Santo Tomé', 'Lourenzá', '27751', NULL, '', '00000000000000'),
	(236, 253, 28, NULL, 'A', 'Lanzós', '0', NULL, NULL, NULL, NULL, NULL, 'San Adriano', 'Lourenzá', '27751', NULL, '', '00000000000000'),
	(237, 254, 5, NULL, 'A', '', '0', NULL, NULL, NULL, NULL, NULL, 'Buenavista', 'Navia', '', NULL, '', '00000000000000'),
	(238, 255, 5, NULL, 'A', 'Refojos', '0', NULL, NULL, NULL, NULL, NULL, 'Abres', 'Vegadeo', '', NULL, '', '00000000000000'),
	(239, 256, 28, NULL, 'A', 'Llano', '0', NULL, NULL, NULL, NULL, NULL, 'Santo Tomé', 'Lourenzá', '27751', NULL, '', '00000000000000'),
	(240, 261, 0, NULL, 'A', 'Cañedo 59', '0', NULL, NULL, NULL, NULL, NULL, '', 'Pravia', '33129', NULL, '', '00000000000000'),
	(241, 263, 28, NULL, 'A', 'Iglesia 36', '0', NULL, NULL, NULL, NULL, NULL, 'San adriano', '', '27750', NULL, '', '00000000000000'),
	(242, 252, 28, NULL, 'A', 'Vilaxoane 5', '0', NULL, NULL, NULL, NULL, NULL, '', 'Foz', '27780', NULL, '', '00000000000000'),
	(243, 260, 5, NULL, 'A', 'La Ronda', '0', NULL, NULL, NULL, NULL, NULL, 'Santiago', 'Valdés', '33971', NULL, '', '00000000000000'),
	(244, 257, 5, NULL, 'A', 'La Carbonilla', '0', NULL, NULL, NULL, NULL, NULL, '', 'Valdés', '33707', NULL, '', '00000000000000'),
	(245, 267, 5, NULL, 'A', 'Tierrina Vaqueira', '0', NULL, NULL, NULL, NULL, NULL, '', '', '', NULL, '', '00000000000000'),
	(246, 268, 30, NULL, 'F', 'C/ Pintor Enrique Florido 24', '0', NULL, NULL, NULL, NULL, NULL, '', 'Málaga', '29017', NULL, '', '00000000000000'),
	(248, 269, 0, NULL, 'A', 'Olof Palme-Cul de Sac 3', '0', NULL, NULL, NULL, NULL, NULL, 'San Geronimo', 'Republica Dominicana', '', NULL, '', '00000000000000'),
	(249, 270, 16, NULL, 'A', 'Avd Salvador Dalí 170', '0', NULL, NULL, NULL, NULL, NULL, '', 'Figueres', '17600', NULL, '', '00000000000000'),
	(250, 271, 5, NULL, 'A', '', '0', NULL, NULL, NULL, NULL, NULL, '', 'Villayón', '', NULL, '', '00000000000000'),
	(251, 273, 5, NULL, 'A', 'Mazonovo s/n', '0', NULL, NULL, NULL, NULL, NULL, '', 'Santa Eulalia de Oscos', '33776', NULL, '', '00000000000000'),
	(252, 246, 5, NULL, 'A', '', '0', NULL, NULL, NULL, NULL, NULL, 'Valtravieso', 'Valdés', '33700', NULL, '', '00000000000000'),
	(253, 275, 5, NULL, 'A', 'Avd Alcalde José Fernandín 16', '0', NULL, NULL, NULL, NULL, NULL, 'Piedras Blancas ', 'Castrillón', '33450', NULL, '', '00000000000000'),
	(254, 276, 28, NULL, 'A', '', '0', NULL, NULL, NULL, NULL, NULL, 'Villabetote 5', 'Trabada', '27751', NULL, '', '00000000000000'),
	(255, 278, 0, NULL, 'A', 'C/ Idafe s/n, Urbanic Belvedere.Playa Paraiso', '0', NULL, NULL, NULL, NULL, NULL, 'Aleje', 'Tenerife', '', NULL, '', '00000000000000'),
	(256, 279, 5, NULL, 'A', 'SETIENES S/N -SANTIAGO', '0', NULL, NULL, NULL, NULL, NULL, '', 'VALDES', '', NULL, '', '00000000000000'),
	(257, 280, 5, NULL, 'A', 'Ctra. General s/n ', '0', NULL, NULL, NULL, NULL, NULL, 'Barres', 'Castropol', '33760', NULL, '', '00000000000000'),
	(258, 272, 29, NULL, 'A', 'Gran Vía 28', '0', NULL, NULL, NULL, NULL, NULL, 'Madrid', '', '28013', NULL, '', '00000000000000'),
	(259, 281, 5, NULL, 'A', 'Ctra N 634- Km 495.8', '0', NULL, NULL, NULL, NULL, NULL, 'Valdes', '', '33700', NULL, '', '00000000000000'),
	(260, 282, 5, NULL, 'A', 'Lg Cortina ', '0', NULL, NULL, NULL, NULL, NULL, '', 'Valdés', '33780', NULL, '', '00000000000000'),
	(261, 283, 48, NULL, 'A', 'Ctra Valencia 11 A Portal 2, 3º Izq', '0', NULL, NULL, NULL, NULL, NULL, 'Calatayud', 'Zaragoza', '50300', NULL, '', '00000000000000'),
	(262, 284, 5, NULL, 'A', 'C/ La Raya, Parcela 55', '0', NULL, NULL, NULL, NULL, NULL, 'Aller', '', '33688', NULL, '', '00000000000000'),
	(263, 285, 5, NULL, 'A', 'Rio Canedo', '0', NULL, NULL, NULL, NULL, NULL, 'Otur', 'Valdés', '33700', NULL, '', '00000000000000'),
	(264, 286, 5, NULL, 'A', 'Quevedo 14', '0', NULL, NULL, NULL, NULL, NULL, 'Oviedo', '', '33012', NULL, '', '00000000000000'),
	(265, 287, 5, NULL, 'A', 'S. Juan de Prendones', '0', NULL, NULL, NULL, NULL, NULL, 'La Caridad', 'El Franco', '', NULL, '', '00000000000000'),
	(266, 288, 5, NULL, 'A', 'Avd Mártires Valdesanos 12', '0', NULL, NULL, NULL, NULL, NULL, 'Chano de Luarca', 'Almuña', '', NULL, '', '00000000000000'),
	(267, 289, 5, NULL, 'A', 'Las Campas, Sto Adriano nº 4, Atico H', '0', NULL, NULL, NULL, NULL, NULL, 'Oviedo', '', '', NULL, '', '00000000000000'),
	(268, 290, 29, NULL, 'A', 'C/ Pradillos 11', '0', NULL, NULL, NULL, NULL, NULL, 'Los Molinos', '', '28460', NULL, '', '00000000000000'),
	(269, 291, 40, NULL, 'A', 'Universidad 7', '0', NULL, NULL, NULL, NULL, NULL, '', 'El Burgo de Osma', '42300', NULL, '', '00000000000000'),
	(270, 292, 5, NULL, 'A', 'C/Uria 17 10º', '0', NULL, NULL, NULL, NULL, NULL, '', 'Gijón', '33202', NULL, '', '00000000000000'),
	(271, 293, 29, NULL, 'A', 'C/ Caballero de Gracia 7', '0', NULL, NULL, NULL, NULL, NULL, '', 'Madrid', '28013', NULL, '', '00000000000000'),
	(272, 294, 44, NULL, 'A', 'C/ Doctor Manuel Candela 32', '0', NULL, NULL, NULL, NULL, NULL, '', 'Valencia', '46021', NULL, '', '00000000000000'),
	(273, 298, 5, NULL, 'A', 'La Rúa', '0', NULL, NULL, NULL, NULL, NULL, 'Abres', '', '', NULL, '', '00000000000000'),
	(274, 299, 28, NULL, 'A', 'As Anzas', '0', NULL, NULL, NULL, NULL, NULL, 'Cubelas', 'Ribadeo', '27714', NULL, '', '00000000000000'),
	(275, 300, 28, NULL, 'A', 'Arante', '0', NULL, NULL, NULL, NULL, NULL, '', 'Ribadeo', '', NULL, '', '00000000000000'),
	(276, 303, 0, NULL, 'A', 'Santa CDruz Av Piral 4 anillo', '0', NULL, NULL, NULL, NULL, NULL, 'Santa Cruz', '', '', NULL, '', '00000000000000'),
	(277, 163, 5, NULL, 'E', 'Ctra General s/n', '0', NULL, NULL, NULL, NULL, NULL, 'Carbayín Alto', '', '33936', NULL, '', '00000000000000'),
	(278, 163, 5, NULL, 'E', 'El Fondon s/n', '0', NULL, NULL, NULL, NULL, NULL, '', 'Sama de Langreo', '33900', NULL, '', '00000000000000'),
	(279, 163, 5, NULL, 'E', 'Ramón y Cajal 3-5', '0', NULL, NULL, NULL, NULL, NULL, '', 'Pola de Siero', '33510', NULL, '', '00000000000000'),
	(280, 163, 5, NULL, 'E', 'Morcín ', '0', NULL, NULL, NULL, NULL, NULL, 'Mieres', '', '3600', NULL, '', '00000000000000'),
	(281, 163, 5, NULL, 'E', 'Pº San Martín s/n', '0', NULL, NULL, NULL, NULL, NULL, 'Sotronio', 'S.M.R.A', '33950', NULL, '', '00000000000000'),
	(282, 163, 5, NULL, 'E', '1º de Mayo s/n', '0', NULL, NULL, NULL, NULL, NULL, 'Barredos', 'Laviana', '33970', NULL, '', '00000000000000'),
	(283, 163, 5, NULL, 'E', 'El Pompian s/n', '0', NULL, NULL, NULL, NULL, NULL, 'Ciaño', 'Langreo', '33900', NULL, '', '00000000000000'),
	(284, 163, 5, NULL, 'E', 'Lugar de Arriba s/n', '0', NULL, NULL, NULL, NULL, NULL, 'La Foz', 'Mieres', '33161', NULL, '', '00000000000000'),
	(285, 163, 5, NULL, 'E', 'La Viñuela s/n', '0', NULL, NULL, NULL, NULL, NULL, 'Ujo', 'Mieres', '33640', NULL, '', '00000000000000'),
	(286, 163, 5, NULL, 'E', 'C/Constitución 79', '0', NULL, NULL, NULL, NULL, NULL, 'Moreda', 'Aller', '33670', NULL, '', '00000000000000'),
	(287, 163, 5, NULL, 'E', 'Arzobispo Blanco 1', '0', NULL, NULL, NULL, NULL, NULL, '', 'Pola de Lena', '33630', NULL, '', '00000000000000'),
	(288, 304, 5, NULL, 'A', 'Avd Martires Valdesanos 12', '0', NULL, NULL, NULL, NULL, NULL, 'Almuña', 'Valdés', '33700', NULL, '', '00000000000000'),
	(289, 305, 28, NULL, 'A', 'Cedofeita', '0', NULL, NULL, NULL, NULL, NULL, 'Ribadeo', '', '', NULL, '', '00000000000000'),
	(290, 306, 28, NULL, 'A', 'Cuvelas (Saa)', '0', NULL, NULL, NULL, NULL, NULL, 'Ribadeo', '', '', NULL, '', '00000000000000'),
	(291, 307, 28, NULL, 'A', 'A Campá 13', '0', NULL, NULL, NULL, NULL, NULL, 'Couboeira ', 'Mondoñedo', '27749', NULL, '', '00000000000000'),
	(292, 308, 28, NULL, 'A', 'Valadouro', '0', NULL, NULL, NULL, NULL, NULL, '', '', '', NULL, '', '00000000000000'),
	(293, 309, 5, NULL, 'A', 'Anleo', '0', NULL, NULL, NULL, NULL, NULL, 'Navia', '', '', NULL, '', '00000000000000'),
	(294, 296, 28, NULL, 'A', 'C/ Otero Pedrayo 1- 3ºB', '0', NULL, NULL, NULL, NULL, NULL, 'Foz', '', '27780', NULL, '', '00000000000000'),
	(295, 310, 28, NULL, 'A', 'Sta Cecilia', '0', NULL, NULL, NULL, NULL, NULL, 'Foz', '', '', NULL, '', '00000000000000'),
	(296, 311, 29, NULL, 'E', 'C/Corral Nuevo 16', '0', NULL, NULL, NULL, NULL, NULL, 'El Cuadrón', 'Garganta de los Montes', '28749', NULL, '', '00000000000000'),
	(297, 311, 29, NULL, 'F', 'C/ Corral Nuevo 16', '0', NULL, NULL, NULL, NULL, NULL, '', 'Garganta de los Montes', '28749', NULL, '', '00000000000000'),
	(298, 312, 49, NULL, 'A', 'Doctor Fleming 24', '0', NULL, NULL, NULL, NULL, NULL, '', 'Castellón', '12005', NULL, '', '00000000000000'),
	(299, 313, 39, NULL, 'A', 'Virgen de Luján 25', '0', NULL, NULL, NULL, NULL, NULL, '', 'Sevilla', '41011', NULL, '', '00000000000000'),
	(300, 314, 5, NULL, 'E', 'C/ Fierro 3', '0', NULL, NULL, NULL, NULL, NULL, 'Oviedo', '', '33009', NULL, '', '00000000000000'),
	(301, 314, 5, NULL, 'A', 'C/ Munuza 7', '0', NULL, NULL, NULL, NULL, NULL, 'Gijón', '', '33206', NULL, '', '00000000000000'),
	(302, 315, 2, NULL, 'E', 'C/ Muelle,26', '0', NULL, NULL, NULL, NULL, NULL, 'Albacete', '', '20001', NULL, '', '00000000000000'),
	(303, 315, 2, NULL, 'F', 'C/ Tinte 35 4D', '0', NULL, NULL, NULL, NULL, NULL, 'Albacete', '', '02002', NULL, '', '00000000000000'),
	(304, 316, 3, NULL, 'A', 'Urb Parque de las naciones 128-A', '0', NULL, NULL, NULL, NULL, NULL, 'Torrevieja', 'Alicante', '03180', NULL, '', '00000000000000'),
	(305, 317, 28, NULL, 'A', 'Valiña', '0', NULL, NULL, NULL, NULL, NULL, 'San Adriano', 'Lourenzá', '27751', NULL, '', '00000000000000'),
	(306, 318, 28, NULL, 'A', '', '0', NULL, NULL, NULL, NULL, NULL, 'San Tomé', 'Lourenzá', '27751', NULL, '', '00000000000000'),
	(307, 268, 30, NULL, 'E', 'Conde de las Navas s/n', '0', NULL, NULL, NULL, NULL, NULL, 'Málaga', '', '29017', NULL, '', '00000000000000'),
	(308, 319, 3, NULL, 'A', 'Calle IBI 41', '0', NULL, NULL, NULL, NULL, NULL, 'Alcoy', '', '03802', NULL, '', '00000000000000'),
	(309, 320, 8, NULL, 'A', 'Pol Ind Mas Alba', '0', NULL, NULL, NULL, NULL, NULL, 'Sitges', '', '08870', NULL, '', '00000000000000'),
	(310, 321, 50, NULL, 'A', 'C/ Escoles 3', '0', NULL, NULL, NULL, NULL, NULL, 'Bellver de Cerdanya', 'Lerida', '25720', NULL, '', '00000000000000'),
	(311, 322, 35, NULL, 'A', 'Mourigán 1- Romai', '0', NULL, NULL, NULL, NULL, NULL, 'Portas', 'Pontevedra', '36193', NULL, '', '00000000000000'),
	(312, 322, 35, NULL, 'A', 'Pol Ind Ste Pías, parc 97-98', '0', NULL, NULL, NULL, NULL, NULL, 'Cambados', '', '36635', NULL, '', '00000000000000'),
	(313, 323, 28, NULL, 'A', 'Cedofeita', '0', NULL, NULL, NULL, NULL, NULL, 'Ribadeo', '', '27711', NULL, '', '00000000000000'),
	(314, 324, 28, NULL, 'A', 'Plz Sta María 2', '0', NULL, NULL, NULL, NULL, NULL, 'Acisclo', 'Valadouro', '27770', NULL, '', '00000000000000'),
	(315, 325, 28, NULL, 'A', 'Villaframil 2', '0', NULL, NULL, NULL, NULL, NULL, '', 'Ribadeo', '27797', NULL, '', '00000000000000'),
	(316, 326, 28, NULL, 'A', 'C/ del Pilar 27', '0', NULL, NULL, NULL, NULL, NULL, '', 'Foz', '27780', NULL, '', '00000000000000'),
	(317, 327, 28, NULL, 'A', 'C/ O Tumbin 8', '0', NULL, NULL, NULL, NULL, NULL, 'Villaframil', 'Ribadeo', '27797', NULL, '', '00000000000000'),
	(318, 328, 15, NULL, 'A', 'C/ Los Tintes 1', '0', NULL, NULL, NULL, NULL, NULL, 'Cuenca', '', '16001', NULL, '', '00000000000000'),
	(319, 329, 34, NULL, 'A', 'Pol El Soto P- 14', '0', NULL, NULL, NULL, NULL, NULL, 'Saldaña', 'Palencia', '34100', NULL, '', '00000000000000'),
	(320, 330, 5, NULL, 'A', 'Villademoros', '0', NULL, NULL, NULL, NULL, NULL, 'Cadavedo', '', '', NULL, '', '00000000000000'),
	(321, 331, 30, NULL, 'A', 'C/Camino de la Ronda s/n', '0', NULL, NULL, NULL, NULL, NULL, 'El Burgo', 'Málaga', '29420', NULL, '', '00000000000000'),
	(322, 332, 5, NULL, 'A', 'C/ Vizconde de Campo Grande', '0', NULL, NULL, NULL, NULL, NULL, 'Gijón', '', '33201', NULL, '', '00000000000000'),
	(323, 333, 5, NULL, 'A', 'Plaza Mayor 6', '0', NULL, NULL, NULL, NULL, NULL, 'Gijón', '', '33201', NULL, '', '00000000000000'),
	(324, 335, 36, NULL, 'A', 'Plz de la Iglesia 9', '0', NULL, NULL, NULL, NULL, NULL, 'La Alberca', 'Salamanca', '37624', NULL, '', '00000000000000'),
	(325, 336, 28, NULL, 'A', 'Piñeiro', '0', NULL, NULL, NULL, NULL, NULL, 'Cedofeita', 'Ribadeo', '', NULL, '', '00000000000000'),
	(326, 338, 5, NULL, 'A', 'C/Claudio Alvargonzalez s/n', '0', NULL, NULL, NULL, NULL, NULL, 'Gijón', '', '33201', NULL, '', '00000000000000'),
	(327, 339, 5, NULL, 'A', 'C/ Sta Rosa 2', '0', NULL, NULL, NULL, NULL, NULL, 'Tapia de Casariego', '', '33330', NULL, '', '00000000000000'),
	(328, 340, 28, NULL, 'A', '', '0', NULL, NULL, NULL, NULL, NULL, 'Ribadeo', '', '', NULL, '', '00000000000000'),
	(329, 341, 5, NULL, 'A', 'C/ Puente Romano 2', '0', NULL, NULL, NULL, NULL, NULL, 'Cangas de Onis', '', '33550', NULL, '', '00000000000000'),
	(330, 342, 5, NULL, 'A', 'Naveda 12', '0', NULL, NULL, NULL, NULL, NULL, 'Cabranes', '', '33310', NULL, '', '00000000000000'),
	(331, 343, 28, NULL, 'A', 'C/Calzada', '0', NULL, NULL, NULL, NULL, NULL, 'San Xusto', 'Barreiros', '', NULL, '', '00000000000000'),
	(332, 344, 28, NULL, 'A', 'C/ Forxa 8', '0', NULL, NULL, NULL, NULL, NULL, 'Abres', '', '', NULL, '', '00000000000000'),
	(333, 76, 5, NULL, 'A', 'Plz Camila Bezeña 3', '0', NULL, NULL, NULL, NULL, NULL, 'Cangas de Onis', '', '33550', NULL, '', '00000000000000'),
	(348, 357, 5, NULL, 'A', 'Avd Pablo Iglesias 24', '0', NULL, NULL, NULL, NULL, NULL, 'Gijón', '', '33205', NULL, '', '00000000000000'),
	(334, 345, 28, NULL, 'A', 'C/Trapero Pardo 2', '0', NULL, NULL, NULL, NULL, NULL, 'Foz', '', '27780', NULL, '', '00000000000000'),
	(335, 326, 17, NULL, 'A', 'Ctra Antigua de Málaga 191', '0', NULL, NULL, NULL, NULL, NULL, 'Granada', '', '18015', NULL, '', '00000000000000'),
	(336, 346, 14, NULL, 'A', 'Urb Los Ruedos 46', '0', NULL, NULL, NULL, NULL, NULL, 'Cañete de las Torres', '', '14660', NULL, '', '00000000000000'),
	(337, 347, 5, NULL, 'A', 'C/ Llano-Ponte 44', '0', NULL, NULL, NULL, NULL, NULL, 'Avilés', '', '33402', NULL, '', '00000000000000'),
	(338, 86, 5, NULL, 'F', 'C/Nueve de Mayo nº 20', '0', NULL, NULL, NULL, NULL, NULL, 'Oviedo', '', '33002', NULL, '', '00000000000000'),
	(339, 348, 5, NULL, 'A', 'C/Ramiro I, nº 7Bajo', '0', NULL, NULL, NULL, NULL, NULL, 'Oviedo', '', '33012', NULL, '', '00000000000000'),
	(340, 349, 5, NULL, 'A', 'Avd del Gayo nº7', '0', NULL, NULL, NULL, NULL, NULL, 'Luanco', '', '33440', NULL, '', '00000000000000'),
	(341, 350, 5, NULL, 'A', 'Avd de la Constitución nº18', '0', NULL, NULL, NULL, NULL, NULL, 'Cabañaquinta', '', '33686', NULL, '', '00000000000000'),
	(342, 351, 5, NULL, 'A', 'Pedro Masaveu nº1', '0', NULL, NULL, NULL, NULL, NULL, 'Oviedo', '', '32007', NULL, '', '00000000000000'),
	(343, 352, 5, NULL, 'A', 'C/Arzobispo Guisasola nº26', '0', NULL, NULL, NULL, NULL, NULL, 'Oviedo', '', '33009', NULL, '', '00000000000000'),
	(344, 353, 5, NULL, 'A', 'C/San Pelayo 8', '0', NULL, NULL, NULL, NULL, NULL, 'Cangas de Onis', '', '33550', NULL, '', '00000000000000'),
	(345, 354, 5, NULL, 'A', 'C/Avilés nº2', '0', NULL, NULL, NULL, NULL, NULL, 'Gijón', '', '', NULL, '', '00000000000000'),
	(346, 355, 45, NULL, 'A', 'C/Iscar 9', '0', NULL, NULL, NULL, NULL, NULL, 'Valladolid', '', '47001', NULL, '', '00000000000000'),
	(347, 356, 5, NULL, 'A', 'CPuerto Ventana nº4', '0', NULL, NULL, NULL, NULL, NULL, 'Gijón', '', '', NULL, '', '00000000000000'),
	(349, 334, 28, NULL, 'A', 'Cedofeita', '0', NULL, NULL, NULL, NULL, NULL, 'Ribadeo', '', '', NULL, '', '00000000000000'),
	(350, 358, 29, NULL, 'A', 'Sierra Morena 55', '0', NULL, NULL, NULL, NULL, NULL, 'Las Matas', '', '28290', NULL, '', '00000000000000'),
	(351, 359, 5, NULL, 'A', 'C/Gascona 8', '0', NULL, NULL, NULL, NULL, NULL, 'Oviedo', '', '', NULL, '', '00000000000000'),
	(352, 360, 5, NULL, 'A', 'C/Avilés 2', '0', NULL, NULL, NULL, NULL, NULL, 'Gijón', '', '', NULL, '', '00000000000000'),
	(353, 361, 5, NULL, 'A', 'C/ La Pedrera 21', '0', NULL, NULL, NULL, NULL, NULL, 'Cangas de Onis', '', '33550', NULL, '', '00000000000000'),
	(354, 362, 5, NULL, 'A', 'Avd Del Gayo 7', '0', NULL, NULL, NULL, NULL, NULL, 'Luanco', '', '33440', NULL, '', '00000000000000'),
	(355, 363, 5, NULL, 'A', 'C/Parroco Pezol s/n', '0', NULL, NULL, NULL, NULL, NULL, 'Puerto de Vega', '', '', NULL, '', '00000000000000');
/*!40000 ALTER TABLE `direccion` ENABLE KEYS */;


-- Dumping structure for table tierrina.email
CREATE TABLE IF NOT EXISTS `email` (
  `idEmail` bigint(20) NOT NULL AUTO_INCREMENT,
  `direccion` varchar(100) COLLATE utf8_bin NOT NULL DEFAULT '0',
  `tipo` varchar(100) COLLATE utf8_bin NOT NULL DEFAULT '0',
  `idUsuario` bigint(20) NOT NULL DEFAULT '0',
  `notas` varchar(255) COLLATE utf8_bin DEFAULT NULL,
  PRIMARY KEY (`idEmail`),
  KEY `idUsuario` (`idUsuario`)
) ENGINE=MyISAM AUTO_INCREMENT=61 DEFAULT CHARSET=utf8 COLLATE=utf8_bin;

-- Dumping data for table tierrina.email: 26 rows
DELETE FROM `email`;
/*!40000 ALTER TABLE `email` DISABLE KEYS */;
INSERT INTO `email` (`idEmail`, `direccion`, `tipo`, `idUsuario`, `notas`) VALUES
	(38, 'administracion@agromar.es', 'Trabajo', 1, ''),
	(39, 'con_sdelgado@ahorramas.com', 'Trabajo', 2, ''),
	(40, ' aromamanchego@aromamanchego.com', 'Trabajo', 7, ''),
	(41, 'consultas@asturiasmascerca.com', 'Trabajo', 8, ''),
	(42, 'correo@balbona.es', 'Trabajo', 12, ''),
	(44, 'info@crivencar.com', 'Trabajo', 16, ''),
	(43, 'irf@carnicas-ismael.com', 'Trabajo', 17, ''),
	(8, 'info@hotellacepada.com', 'Trabajo', 30, ''),
	(45, 'correo@exclusivasapolo.com ', 'Trabajo', 31, ''),
	(46, 'info@massprofessional.com ', 'Trabajo', 33, ''),
	(48, 'robertonavelgas@gmail.com', 'Trabajo', 34, ''),
	(12, 'acpack@acpack.info', 'Trabajo', 61, ''),
	(13, 'manuelgarcia@acpack.info', 'Trabajo', 61, 'Manuel García - Gerente'),
	(14, 'info.murcia@schoellerarca.com', 'Trabajo', 62, ''),
	(49, 'pedidos@tintasonline.com', 'Trabajo', 165, ''),
	(37, 'informacion@embutidosvillaverde.es', 'Trabajo', 184, ''),
	(51, 'cm.perez@aromamanchego.com', 'Trabajo', 7, ''),
	(52, 'sandrexcanarias@hotmail.com', 'Trabajo', 278, ''),
	(53, 'amorgade@legumbresmorgade.com', 'Trabajo', 202, ''),
	(54, 'recogidas@zeleris.com', 'Trabajo', 272, ''),
	(55, 'fernando@hrlabrana.com', 'Trabajo', 284, ''),
	(56, 'www.hrlabrana.com', 'Otro', 284, ''),
	(57, 'molinosdelaveiga@hotmail.com', 'Trabajo', 261, ''),
	(58, 'legumbresjc@yahoo.es', 'Trabajo', 43, ''),
	(59, 'xmatas@bocattodicardinale.es', 'Personal', 320, ''),
	(60, 'info@tabernadepepe.com', 'Trabajo', 328, '');
/*!40000 ALTER TABLE `email` ENABLE KEYS */;


-- Dumping structure for table tierrina.empresa
CREATE TABLE IF NOT EXISTS `empresa` (
  `idEmpresa` bigint(20) NOT NULL AUTO_INCREMENT,
  `nombre` varchar(100) COLLATE latin1_spanish_ci NOT NULL DEFAULT '',
  `lopdFactura` varchar(800) COLLATE latin1_spanish_ci NOT NULL DEFAULT '',
  `registroSanitario` varchar(50) COLLATE latin1_spanish_ci NOT NULL DEFAULT '',
  PRIMARY KEY (`idEmpresa`)
) ENGINE=InnoDB AUTO_INCREMENT=2 DEFAULT CHARSET=latin1 COLLATE=latin1_spanish_ci;

-- Dumping data for table tierrina.empresa: ~1 rows (approximately)
DELETE FROM `empresa`;
/*!40000 ALTER TABLE `empresa` DISABLE KEYS */;
INSERT INTO `empresa` (`idEmpresa`, `nombre`, `lopdFactura`, `registroSanitario`) VALUES
	(1, 'Tierrina Vaqueira', 'Legumbres La Tierrina Vaqueira S.L.U informa que los datos personales facilitados por el cliente serán incorporados a un fichero de su titularidad cuya finalidad es la gestión de clientes y contactos y reconoce a sus titulares la posibilidad de ejercitar gratuitamente los derechos de acceso, rectificación, cancelación y oposición enviando comunicación a las direcciones que figuran en este documento.', 'R.G.S : 21.026805/O');
/*!40000 ALTER TABLE `empresa` ENABLE KEYS */;


-- Dumping structure for table tierrina.entidad
CREATE TABLE IF NOT EXISTS `entidad` (
  `idUsuario` bigint(20) NOT NULL AUTO_INCREMENT,
  `idSector` bigint(20) DEFAULT NULL,
  `idTipo` bigint(20) DEFAULT NULL,
  `idRol` bigint(20) NOT NULL DEFAULT '0',
  `idRuta` bigint(20) NOT NULL DEFAULT '0',
  `idComercial` bigint(20) NOT NULL DEFAULT '0',
  `nombre` varchar(255) CHARACTER SET latin1 COLLATE latin1_spanish_ci NOT NULL DEFAULT '',
  `apellido1` varchar(255) CHARACTER SET latin1 COLLATE latin1_spanish_ci DEFAULT NULL,
  `apellido2` varchar(255) CHARACTER SET latin1 COLLATE latin1_spanish_ci DEFAULT NULL,
  `apellidos` varchar(255) CHARACTER SET latin1 COLLATE latin1_spanish_ci NOT NULL DEFAULT '',
  `nif` varchar(255) CHARACTER SET latin1 COLLATE latin1_spanish_ci DEFAULT NULL,
  `ean` varchar(14) CHARACTER SET latin1 COLLATE latin1_spanish_ci DEFAULT NULL,
  `registroMercantil` varchar(50) CHARACTER SET latin1 COLLATE latin1_spanish_ci DEFAULT NULL,
  `web` varchar(255) CHARACTER SET latin1 COLLATE latin1_spanish_ci DEFAULT NULL,
  `dsctoMercancia` decimal(5,2) DEFAULT '1.00',
  `dsctoValor` decimal(5,2) DEFAULT '0.00',
  `foto` varchar(255) CHARACTER SET latin1 COLLATE latin1_spanish_ci DEFAULT NULL,
  `descripcion` varchar(255) CHARACTER SET latin1 COLLATE latin1_spanish_ci DEFAULT NULL,
  `fechaRegistro` date DEFAULT NULL,
  `usuarioResponsable` varchar(50) CHARACTER SET latin1 COLLATE latin1_spanish_ci DEFAULT NULL,
  `habilitado` char(1) CHARACTER SET latin1 COLLATE latin1_spanish_ci NOT NULL DEFAULT 'S',
  `tipoSincronizacion` char(1) CHARACTER SET latin1 COLLATE latin1_spanish_ci NOT NULL DEFAULT 'N',
  `tipoPersona` char(1) CHARACTER SET latin1 COLLATE latin1_spanish_ci NOT NULL DEFAULT 'A',
  `limiteCredito` double(10,2) NOT NULL DEFAULT '0.00',
  `recargoEquivalencia` double(10,2) NOT NULL DEFAULT '0.00',
  `exportableAutoventa` char(1) COLLATE utf8_spanish_ci NOT NULL DEFAULT 'S',
  `observaciones` text COLLATE utf8_spanish_ci NOT NULL,
  PRIMARY KEY (`idUsuario`),
  KEY `FK_entidad_rol` (`idRol`)
) ENGINE=InnoDB AUTO_INCREMENT=364 DEFAULT CHARSET=utf8 COLLATE=utf8_spanish_ci;

-- Dumping data for table tierrina.entidad: ~339 rows (approximately)
DELETE FROM `entidad`;
/*!40000 ALTER TABLE `entidad` DISABLE KEYS */;
INSERT INTO `entidad` (`idUsuario`, `idSector`, `idTipo`, `idRol`, `idRuta`, `idComercial`, `nombre`, `apellido1`, `apellido2`, `apellidos`, `nif`, `ean`, `registroMercantil`, `web`, `dsctoMercancia`, `dsctoValor`, `foto`, `descripcion`, `fechaRegistro`, `usuarioResponsable`, `habilitado`, `tipoSincronizacion`, `tipoPersona`, `limiteCredito`, `recargoEquivalencia`, `exportableAutoventa`, `observaciones`) VALUES
	(1, 7, NULL, 1, 0, 0, 'CONSERVAS AGROMAR S.A.', NULL, NULL, '', 'A33683145', '', NULL, '', 0.00, 0.00, NULL, NULL, '2011-09-12', 'prueba', 'S', 'N', 'A', 0.00, 0.00, 'S', ''),
	(2, 3, NULL, 1, 0, 0, 'AHORRAMAS S.A.', NULL, NULL, '', 'A28600278', '', NULL, '', 0.00, 0.00, NULL, NULL, '2011-09-12', 'prueba', 'S', 'N', 'E', 0.00, 0.00, 'S', ''),
	(3, 3, NULL, 1, 0, 0, 'ALCAMPO S.A.', NULL, NULL, '', 'A28581882', '', NULL, '', 0.00, 0.00, NULL, NULL, '2011-09-12', 'prueba', 'S', 'N', 'E', 0.00, 0.00, 'S', ''),
	(4, 3, NULL, 1, 0, 0, 'ALDI SAN ISIDRO SUPERMERCADOS SL', NULL, NULL, '', 'B53948204', '', NULL, '', 0.00, 0.00, NULL, NULL, '2011-09-12', 'prueba', 'S', 'N', 'A', 0.00, 0.00, 'S', ''),
	(5, 0, NULL, 1, -1, 8, 'ALDI MASQUEFA SUPERMERCADOS SL', NULL, NULL, '', 'B63667109', '', NULL, '', 0.00, 0.00, NULL, NULL, '2011-09-12', 'prueba', 'S', 'N', 'A', 0.00, 0.00, 'S', ''),
	(6, 3, NULL, 1, 0, 0, 'ALDI DOS HERMANAS SUPERMERCADOS SL', NULL, NULL, '', 'B91405142', '', NULL, '', 0.00, 0.00, NULL, NULL, '2011-09-12', 'prueba', 'S', 'N', 'A', 0.00, 0.00, 'S', ''),
	(7, 7, NULL, 1, 0, 0, 'Aroma Manchego S.L.', NULL, NULL, '', 'B45517919', '', NULL, '', 0.00, 0.00, NULL, NULL, '2011-09-12', 'prueba', 'S', 'N', 'A', 0.00, 0.00, 'S', ''),
	(8, 4, NULL, 1, -1, -1, 'Asturias más cerca-Pepe García Valverde', NULL, NULL, 'Asturias más cerca SL', 'B97212740', '', NULL, '', 0.00, 0.00, NULL, NULL, '2011-09-12', 'prueba', 'S', 'N', 'A', 0.00, 0.00, 'S', ''),
	(9, 1, NULL, 1, 0, 0, 'MATERASTURIAS S.L', NULL, NULL, '', 'B33924374', '', NULL, '', 0.00, 0.00, NULL, NULL, '2011-09-12', 'prueba', 'S', 'N', 'A', 0.00, 0.00, 'S', ''),
	(10, 4, NULL, 1, 0, 0, 'ASTURVISA ', NULL, NULL, '(Asturiana de Vinos S.A)', 'A33056151', '', NULL, '', 0.00, 0.00, NULL, NULL, '2011-09-12', 'prueba', 'S', 'N', 'E', 0.00, 0.00, 'S', ''),
	(11, 0, NULL, 1, -1, -1, 'AZALEA', NULL, NULL, '-JESUS FERNANDEZ ALLICA', '13790497L', '', NULL, '', 0.00, 0.00, NULL, NULL, '2011-09-12', 'prueba', 'S', 'N', 'A', 0.00, 0.00, 'S', ''),
	(12, 0, NULL, 1, 0, 0, 'BALBONA PASTELEROS S.A.', NULL, NULL, '', 'B33642018', '', NULL, '', 0.00, 0.00, NULL, NULL, '2011-09-12', 'prueba', 'S', 'N', 'E', 0.00, 0.00, 'S', ''),
	(13, 0, NULL, 1, 0, 0, 'PRODUCTOS CAMPANAL S.A.', NULL, NULL, '', 'A33600396', '', NULL, '', 0.00, 0.00, NULL, NULL, '2011-09-12', 'prueba', 'S', 'N', 'E', 0.00, 0.00, 'S', ''),
	(14, 3, NULL, 1, 0, 0, 'CODEFRUT S.A.', NULL, NULL, '', 'A33395476', '', NULL, '', 0.00, 0.00, NULL, NULL, '2011-09-12', 'prueba', 'S', 'N', 'E', 0.00, 0.00, 'S', ''),
	(15, 2, NULL, 1, 0, 0, 'Carnicerías Antonio SL', NULL, NULL, '', 'B33324302', '', NULL, '', 0.00, 0.00, NULL, NULL, '2011-09-12', 'prueba', 'S', 'N', 'E', 0.00, 0.00, 'S', ''),
	(16, 4, NULL, 1, 1, 8, 'QUESOS DEL PRINCIPADO DE ASTURIAS S.L.', NULL, NULL, '', 'B33120361', '', NULL, '  http://www.productosdeasturias.com', 0.00, 0.00, NULL, NULL, '2011-09-12', 'prueba', 'S', 'N', 'E', 0.00, 0.00, 'S', ''),
	(17, 2, NULL, 1, 0, 0, 'INDUSTRIAS CARNICAS ISMAEL SL', NULL, NULL, '', 'B81689663', '', NULL, 'www.carnicas-ismael.com', 0.00, 0.00, NULL, NULL, '2011-09-12', 'prueba', 'S', 'N', 'E', 0.00, 0.00, 'S', ''),
	(18, 2, NULL, 1, 0, 0, 'CÁRNICAS LUISMA S.C.', NULL, NULL, '', 'E33557505', '', NULL, '', 0.00, 0.00, NULL, NULL, '2011-09-12', 'prueba', 'S', 'N', 'A', 0.00, 0.00, 'S', ''),
	(19, 4, NULL, 1, 0, 0, 'COMERCIAL LA GALLEGA DE LOS PALLARES S.L.', NULL, NULL, '', 'B95448924', '', NULL, '', 0.00, 0.00, NULL, NULL, '2011-09-12', 'prueba', 'S', 'N', 'E', 0.00, 0.00, 'S', ''),
	(20, 1, NULL, 1, 1, 8, 'DEL VALLE Y MARTINEZ C.B.', NULL, NULL, '', 'E33545278', '', NULL, 'www.elhuertodelermitanodecovadonga.com ', 0.00, 0.00, NULL, NULL, '2011-09-12', 'prueba', 'S', 'N', 'E', 0.00, 0.00, 'S', ''),
	(21, 3, NULL, 1, 0, 0, 'EL CORTE INGLÉS S.A.', NULL, NULL, '', 'A28017895', '', NULL, '', 0.00, 0.00, NULL, NULL, '2011-09-12', 'prueba', 'S', 'N', 'E', 0.00, 0.00, 'S', ''),
	(22, 4, NULL, 1, 0, 0, 'EMBUASTUR S.L.', NULL, NULL, '', 'B33481243', '', NULL, '', 0.00, 0.00, NULL, NULL, '2011-09-12', 'prueba', 'S', 'N', 'E', 0.00, 0.00, 'S', ''),
	(23, 4, NULL, 1, 1, 8, 'El Horreo Healthy Food SL', NULL, NULL, 'El Horreo Healthy Food SL', 'B33354432', '', NULL, '', 0.00, 0.00, NULL, NULL, '2011-09-12', 'prueba', 'S', 'N', 'E', 0.00, 0.00, 'S', ''),
	(24, 4, NULL, 1, 1, 8, 'EMBUTIDOS LA ALDEA S.L.', NULL, NULL, '', 'B33428921', '', NULL, '', 0.00, 0.00, NULL, NULL, '2011-09-12', 'prueba', 'S', 'N', 'E', 0.00, 0.00, 'S', ''),
	(25, 4, NULL, 1, 0, 0, 'EMBUTIDOS LA TINETENSE S.L.', NULL, NULL, '', 'B33354432', '', NULL, '', 0.00, 0.00, NULL, NULL, '2011-09-12', 'prueba', 'S', 'N', 'E', 0.00, 0.00, 'S', ''),
	(26, 4, NULL, 1, 1, 8, 'EMBUTIDOS MAYBE S.A..', NULL, NULL, '', 'A33044199', '', NULL, '', 0.00, 0.00, NULL, NULL, '2011-09-12', 'prueba', 'S', 'N', 'E', 0.00, 0.00, 'S', ''),
	(27, 4, NULL, 1, 0, 0, 'EMBUTIDOS NAVEDA-Antonio Palacio Longo', NULL, NULL, '', '52618571E', '', NULL, '', 0.00, 0.00, NULL, NULL, '2011-09-12', 'prueba', 'N', 'N', 'A', 0.00, 0.00, 'S', ''),
	(28, 1, NULL, 1, 0, 0, 'Colegio del Pilar ', NULL, NULL, '', 'R2700037-A', '', NULL, '', 0.00, 0.00, NULL, NULL, '2011-09-12', 'prueba', 'S', 'N', 'A', 0.00, 0.00, 'S', ''),
	(29, 1, NULL, 1, 0, 0, 'otumbin villaframil C.B.', NULL, NULL, '', 'E27408590', '', NULL, '', 0.00, 0.00, NULL, NULL, '2011-09-12', 'prueba', 'S', 'N', 'A', 0.00, 0.00, 'S', ''),
	(30, 1, NULL, 1, 0, 0, 'ETXIZARRETINEZ HOSTELERIA S.L.L', NULL, NULL, '', 'B74011727', '', NULL, '', 0.00, 0.00, NULL, NULL, '2011-09-12', 'prueba', 'S', 'N', 'A', 0.00, 0.00, 'S', ''),
	(31, 4, NULL, 1, 0, 0, 'EXCLUSIVAS APOLO S.L.', NULL, NULL, '', 'B39326558', '', NULL, '', 0.00, 0.00, NULL, NULL, '2011-09-12', 'prueba', 'S', 'N', 'E', 0.00, 0.00, 'S', ''),
	(32, 4, NULL, 1, 0, 0, 'LA ESPAÑOLA MEATS, INC', NULL, NULL, '', '', '', NULL, '', 0.00, 0.00, NULL, NULL, '2011-09-12', 'prueba', 'S', 'N', 'A', 0.00, 0.00, 'S', ''),
	(33, 4, NULL, 1, 1, 8, 'Food Profesional s.l.', NULL, NULL, 'Food Profesional s.l.', 'B33878182', '', NULL, 'www.massprofessional.com', 0.00, 0.00, NULL, NULL, '2011-09-12', 'prueba', 'S', 'N', 'E', 0.00, 0.00, 'S', ''),
	(34, 4, NULL, 1, 0, 0, 'Roberto Fernandez Perez ', NULL, NULL, '', '45429750N', '', NULL, '', 0.00, 0.00, NULL, NULL, '2011-09-12', 'prueba', 'S', 'N', 'A', 0.00, 0.00, 'S', ''),
	(35, NULL, 1, 2, 0, 0, 'AGRISOS', NULL, NULL, '', '', '', NULL, '', 0.00, 0.00, NULL, NULL, '2011-09-12', 'prueba', 'S', 'N', 'A', 0.00, 0.00, 'S', ''),
	(36, NULL, 1, 2, 0, 0, 'ASOPROF', NULL, NULL, '', '', '', NULL, 'www.asoprof.com', 0.00, 0.00, NULL, NULL, '2011-09-12', 'prueba', 'S', 'N', 'A', 0.00, 0.00, 'S', ''),
	(37, NULL, 1, 2, 0, 0, 'Celestino Pérez Santiago (Prod 361 DO)', NULL, NULL, '', '', '', NULL, '', 0.00, 0.00, NULL, NULL, '2011-09-12', 'prueba', 'S', 'N', 'A', 0.00, 0.00, 'S', ''),
	(38, NULL, 1, 2, 0, 0, '', NULL, NULL, '', '52618571E', '', NULL, 'www.naveda.com', 0.00, 0.00, NULL, NULL, '2011-09-12', 'prueba', 'S', 'N', 'A', 0.00, 0.00, 'S', ''),
	(39, NULL, 1, 2, 0, 0, 'Francisco (Kin)', NULL, NULL, '', '', '', NULL, '', 0.00, 0.00, NULL, NULL, '2011-09-12', 'prueba', 'S', 'N', 'A', 0.00, 0.00, 'S', ''),
	(40, NULL, 1, 2, 0, 0, 'Jesús', NULL, NULL, 'García Pérez', '71867185M', '', NULL, '', 0.00, 0.00, NULL, NULL, '2011-09-12', 'prueba', 'S', 'N', 'A', 0.00, 0.00, 'S', ''),
	(41, NULL, 1, 2, 1, 8, 'LA TIERRINA VAQUEIRA', NULL, NULL, '', 'B74140591', '', NULL, '', 0.00, 0.00, NULL, NULL, '2011-09-13', 'prueba', 'S', 'N', 'E', 0.00, 0.00, 'S', ''),
	(42, NULL, 1, 2, 0, 0, 'LEGUCOM', NULL, NULL, '', '2998041013', '', NULL, '', 0.00, 0.00, NULL, NULL, '2011-09-13', 'prueba', 'S', 'N', 'A', 0.00, 0.00, 'S', ''),
	(43, NULL, 1, 2, -1, -1, 'LEGUMBRES SELECTAS LA POSADA S.L.', NULL, NULL, '', 'B45428596', '', NULL, '', 0.00, 0.00, NULL, NULL, '2011-09-13', 'prueba', 'S', 'N', 'E', 0.00, 0.00, 'S', ''),
	(44, NULL, 1, 2, -1, -1, 'MANUEL MAREQUE BOEDO', NULL, NULL, '', '76306597A', '', NULL, '', 0.00, 0.00, NULL, NULL, '2011-09-13', 'prueba', 'S', 'N', 'A', 0.00, 0.00, 'S', ''),
	(45, NULL, 1, 2, 0, 0, 'Maruja de Sante', NULL, NULL, '', '', '', NULL, '', 0.00, 0.00, NULL, NULL, '2011-09-13', 'prueba', 'S', 'N', 'A', 0.00, 0.00, 'S', ''),
	(46, NULL, 1, 2, 0, 0, 'Herederos de Pepe el Bueno SL', NULL, NULL, '', 'B33504119', '', NULL, '', 0.00, 0.00, NULL, NULL, '2011-09-13', 'prueba', 'S', 'N', 'A', 0.00, 0.00, 'S', ''),
	(47, NULL, 1, 2, 0, 0, 'QUESOS DEL PRINCIPADO DE ASTURIAS SL', NULL, NULL, '', 'B33120361', '', NULL, '', 0.00, 0.00, NULL, NULL, '2011-09-13', 'prueba', 'N', 'N', 'A', 0.00, 0.00, 'S', ''),
	(48, NULL, 2, 2, 0, 0, 'ASTRACON', NULL, NULL, '', 'F33968934', '', NULL, '', 0.00, 0.00, NULL, NULL, '2011-09-13', 'prueba', 'S', 'N', 'A', 0.00, 0.00, 'S', ''),
	(49, NULL, 2, 2, 0, 0, 'COGITRANS', NULL, NULL, '', '', '', NULL, '', 0.00, 0.00, NULL, NULL, '2011-09-13', 'prueba', 'S', 'N', 'A', 0.00, 0.00, 'S', ''),
	(50, NULL, 2, 2, 0, 0, 'MRW-Mensastur Lugones S.L.', NULL, NULL, '', 'B33536665', '', NULL, '', 0.00, 0.00, NULL, NULL, '2011-09-13', 'prueba', 'S', 'N', 'A', 0.00, 0.00, 'S', ''),
	(51, NULL, 2, 2, 0, 0, 'NACEX- Paqueteria', NULL, NULL, '', '', '', NULL, '', 0.00, 0.00, NULL, NULL, '2011-09-13', 'prueba', 'S', 'N', 'A', 0.00, 0.00, 'S', ''),
	(52, NULL, 2, 2, 0, 0, 'Tierrina Vaqueira (Transporte)', NULL, NULL, '', '', '', NULL, '', 0.00, 0.00, NULL, NULL, '2011-09-13', 'prueba', 'S', 'N', 'A', 0.00, 0.00, 'S', ''),
	(53, NULL, 2, 2, 0, 0, 'ZAMAR -Grupo DUCO', NULL, NULL, '', '', '', NULL, '', 0.00, 0.00, NULL, NULL, '2011-09-13', 'prueba', 'S', 'N', 'A', 0.00, 0.00, 'S', ''),
	(54, NULL, 3, 2, 0, 0, 'Fantexsa SL (Hilos Máquina Coser)', NULL, NULL, '', 'B60151602', '', NULL, '', 0.00, 0.00, NULL, NULL, '2011-09-13', 'prueba', 'S', 'N', 'A', 0.00, 0.00, 'S', ''),
	(55, NULL, 1, 2, 0, 0, 'Albornoz y Asociados SL', NULL, NULL, '', '', '', NULL, 'www.albornozyasociados.com', 0.00, 0.00, NULL, NULL, '2011-09-13', 'prueba', 'N', 'N', 'A', 0.00, 0.00, 'S', ''),
	(56, NULL, 4, 2, 0, 0, 'Bobes- Rafael Bobes Fdez.', NULL, NULL, '', '', '', NULL, '', 0.00, 0.00, NULL, NULL, '2011-09-13', 'prueba', 'S', 'N', 'A', 0.00, 0.00, 'S', ''),
	(57, NULL, 4, 2, 0, 0, 'ILERAFITEX', NULL, NULL, '', '', '', NULL, 'www.ilerafitex.com', 0.00, 0.00, NULL, NULL, '2011-09-13', 'prueba', 'S', 'N', 'A', 0.00, 0.00, 'S', ''),
	(58, NULL, 4, 2, 0, 0, 'ORION IMPRESIONES S.L.', NULL, NULL, '', 'B54074307', '', NULL, '', 0.00, 0.00, NULL, NULL, '2011-09-13', 'prueba', 'S', 'N', 'A', 0.00, 0.00, 'S', ''),
	(59, NULL, 4, 2, 0, 0, 'SERVIGRAMA Ind. Pub. S.L.', NULL, NULL, '', 'B47321476', '', NULL, 'www.servigrama.es', 0.00, 0.00, NULL, NULL, '2011-09-13', 'prueba', 'S', 'N', 'A', 0.00, 0.00, 'S', ''),
	(60, NULL, 5, 2, 0, 0, 'Albornoz y Asociados SL', NULL, NULL, '', 'B74040320', '', NULL, 'www.albornozyasociados.com', 0.00, 0.00, NULL, NULL, '2011-09-13', 'prueba', 'S', 'N', 'A', 0.00, 0.00, 'S', ''),
	(61, NULL, 4, 2, 0, 0, 'ACPACK SL', NULL, NULL, '', 'B36472868', '', NULL, '', 0.00, 0.00, NULL, NULL, '2011-09-13', 'prueba', 'S', 'N', 'A', 0.00, 0.00, 'S', ''),
	(62, NULL, 1, 2, 0, 0, 'Schoeller Arca Systems SLU', NULL, NULL, '', 'B-30595524', '', NULL, '', 0.00, 0.00, NULL, NULL, '2011-09-13', 'prueba', 'S', 'N', 'A', 0.00, 0.00, 'S', ''),
	(63, 4, NULL, 1, 0, 0, 'Amador', NULL, NULL, 'Díaz Riesgo', '32867482E', '', NULL, '', 0.00, 0.00, NULL, NULL, '2011-11-16', 'Maria', 'S', 'N', 'A', 0.00, 0.00, 'S', ''),
	(64, 3, NULL, 1, 0, 0, 'CEMAR ALIMENTACIÓN SL', NULL, NULL, '', 'B27019603', '', NULL, '', 0.00, 0.00, NULL, NULL, '2011-11-16', 'Maria', 'S', 'N', 'E', 0.00, 0.00, 'S', ''),
	(65, 4, NULL, 1, 0, 0, 'EMBUTIDOS NATURALES ASTURIANOS SL', NULL, NULL, '', 'B33493669', '', NULL, '', 0.00, 0.00, NULL, NULL, '2011-11-16', 'Maria', 'S', 'N', 'E', 0.00, 0.00, 'S', ''),
	(66, 4, NULL, 1, 0, 0, 'EMBUTIDOS SANTA RITA SL', NULL, NULL, '', 'B33918244', '', NULL, '', 0.00, 0.00, NULL, NULL, '2011-11-16', 'Maria', 'S', 'N', 'A', 0.00, 0.00, 'S', ''),
	(67, 4, NULL, 1, 0, 0, 'FLORENCIO', NULL, NULL, 'MARTINEZ FERNANDEZ', '9732064M', '', NULL, '', 0.00, 0.00, NULL, NULL, '2011-11-16', 'Maria', 'S', 'N', 'A', 0.00, 0.00, 'S', ''),
	(68, 4, NULL, 1, 0, 0, 'FRANCO MOR SA', NULL, NULL, '', 'A28615581', '', NULL, '', 0.00, 0.00, NULL, NULL, '2011-11-16', 'Maria', 'S', 'N', 'E', 0.00, 0.00, 'S', ''),
	(69, 4, NULL, 1, 0, 0, 'FEITO Y TOYOSA SA', NULL, NULL, '', 'A33115007', '', NULL, '', 0.00, 0.00, NULL, NULL, '2011-11-16', 'Maria', 'S', 'N', 'A', 0.00, 0.00, 'S', ''),
	(70, 4, NULL, 1, 0, 0, 'GANADERÍA BUYOS SL', NULL, NULL, '', 'B33837360', '', NULL, '', 0.00, 0.00, NULL, NULL, '2011-11-16', 'Maria', 'S', 'N', 'A', 0.00, 0.00, 'S', ''),
	(71, 2, NULL, 1, 0, 0, 'CHARCUTERÍA EL GORFOLÍ SL', NULL, NULL, '', 'B74223215', '', NULL, '', 0.00, 0.00, NULL, NULL, '2011-11-16', 'Maria', 'S', 'N', 'A', 0.00, 0.00, 'S', ''),
	(72, 4, NULL, 1, 0, 0, 'HOSTELERÍA DEL REAL SITIO SL', NULL, NULL, '', 'B74101387', '', NULL, '', 0.00, 0.00, NULL, NULL, '2011-11-16', 'Maria', 'S', 'N', 'E', 0.00, 0.00, 'S', ''),
	(73, 1, NULL, 1, 0, 0, 'HOTEL SILVOTA SL', NULL, NULL, '', 'B33514167', '', NULL, '', 0.00, 0.00, NULL, NULL, '2011-11-17', 'Maria', 'S', 'N', 'E', 0.00, 0.00, 'S', ''),
	(74, NULL, NULL, 1, 0, 0, 'HOTEL BEATRIZ', NULL, NULL, '(INVERSIONES HOTELERAS S.L)', 'B45474953', '', NULL, '', 0.00, 0.00, NULL, NULL, '2011-11-17', 'Maria', 'S', 'N', 'E', 0.00, 0.00, 'S', ''),
	(75, 4, NULL, 1, 0, 0, 'Hotel Los Acebos-', NULL, NULL, 'PROMOCIONES TURÍSTICAS LOS ACEBOS SL', 'B74039280', '', NULL, '', 0.00, 0.00, NULL, NULL, '2011-11-17', 'Maria', 'S', 'N', 'E', 0.00, 0.00, 'S', ''),
	(76, NULL, NULL, 1, 1, 8, 'HOTEL LOS LAGOS DE COVADONGA -', NULL, NULL, 'Los Arcos de Cangas S.L', 'B74318171', '', NULL, '', 0.00, 0.00, NULL, NULL, '2011-11-17', 'Maria', 'S', 'N', 'E', 0.00, 0.00, 'S', ''),
	(77, 4, NULL, 1, 0, 0, 'SOCIEDAD DE GESTIÓN DE JAMONES DE JABUGO SL', NULL, NULL, '', 'B91727966', '', NULL, '', 0.00, 0.00, NULL, NULL, '2011-11-17', 'Maria', 'S', 'N', 'A', 0.00, 0.00, 'S', ''),
	(78, 4, NULL, 1, 0, 0, 'LEGUMBRES GUILLERMO SL', NULL, NULL, '', 'B48870356', '', NULL, '', 0.00, 0.00, NULL, NULL, '2011-11-17', 'Maria', 'S', 'N', 'E', 0.00, 0.00, 'S', ''),
	(79, 4, NULL, 1, 0, 0, 'Legumbres La Pedriza-', NULL, NULL, 'ALIMENTOS LA PEDRIZA SL', 'B11556958', '', NULL, '', 0.00, 0.00, NULL, NULL, '2011-11-17', 'Maria', 'S', 'N', 'E', 0.00, 0.00, 'S', ''),
	(80, 4, NULL, 1, -1, -1, 'LEGUMBRES BURCOL SL', NULL, NULL, 'LEGUMBRES BURCOL SL', 'B19105451', '', NULL, '', 0.00, 0.00, NULL, NULL, '2011-11-17', 'Maria', 'S', 'N', 'E', 0.00, 0.00, 'N', ''),
	(81, 4, NULL, 1, 0, 0, 'LEGUMBRES EL MARAGATO SL', NULL, NULL, '', 'B24449977', '', NULL, '', 0.00, 0.00, NULL, NULL, '2011-11-17', 'Maria', 'S', 'N', 'A', 0.00, 0.00, 'S', ''),
	(82, 4, NULL, 1, 0, 0, 'LEGUMBRES SELECTAS LA POSADA SL', NULL, NULL, '', 'B45428596', '', NULL, '', 0.00, 0.00, NULL, NULL, '2011-11-18', 'Maria', 'N', 'N', 'A', 0.00, 0.00, 'S', ''),
	(83, 4, NULL, 1, 0, 0, 'LOS CUELI CB', NULL, NULL, '', 'E-74115734', '', NULL, '', 0.00, 0.00, NULL, NULL, '2011-11-18', 'Maria', 'S', 'N', 'A', 0.00, 0.00, 'S', ''),
	(84, 4, NULL, 1, 0, 0, 'MARIA TERESA', NULL, NULL, 'CORRALES INÉS', '71689187G', '', NULL, '', 0.00, 0.00, NULL, NULL, '2011-11-18', 'Maria', 'S', 'N', 'A', 0.00, 0.00, 'S', ''),
	(85, 4, NULL, 1, 0, 0, 'MERKASTUR SL', NULL, NULL, '', 'B33679614', '', NULL, '', 0.00, 0.00, NULL, NULL, '2011-11-18', 'Maria', 'S', 'N', 'A', 0.00, 0.00, 'S', ''),
	(86, NULL, 2, 2, -1, -1, 'LUDAMAR ALIMENTACIÓN SL', NULL, NULL, '', 'B74008715', '', NULL, '', 0.00, 0.00, NULL, NULL, '2011-11-18', 'Maria', 'S', 'N', 'A', 0.00, 0.00, 'S', ''),
	(87, 4, NULL, 1, 0, 0, 'PRODUCTOS NOREÑENSE SL', NULL, NULL, '', 'B33011792', '', NULL, '', 0.00, 0.00, NULL, NULL, '2011-11-18', 'Maria', 'S', 'N', 'E', 0.00, 0.00, 'S', ''),
	(88, 4, NULL, 1, 0, 0, 'NORTEÑOS-', NULL, NULL, 'CENTRAL DE CARNES MADRID NORTE SA', 'A79393179', '', NULL, '', 0.00, 0.00, NULL, NULL, '2011-11-18', 'Maria', 'S', 'N', 'E', 0.00, 0.00, 'S', ''),
	(89, 4, NULL, 1, 0, 0, 'MONTEVALLES CARNICAS Y ELABORADOS DEL NORTE SA', NULL, NULL, '', 'A74169186', '', NULL, '', 0.00, 0.00, NULL, NULL, '2011-11-18', 'Maria', 'S', 'N', 'A', 0.00, 0.00, 'S', ''),
	(90, 3, NULL, 1, 0, 0, 'SUPERMERCADOS OBLANCA SL', NULL, NULL, '', 'B33860982', '', NULL, '', 0.00, 0.00, NULL, NULL, '2011-11-18', 'Maria', 'S', 'N', 'A', 0.00, 0.00, 'S', ''),
	(91, 4, NULL, 1, 0, 0, 'ONSA CB', NULL, NULL, '', 'E74117391', '', NULL, '', 0.00, 0.00, NULL, NULL, '2011-11-18', 'Maria', 'S', 'N', 'A', 0.00, 0.00, 'S', ''),
	(92, 4, NULL, 1, 0, 0, 'PALACIO DE LUCES SL', NULL, NULL, '', 'B74075615', '', NULL, '', 0.00, 0.00, NULL, NULL, '2011-11-18', 'Maria', 'S', 'N', 'A', 0.00, 0.00, 'S', ''),
	(93, NULL, NULL, 1, 0, 0, 'PARADOR NACIONAL DE ALCALA DE HENARES', NULL, NULL, '', 'A79855201', '', NULL, '', 0.00, 0.00, NULL, NULL, '2011-11-18', 'Maria', 'S', 'N', 'E', 0.00, 0.00, 'S', ''),
	(94, NULL, NULL, 1, 1, 8, 'PARADOR NACIONAL SAN PEDRO DE VILLANUEVA', NULL, NULL, '', 'A79855201', '', NULL, '', 0.00, 0.00, NULL, NULL, '2011-11-18', 'Maria', 'S', 'N', 'E', 0.00, 0.00, 'S', ''),
	(95, NULL, NULL, 1, 0, 0, 'PARADORES DE TURISMO DE ESPAÑA SA', NULL, NULL, '', 'A79855201', '', NULL, '', 0.00, 0.00, NULL, NULL, '2011-11-18', 'Maria', 'S', 'N', 'E', 0.00, 0.00, 'S', ''),
	(96, NULL, NULL, 1, 0, 0, 'HOTEL POSADA DEL VALLE', NULL, NULL, '', 'X0291990M', '', NULL, '', 0.00, 0.00, NULL, NULL, '2011-11-18', 'Maria', 'S', 'N', 'A', 0.00, 0.00, 'S', ''),
	(97, 4, NULL, 1, 0, 0, 'PRODUCTOS NATURALES DE ASTURIAS SA', NULL, NULL, '', 'A33439753', '', NULL, '', 0.00, 0.00, NULL, NULL, '2011-11-18', 'Maria', 'S', 'N', 'E', 0.00, 0.00, 'S', ''),
	(98, 4, NULL, 1, 0, 0, 'Restaurante San Pelayo-', NULL, NULL, 'LA CABAÑA DEL MAR SL', 'B33482258', '', NULL, '', 0.00, 0.00, NULL, NULL, '2011-11-18', 'Maria', 'S', 'N', 'E', 0.00, 0.00, 'S', ''),
	(99, 4, NULL, 1, 0, 0, 'MUSEO LA PUERTA DE COVADONGA SL', NULL, NULL, '', 'B33950973', '', NULL, '', 0.00, 0.00, NULL, NULL, '2011-11-18', 'Maria', 'S', 'N', 'A', 0.00, 0.00, 'S', ''),
	(100, 4, NULL, 1, 1, 8, 'REAL BALNEARIO SL', NULL, NULL, '', 'B33339177', '', NULL, '', 0.00, 0.00, NULL, NULL, '2011-11-18', 'Maria', 'S', 'N', 'E', 0.00, 0.00, 'S', ''),
	(101, 0, NULL, 1, 0, 0, 'Restaurante Cenador de Amos-', NULL, NULL, 'CENADOR DE AMOS SL', 'B39655873', '', NULL, '', 0.00, 0.00, NULL, NULL, '2011-11-18', 'Maria', 'S', 'N', 'E', 0.00, 0.00, 'S', ''),
	(102, 0, NULL, 1, -1, -1, 'Restaurante La Hoja-', NULL, NULL, 'LA HOJA SL', 'B80013071', '', NULL, '', 0.00, 0.00, NULL, NULL, '2011-11-21', 'Maria', 'S', 'N', 'E', 0.00, 0.00, 'S', ''),
	(103, NULL, NULL, 1, 0, 0, 'ANA ISABEL LEDO GARCÍA', NULL, NULL, '', '34978594X', '', NULL, '', 0.00, 0.00, NULL, NULL, '2011-11-21', 'Maria', 'S', 'N', 'A', 0.00, 0.00, 'S', ''),
	(104, NULL, NULL, 1, 0, 0, 'RESTAURANTE BALBONA SL', NULL, NULL, '', 'B33507526', '', NULL, '', 0.00, 0.00, NULL, NULL, '2011-11-21', 'Maria', 'S', 'N', 'E', 0.00, 0.00, 'S', ''),
	(105, NULL, NULL, 1, 1, 8, 'BALNEARIO DE CALDAS DE OVIEDO SA-', NULL, NULL, 'BALNEARIO DE CALDAS DE OVIEDO SA', 'A33000225', '', NULL, '', 0.00, 0.00, NULL, NULL, '2011-11-21', 'Maria', 'S', 'N', 'E', 0.00, 0.00, 'S', ''),
	(106, NULL, NULL, 1, 0, 0, 'GARCÍA TURRION CB', NULL, NULL, '', 'E74185349', '', NULL, '', 0.00, 0.00, NULL, NULL, '2011-11-21', 'Maria', 'S', 'N', 'A', 0.00, 0.00, 'S', ''),
	(107, NULL, NULL, 1, 0, 0, 'SILVERIO-AMPARO SL', NULL, NULL, '', 'B74187048', '', NULL, '', 0.00, 0.00, NULL, NULL, '2011-11-21', 'Maria', 'S', 'N', 'A', 0.00, 0.00, 'S', ''),
	(108, NULL, NULL, 1, 1, 8, '(Restaurante Casa Antonio)-ANTONIO ', NULL, NULL, 'DEL MORAL FERNÁNDEZ', '25985342B', '', NULL, '', 0.00, 0.00, NULL, NULL, '2011-11-21', 'Maria', 'S', 'N', 'A', 0.00, 0.00, 'S', ''),
	(109, NULL, NULL, 1, 0, 0, 'CASA CONRADO SL', NULL, NULL, '', 'B74263864', '', NULL, '', 0.00, 0.00, NULL, NULL, '2011-11-21', 'Maria', 'S', 'N', 'E', 0.00, 0.00, 'S', ''),
	(110, NULL, NULL, 1, 1, 8, 'RESTAURANTE CASA FERMÍN ', NULL, NULL, '-RESTAURANTE CASA FERMÍN SA', 'A33215310', '', NULL, '', 0.00, 0.00, NULL, NULL, '2011-11-21', 'Maria', 'S', 'N', 'E', 0.00, 0.00, 'S', ''),
	(111, NULL, NULL, 1, 0, 0, 'Restaurante Casa Marcial-.OLGA ', NULL, NULL, 'SÁNCHEZ GONZÁLEZ', '10694371S', '', NULL, '', 0.00, 0.00, NULL, NULL, '2011-11-21', 'Maria', 'S', 'N', 'A', 0.00, 0.00, 'S', ''),
	(112, NULL, NULL, 1, 0, 0, 'Restaurante Casa Mons', NULL, NULL, '(COUCELIN SL)', 'B74131244', '', NULL, '', 0.00, 0.00, NULL, NULL, '2011-11-21', 'Maria', 'S', 'N', 'E', 0.00, 0.00, 'S', ''),
	(113, NULL, NULL, 2, 0, 0, 'MANUEL FEO MARTÍNEZ', NULL, NULL, '', '76547722L', '', NULL, '', 0.00, 0.00, NULL, NULL, '2011-11-21', 'Maria', 'S', 'N', 'A', 0.00, 0.00, 'S', ''),
	(114, NULL, NULL, 1, 1, 8, 'Restaurante El Corral del Indiano-', NULL, NULL, 'YOLANDA VEGA PEREZ Y OTRO CB', 'E33490855', '', NULL, '', 0.00, 0.00, NULL, NULL, '2011-11-22', 'Maria', 'S', 'N', 'E', 0.00, 0.00, 'S', ''),
	(115, NULL, NULL, 1, 0, 0, 'RESTAURANTE CAFÉ EL FONTAN SL', NULL, NULL, '', 'B33480195', '', NULL, '', 0.00, 0.00, NULL, NULL, '2011-11-22', 'Maria', 'S', 'N', 'A', 0.00, 0.00, 'S', ''),
	(116, NULL, NULL, 1, 0, 0, 'Restaurante El Llagar de Colloto', NULL, NULL, 'PROMOCIONES PARQUE SAN FRANCISCO SL', 'B33560038', '', NULL, '', 0.00, 0.00, NULL, NULL, '2011-11-22', 'Maria', 'S', 'N', 'E', 0.00, 0.00, 'S', ''),
	(117, NULL, NULL, 1, 0, 0, 'RESTAURANTE EL LLAGAR DE TITI SA', NULL, NULL, '', 'A33575861', '', NULL, '', 0.00, 0.00, NULL, NULL, '2011-11-22', 'Maria', 'S', 'N', 'A', 0.00, 0.00, 'S', ''),
	(118, NULL, NULL, 1, 0, 0, 'Restaurante El Raitán-', NULL, NULL, 'EL RAITAN ROXU SL', 'B33489063', '', NULL, '', 0.00, 0.00, NULL, NULL, '2011-11-22', 'Maria', 'S', 'N', 'E', 0.00, 0.00, 'S', ''),
	(119, NULL, NULL, 1, 0, 0, 'Restaurante Eutimio-', NULL, NULL, 'EUTIMIO BUSTA SL', 'B33561663', '', NULL, '', 0.00, 0.00, NULL, NULL, '2011-11-22', 'Maria', 'S', 'N', 'E', 0.00, 0.00, 'S', ''),
	(120, 0, NULL, 1, 0, 0, 'JAVIER ACINAS PRADA', NULL, NULL, '', '34994109T', '', NULL, '', 0.00, 0.00, NULL, NULL, '2011-11-22', 'Maria', 'S', 'N', 'A', 0.00, 0.00, 'S', ''),
	(121, NULL, NULL, 1, -1, -1, 'RESTAURANTE LA CAMPANA SA', NULL, NULL, '', 'A33051004', '', NULL, '', 0.00, 0.00, NULL, NULL, '2011-11-22', 'Maria', 'S', 'N', 'E', 0.00, 0.00, 'S', ''),
	(122, NULL, NULL, 1, 0, 0, 'Restaurante La Corte de Barbon-', NULL, NULL, 'LA CORTE DE BARBON SL', 'B33668260', '', NULL, '', 0.00, 0.00, NULL, NULL, '2011-11-22', 'Maria', 'S', 'N', 'E', 0.00, 0.00, 'S', ''),
	(123, NULL, NULL, 1, 0, 0, 'TABERNA PELAYO SL', NULL, NULL, '', 'B74054743', '', NULL, '', 0.00, 0.00, NULL, NULL, '2011-11-22', 'Maria', 'S', 'N', 'A', 0.00, 0.00, 'S', ''),
	(124, NULL, NULL, 1, 1, 8, 'RESTAURANTE-SIDRERIA LA CUEVA', NULL, NULL, 'RESTAURANTE-SIDRERIA LA CUEVA', 'E74170184', '', NULL, '', 0.00, 0.00, NULL, NULL, '2011-11-22', 'Maria', 'S', 'N', 'E', 0.00, 0.00, 'S', ''),
	(125, NULL, NULL, 1, 0, 0, 'Restaurante La Solana', NULL, NULL, '(PAÑEDA Y PEREZ SL)', 'B33867169', '', NULL, '', 0.00, 0.00, NULL, NULL, '2011-11-22', 'Maria', 'S', 'N', 'E', 0.00, 0.00, 'S', ''),
	(126, NULL, NULL, 1, 1, 8, 'Restaurante Las Delicias', NULL, NULL, '(SALIZHERO SL)', 'B33934480', '', NULL, '', 0.00, 0.00, NULL, NULL, '2011-11-22', 'Maria', 'S', 'N', 'E', 0.00, 0.00, 'S', ''),
	(127, 1, NULL, 1, 0, 0, 'RESTAURANTE-SIDRERIA LATORES', NULL, NULL, '(LATORES-AMPARO SL)', 'B33456971', '', NULL, '', 0.00, 0.00, NULL, NULL, '2011-11-29', 'Maria', 'S', 'N', 'E', 0.00, 0.00, 'S', ''),
	(128, 1, NULL, 1, 0, 0, 'Restaurante Pelayin', NULL, NULL, '(CASA ASTURIANA PELAYIN SL)', 'B76024504', '', NULL, '', 0.00, 0.00, NULL, NULL, '2011-11-29', 'Maria', 'S', 'N', 'E', 0.00, 0.00, 'S', ''),
	(129, 1, NULL, 1, 0, 0, 'RESTAURANTE TRASLABURRA', NULL, NULL, '(OVIEDO RESTAURACIÓN SL)', 'B74115791', '', NULL, '', 0.00, 0.00, NULL, NULL, '2011-11-29', 'Maria', 'S', 'N', 'E', 0.00, 0.00, 'S', ''),
	(130, 1, NULL, 1, 1, 8, 'RESTAURANTE VIAVELEZ', NULL, NULL, '(VIAVELEZ PUERTO SL)', 'B84374958', '', NULL, '', 0.00, 0.00, NULL, NULL, '2011-11-29', 'Maria', 'S', 'N', 'E', 0.00, 0.00, 'S', ''),
	(131, 1, NULL, 1, 0, 0, '', NULL, NULL, 'RESTAURANTE EL YANTAR DE CAMPOMANES SL', 'B33659517', '', NULL, '', 0.00, 0.00, NULL, NULL, '2011-11-29', 'Maria', 'S', 'N', 'E', 0.00, 0.00, 'S', ''),
	(132, 4, NULL, 1, 0, 0, 'ROMAN', NULL, NULL, 'GONZÁLEZ RUDEIROS', '45432617G', '', NULL, '', 0.00, 0.00, NULL, NULL, '2011-11-29', 'Maria', 'S', 'N', 'A', 0.00, 0.00, 'S', ''),
	(133, 4, NULL, 1, 0, 0, 'SALLAR', NULL, NULL, '(SOCIEDAD ASTURIANA DE LEGUMBRES Y ALTERNATIVAS RURALES SA)', 'A33924465', '', NULL, '', 0.00, 0.00, NULL, NULL, '2011-11-29', 'Maria', 'S', 'N', 'E', 0.00, 0.00, 'S', ''),
	(134, 3, NULL, 1, 0, 0, '', NULL, NULL, 'SUPERMERCADOS SAMPEDRO 2000 SL', 'B33589961', '', NULL, '', 0.00, 0.00, NULL, NULL, '2011-11-29', 'Maria', 'S', 'N', 'E', 0.00, 0.00, 'S', ''),
	(135, 1, NULL, 1, 1, 8, '', NULL, NULL, 'SIDRERIA MARISQUERIA ASTURIAS SA', 'A33408733', '', NULL, '', 0.00, 0.00, NULL, NULL, '2011-11-29', 'Maria', 'S', 'N', 'E', 0.00, 0.00, 'S', ''),
	(136, 1, NULL, 1, 0, 0, '', NULL, NULL, 'SIDRERÍA LA NOCEDA SL', 'B33659723', '', NULL, '', 0.00, 0.00, NULL, NULL, '2011-11-29', 'Maria', 'S', 'N', 'E', 0.00, 0.00, 'S', ''),
	(137, 2, NULL, 1, 1, 8, 'La Antigua Despensa', NULL, NULL, '(SILVIA GARCÍA REINADO)', '52298424 N', '', NULL, '', 0.00, 0.00, NULL, NULL, '2011-11-29', 'Maria', 'S', 'N', 'A', 0.00, 0.00, 'S', ''),
	(138, 1, NULL, 1, 1, 8, 'HOTEL LA RECTORAL', NULL, NULL, '(DESARROLLO INTEGRAL DE TARAMUNDI SA)', 'A 33059015', '', NULL, '', 0.00, 0.00, NULL, NULL, '2011-11-29', 'Maria', 'S', 'N', 'E', 0.00, 0.00, 'S', ''),
	(139, 4, NULL, 1, -1, -1, 'Tierrina Noble SL', NULL, NULL, '(TIERRINA NOBLE SL)', 'B54462726', '', NULL, '', 0.00, 0.00, NULL, NULL, '2011-11-29', 'Maria', 'S', 'N', 'E', 0.00, 0.00, 'S', ''),
	(140, 4, NULL, 1, 0, 0, '', NULL, NULL, 'TRABADINA SL', 'B33539081', '', NULL, '', 0.00, 0.00, NULL, NULL, '2011-11-29', 'Maria', 'S', 'N', 'E', 0.00, 0.00, 'S', ''),
	(141, 1, NULL, 1, 0, 0, 'HOTEL TRYP REY PELAYO', NULL, NULL, 'MELIA HOTEL INTERNATIONAL SA', 'A78304516', '', NULL, '', 0.00, 0.00, NULL, NULL, '2011-11-29', 'Maria', 'S', 'N', 'E', 0.00, 0.00, 'S', ''),
	(142, 2, NULL, 1, 0, 0, '', NULL, NULL, 'ULTRAMARINOS MERCE SL', 'B33968587', '', NULL, '', 0.00, 0.00, NULL, NULL, '2011-11-29', 'Maria', 'S', 'N', 'E', 0.00, 0.00, 'S', ''),
	(143, 4, NULL, 1, 0, 0, '', NULL, NULL, 'VEGAS BAÑEZANAS SL', 'B24261224', '', NULL, '', 0.00, 0.00, NULL, NULL, '2011-11-29', 'Maria', 'S', 'N', 'E', 0.00, 0.00, 'S', ''),
	(144, 1, NULL, 1, 1, 8, 'RESTAURANTE LA GALANA', NULL, NULL, '(LA ZAPATARRANCA SL)', 'B33780594', '', NULL, '', 0.00, 0.00, NULL, NULL, '2011-11-29', 'Maria', 'S', 'N', 'E', 0.00, 0.00, 'S', ''),
	(145, 2, NULL, 1, 0, 0, '', NULL, NULL, 'CARNICERÍA VICENTE CB', 'E33136789', '', NULL, '', 0.00, 0.00, NULL, NULL, '2011-11-29', 'Maria', 'S', 'N', 'E', 0.00, 0.00, 'S', ''),
	(146, NULL, 2, 2, 0, 0, 'TIPS @ (Paquetería)', NULL, NULL, '', '', '', NULL, '', 0.00, 0.00, NULL, NULL, '2011-11-29', 'Maria', 'S', 'N', 'E', 0.00, 0.00, 'S', ''),
	(147, 1, NULL, 1, 0, 0, 'HOTEL KAYPE-', NULL, NULL, 'CARRERA Y PEREZ SL', 'B33106030', '', NULL, '', 0.00, 0.00, NULL, NULL, '2011-12-01', 'Maria', 'S', 'N', 'E', 0.00, 0.00, 'S', ''),
	(148, 1, NULL, 1, 0, 0, 'HOTEL VILLA ROSARIO', NULL, NULL, 'QUICOSA SA', 'A33672270', '', NULL, '', 0.00, 0.00, NULL, NULL, '2011-12-01', 'Maria', 'S', 'N', 'E', 0.00, 0.00, 'S', ''),
	(149, 1, NULL, 1, 0, 0, 'HOTELES 2 SL', NULL, NULL, 'HOTELES DEL NORTE SA', 'A33202912', '', NULL, '', 0.00, 0.00, NULL, NULL, '2011-12-01', 'Maria', 'S', 'N', 'E', 0.00, 0.00, 'S', ''),
	(150, 4, NULL, 1, 0, 0, 'KXUACON', NULL, NULL, 'MENENDEZ Y PELAEZ SL', 'B74042110', '', NULL, '', 0.00, 0.00, NULL, NULL, '2011-12-01', 'Maria', 'S', 'N', 'E', 0.00, 0.00, 'S', ''),
	(151, 4, NULL, 1, 0, 0, 'LA BARATA-', NULL, NULL, 'ELIAS GONZÁLEZ LLERANDI', '9399952 J', '', NULL, '', 0.00, 0.00, NULL, NULL, '2011-12-01', 'Maria', 'S', 'N', 'A', 0.00, 0.00, 'S', ''),
	(152, 4, NULL, 1, 0, 0, 'LA FAVORITA-', NULL, NULL, 'MANUEL LLAVONA HEVIA CB', 'E33040700', '', NULL, '', 0.00, 0.00, NULL, NULL, '2011-12-01', 'Maria', 'S', 'N', 'E', 0.00, 0.00, 'S', ''),
	(153, 4, NULL, 1, 0, 0, 'LA GUERIA-', NULL, NULL, 'EMILIO DANIEL GARCÍA SÁNCHEZ', '11078106H', '', NULL, '', 0.00, 0.00, NULL, NULL, '2011-12-01', 'Maria', 'S', 'N', 'A', 0.00, 0.00, 'S', ''),
	(154, 1, NULL, 1, 0, 0, 'RESTAURANTE LA ROCA I', NULL, NULL, 'SANCHEZ AMIEVA SL', 'B33351040', '', NULL, '', 0.00, 0.00, NULL, NULL, '2011-12-01', 'Maria', 'S', 'N', 'E', 0.00, 0.00, 'S', ''),
	(155, 1, NULL, 1, 0, 0, 'LA ROCA II', NULL, NULL, 'SÁNCHEZ Y GONZÁLEZ CB', 'E74070582', '', NULL, '', 0.00, 0.00, NULL, NULL, '2011-12-01', 'Maria', 'S', 'N', 'E', 0.00, 0.00, 'S', ''),
	(156, 4, NULL, 1, 0, 0, '', NULL, NULL, 'LEGUMBRES LA AUTENTICA SL', 'B24569552', '', NULL, '', 0.00, 0.00, NULL, NULL, '2011-12-01', 'Maria', 'S', 'N', 'E', 0.00, 0.00, 'S', ''),
	(157, 4, NULL, 1, -1, -1, 'LOS ALCALAREÑOS 2010 S.L', NULL, NULL, 'LOS ALCALAREÑOS 2010 S.L', 'B91890012', '', NULL, '', 0.00, 0.00, NULL, NULL, '2011-12-01', 'Maria', 'S', 'N', 'E', 0.00, 0.00, 'N', ''),
	(158, 2, NULL, 1, 0, 0, 'LUMI', NULL, NULL, 'ALIMENTACIÓN MIGUEL SERVET SL', 'B33789546', '', NULL, '', 0.00, 0.00, NULL, NULL, '2011-12-01', 'Maria', 'S', 'N', 'E', 0.00, 0.00, 'S', ''),
	(159, 4, NULL, 1, 0, 0, 'LUMI', NULL, NULL, 'GRANJA LUMI SL', 'B33846114', '', NULL, '', 0.00, 0.00, NULL, NULL, '2011-12-01', 'Maria', 'S', 'N', 'E', 0.00, 0.00, 'S', ''),
	(160, 2, NULL, 1, 0, 0, 'LUMI', NULL, NULL, 'LUMI ALIMENTACIÓN SL', 'B33793266', '', NULL, '', 0.00, 0.00, NULL, NULL, '2011-12-01', 'Maria', 'S', 'N', 'E', 0.00, 0.00, 'S', ''),
	(161, 2, NULL, 1, 0, 0, 'LUMI', NULL, NULL, 'SAN BERNARDO ALIMENTACIÓN SL', 'B33891896', '', NULL, '', 0.00, 0.00, NULL, NULL, '2011-12-01', 'Maria', 'S', 'N', 'E', 0.00, 0.00, 'S', ''),
	(162, 4, NULL, 1, 0, 0, 'COASA', NULL, NULL, '(COMERCIALIZADORA ASTURIANA DE ALIMENTOS SA)', 'A33213943', '', NULL, '', 0.00, 0.00, NULL, NULL, '2011-12-01', 'Maria', 'S', 'N', 'E', 0.00, 0.00, 'S', ''),
	(163, 4, NULL, 1, -1, -1, 'FUSBA-', NULL, NULL, 'FUNDAC LABORAL DE MINUSV STA BÁRBARA', 'G33011270', '', NULL, '', 0.00, 0.00, NULL, NULL, '2011-12-01', 'Maria', 'S', 'N', 'E', 0.00, 0.00, 'S', ''),
	(164, NULL, NULL, 0, -1, -1, 'ANTONIO DE MIGUEL S.A.U', NULL, NULL, 'ANTONIO DE MIGUEL S.A.U', 'A28893287', '', NULL, '', 0.00, 0.00, NULL, NULL, '2011-12-07', 'Maria', 'S', 'N', 'E', 0.00, 0.00, 'S', ''),
	(165, NULL, NULL, 0, 0, 0, 'Tintas On Line', NULL, NULL, '(Florencio Godino Sánchez)', '40893256S', '', NULL, '', 0.00, 0.00, NULL, NULL, '2011-12-12', 'Maria', 'S', 'N', 'E', 0.00, 0.00, 'S', ''),
	(166, NULL, NULL, 0, 0, 0, 'Mercado de Lourenzá', NULL, NULL, '', '', '', NULL, '', 0.00, 0.00, NULL, NULL, '2011-12-12', 'Maria', 'S', 'N', 'E', 0.00, 0.00, 'S', ''),
	(167, NULL, NULL, 0, 0, 0, 'Ganadería Díaz Amor S.C (Marta)', NULL, NULL, '', 'J27356914', '', NULL, '', 0.00, 0.00, NULL, NULL, '2011-12-13', 'Victor', 'S', 'N', 'A', 0.00, 0.00, 'S', ''),
	(170, NULL, 2, 2, 0, 0, 'LEGUMBRES SELECTAS LA POSADA S.L.', NULL, NULL, '', 'B45428596', '', NULL, '', 0.00, 0.00, NULL, NULL, '2011-09-13', 'prueba', 'S', 'N', 'A', 0.00, 0.00, 'S', ''),
	(171, NULL, NULL, 0, 0, 0, 'Asturcoop', NULL, NULL, '', '', '', NULL, '', 0.00, 0.00, NULL, NULL, '2012-01-05', 'Maria', 'S', 'N', 'E', 0.00, 0.00, 'S', ''),
	(172, NULL, NULL, 0, 0, 0, 'RESTAURANTE LA CASONA DEL VALLE', NULL, NULL, 'FERNANDO LLAMOSAS COCINERO SLU', 'B39604236', '', NULL, '', 0.00, 0.00, NULL, NULL, '2012-01-11', 'Maria', 'S', 'N', 'E', 0.00, 0.00, 'S', ''),
	(173, NULL, NULL, 0, 0, 0, 'María Elba', NULL, NULL, 'Fernández Fernández', '', '', NULL, '', 0.00, 0.00, NULL, NULL, '2012-01-17', 'Maria', 'S', 'N', 'A', 0.00, 0.00, 'S', ''),
	(174, NULL, NULL, 0, 0, 0, 'María Jesús ', NULL, NULL, 'Suárez Alvarez', '', '', NULL, '', 0.00, 0.00, NULL, NULL, '2012-01-17', 'Maria', 'S', 'N', 'A', 0.00, 0.00, 'S', ''),
	(175, NULL, NULL, 0, 0, 0, 'Restaurante As Garzas', NULL, NULL, 'Garfio de Barizo SL', 'B15681943', '', NULL, '', 0.00, 0.00, NULL, NULL, '2012-01-27', 'Maria', 'S', 'N', 'E', 0.00, 0.00, 'S', ''),
	(176, NULL, NULL, 0, 0, 0, 'Sergio', NULL, NULL, 'Suárez López', '', '', NULL, '', 0.00, 0.00, NULL, NULL, '2012-01-30', 'Maria', 'S', 'N', 'A', 0.00, 0.00, 'S', ''),
	(177, NULL, NULL, 0, -1, -1, 'Eugenio', NULL, NULL, 'García Suárez', '', '', NULL, '', 0.00, 0.00, NULL, NULL, '2012-01-30', 'Maria', 'S', 'N', 'A', 0.00, 0.00, 'S', ''),
	(178, NULL, NULL, 0, 0, 0, 'Concepción Camposorio', NULL, NULL, '', '', '', NULL, '', 0.00, 0.00, NULL, NULL, '2012-02-09', 'Maria', 'S', 'N', 'A', 0.00, 0.00, 'S', ''),
	(179, NULL, NULL, 0, 0, 0, 'cartonajes VIR S.A', NULL, NULL, '', '', '', NULL, '', 0.00, 0.00, NULL, NULL, '2012-02-29', 'Maria', 'S', 'N', 'E', 0.00, 0.00, 'S', ''),
	(180, 3, NULL, 1, 0, 0, 'CARREFOUR', NULL, NULL, '', '', '', NULL, '', 0.00, 0.00, NULL, NULL, '2011-09-12', 'prueba', 'S', 'N', 'A', 0.00, 0.00, 'S', ''),
	(181, NULL, NULL, 0, 0, 0, 'Ganadería Moneda S.C', NULL, NULL, 'Juan José Menéndez García', 'G33583808', '', NULL, '', 0.00, 0.00, NULL, NULL, '2012-03-23', 'Maria', 'S', 'N', 'E', 0.00, 0.00, 'S', ''),
	(182, NULL, NULL, 0, 0, 0, 'Francisco (Carballo)', NULL, NULL, '', '', '', NULL, '', 0.00, 0.00, NULL, NULL, '2012-03-26', 'Maria', 'S', 'N', 'A', 0.00, 0.00, 'S', ''),
	(183, NULL, NULL, 0, 0, 0, 'Legumbres Arconada S.L', NULL, NULL, '', '', '', NULL, '', 0.00, 0.00, NULL, NULL, '2012-03-29', 'Maria', 'S', 'N', 'E', 0.00, 0.00, 'S', ''),
	(184, NULL, NULL, 0, 0, 0, 'Embutidos Villaverde S.L.', NULL, NULL, 'Embutidos Villaverde S.L', '', '', NULL, '', 0.00, 0.00, NULL, NULL, '2012-04-02', 'Maria', 'S', 'N', 'E', 600.00, 0.00, 'S', ''),
	(185, NULL, NULL, 0, 0, 0, 'Agronec 89 S.L', NULL, NULL, '(Domenec Ventura)', 'B62430996', '', NULL, '', 0.00, 0.00, NULL, NULL, '2012-04-09', 'Maria', 'S', 'N', 'E', 0.00, 0.00, 'S', ''),
	(186, NULL, NULL, 0, 0, 0, 'Carnicas Luisma S.C', NULL, NULL, '', 'E-33557505', '', NULL, '', 0.00, 0.00, NULL, NULL, '2012-04-09', 'Maria', 'S', 'N', 'E', 0.00, 0.00, 'S', ''),
	(187, NULL, NULL, 0, -1, -1, 'C.C Carrefour Azabache', NULL, NULL, '', 'A-28425270', '', NULL, '', 0.00, 0.00, NULL, NULL, '2012-04-09', 'Maria', 'S', 'N', 'E', 0.00, 0.00, 'S', ''),
	(188, NULL, NULL, 0, -1, -1, 'C.C Carrefour Los Fresnos', NULL, NULL, '', 'A-28425270', '', NULL, '', 0.00, 0.00, NULL, NULL, '2012-04-09', 'Maria', 'S', 'N', 'E', 0.00, 0.00, 'S', ''),
	(189, NULL, NULL, 0, 0, 0, 'C.C. Carrefour Gijón', NULL, NULL, '', 'A-28425270', '', NULL, '', 0.00, 0.00, NULL, NULL, '2012-04-09', 'Maria', 'S', 'N', 'E', 0.00, 0.00, 'S', ''),
	(190, NULL, NULL, 0, -1, -1, 'C.C Carreforu Oviedo-Los Prados', NULL, NULL, '', 'A28425270', '', NULL, '', 0.00, 0.00, NULL, NULL, '2012-04-09', 'Maria', 'S', 'N', 'E', 0.00, 0.00, 'S', ''),
	(191, NULL, NULL, 0, 0, 0, 'C.C Carrefour-Parque Astur', NULL, NULL, '', 'A-28425270', '', NULL, '', 0.00, 0.00, NULL, NULL, '2012-04-09', 'Maria', 'S', 'N', 'E', 0.00, 0.00, 'S', ''),
	(192, NULL, NULL, 0, 0, 0, 'Eroski', NULL, NULL, '(Cecosa Hipermercados S.L)', 'B-48231351', '', NULL, '', 0.00, 0.00, NULL, NULL, '2012-04-09', 'Maria', 'S', 'N', 'E', 0.00, 0.00, 'S', ''),
	(193, NULL, NULL, 0, 0, 0, 'Frutes Lugones S.L', NULL, NULL, '', 'B74088154', '', NULL, '', 0.00, 0.00, NULL, NULL, '2012-04-10', 'Maria', 'S', 'N', 'E', 0.00, 0.00, 'S', ''),
	(194, NULL, NULL, 0, 0, 0, 'De la Tierra del Caudal S.L', NULL, NULL, '', 'B74075201', '', NULL, '', 0.00, 0.00, NULL, NULL, '2012-04-10', 'Maria', 'S', 'N', 'E', 0.00, 0.00, 'S', ''),
	(195, NULL, NULL, 0, 0, 0, 'Feito y Toyosa S.A', NULL, NULL, '', 'A33115007', '', NULL, '', 0.00, 0.00, NULL, NULL, '2012-04-11', 'Maria', 'S', 'N', 'E', 0.00, 0.00, 'S', ''),
	(196, NULL, NULL, 0, -1, -1, 'Frutas Jovad S.L.L', NULL, NULL, 'Frutas Jovad S.L.L', 'B74309642', '', NULL, '', 0.00, 0.00, NULL, NULL, '2012-04-11', 'Maria', 'S', 'N', 'E', 0.00, 0.00, 'S', ''),
	(197, NULL, NULL, 0, 1, 8, 'Frutas Sanles', NULL, NULL, '(María Liliana Sanles Alonso)', '09394734Q', '', NULL, '', 0.00, 0.00, NULL, NULL, '2012-04-11', 'Maria', 'S', 'N', 'A', 0.00, 0.50, 'S', ''),
	(198, NULL, NULL, 0, 0, 0, 'Guzmán Sánchez Romero-', NULL, NULL, 'Guzmán Gastronomía Madrid S.L', 'B82366022', '', NULL, '', 0.00, 0.00, NULL, NULL, '2012-04-11', 'Maria', 'S', 'N', 'E', 0.00, 0.00, 'S', ''),
	(199, NULL, NULL, 0, -1, -1, 'José Paulino Prieto Rabadan', NULL, NULL, '-José Paulino Prieto Rabadan', '3850669D', '', NULL, '', 0.00, 0.00, NULL, NULL, '2012-04-11', 'Maria', 'S', 'N', 'A', 0.00, 0.00, 'S', ''),
	(200, NULL, NULL, 0, 1, 8, 'Restaurante Aguila Real-', NULL, NULL, 'Promociones Turísticas Cardes S.L', 'B33535477', '', NULL, '', 0.00, 0.00, NULL, NULL, '2012-04-11', 'Maria', 'S', 'N', 'E', 0.00, 0.00, 'S', ''),
	(201, NULL, NULL, 0, 0, 0, 'Casa Consuelo S.L', NULL, NULL, '', 'B74194960', '', NULL, '', 0.00, 0.00, NULL, NULL, '2012-04-11', 'Maria', 'S', 'N', 'E', 0.00, 0.00, 'S', ''),
	(202, NULL, NULL, 0, -1, -1, 'Legumbres Morgade Negreira Angel y Asunción CB', NULL, NULL, '', 'E-15304587', '', NULL, '', 0.00, 0.00, NULL, NULL, '2012-04-12', 'Maria', 'S', 'N', 'E', 0.00, 0.00, 'S', ''),
	(203, NULL, NULL, 0, 0, 0, 'Restaurante A Taberna-', NULL, NULL, 'Ana Isabel Ledo García', '34978594X', '', NULL, '', 0.00, 0.00, NULL, NULL, '2012-04-13', 'Maria', 'S', 'N', 'A', 0.00, 0.00, 'S', ''),
	(204, NULL, NULL, 0, 0, 0, 'Bar Tienda El Rubio-', NULL, NULL, 'Almudena Campo Fernández', '10880474W', '', NULL, '', 0.00, 0.00, NULL, NULL, '2012-04-13', 'Maria', 'S', 'N', 'A', 0.00, 0.00, 'S', ''),
	(205, NULL, NULL, 0, 0, 0, 'Restaurante Blanco-', NULL, NULL, 'Engracia Linde González', '71588791A', '', NULL, '', 0.00, 0.00, NULL, NULL, '2012-04-13', 'Maria', 'S', 'N', 'A', 0.00, 0.00, 'S', ''),
	(206, NULL, NULL, 0, 0, 0, 'Campo de Golf Villaviciosa-', NULL, NULL, 'Pablo de Antonio Manjarres', '12408204A', '', NULL, '', 0.00, 0.00, NULL, NULL, '2012-04-13', 'Maria', 'S', 'N', 'A', 0.00, 0.00, 'S', ''),
	(207, NULL, NULL, 0, 0, 0, 'Restaurante Casa Abelardo-', NULL, NULL, 'García Turrión CB', 'E74185349', '', NULL, '', 0.00, 0.00, NULL, NULL, '2012-04-13', 'Maria', 'S', 'N', 'E', 0.00, 0.00, 'S', ''),
	(208, NULL, NULL, 0, 1, 8, 'Restaurante Casa Amparo-', NULL, NULL, 'Lattus restauración SL', 'B74292392', '', NULL, '', 0.00, 0.00, NULL, NULL, '2012-04-13', 'Maria', 'S', 'N', 'E', 0.00, 0.00, 'S', ''),
	(209, NULL, NULL, 0, 0, 0, 'Restaurante Luis- ', NULL, NULL, 'Luis Ramos Martínez', '38055433R', '', NULL, '', 0.00, 0.00, NULL, NULL, '2012-04-13', 'Maria', 'S', 'N', 'A', 0.00, 0.00, 'S', ''),
	(210, NULL, NULL, 0, 0, 0, 'Carnicería Suárez', NULL, NULL, '(Margarita Suárez Arguelles)', '71627799A', '', NULL, '', 0.00, 0.00, NULL, NULL, '2012-04-16', 'prueba', 'S', 'N', 'A', 0.00, 0.00, 'S', ''),
	(211, NULL, NULL, 0, -1, -1, 'La Cosmopolita Malageña SL', NULL, NULL, 'La Cosmopolita malageña S.L', 'B93062693', '', NULL, '', 0.00, 0.00, NULL, NULL, '2012-04-16', 'Maria', 'S', 'N', 'E', 0.00, 0.00, 'N', ''),
	(212, NULL, NULL, 0, 0, 0, 'Restaurante La Francachela', NULL, NULL, '(Cañas y Sinovas S.L)', 'B47551270', '', NULL, '', 0.00, 0.00, NULL, NULL, '2012-04-16', 'Maria', 'S', 'N', 'E', 0.00, 0.00, 'S', ''),
	(213, NULL, NULL, 0, 1, 8, 'Restaurante La Pergola', NULL, NULL, '(Gloria Sierra Menéndez)', '9419248N', '', NULL, '', 0.00, 0.00, NULL, NULL, '2012-04-16', 'Maria', 'S', 'N', 'A', 0.00, 0.00, 'S', ''),
	(214, NULL, NULL, 0, -1, -1, 'Sabores del Norte', NULL, NULL, '(Francisco Javier Barrera Alvarez)', '09794539N', '', NULL, '', 0.00, 0.00, NULL, NULL, '2012-04-16', 'Maria', 'S', 'N', 'E', 0.00, 0.00, 'S', ''),
	(215, NULL, NULL, 0, 0, 0, 'Taberna el Lío', NULL, NULL, '(Gato Ensabanao S.L)', 'B86262102', '', NULL, '', 0.00, 0.00, NULL, NULL, '2012-04-16', 'Maria', 'S', 'N', 'E', 0.00, 0.00, 'S', ''),
	(216, NULL, NULL, 0, 0, 0, 'La Trastienda de Juan', NULL, NULL, '(Mª Teresa Sánchez Fernández)', '247285583H', '', NULL, '', 0.00, 0.00, NULL, NULL, '2012-04-16', 'Maria', 'S', 'N', 'A', 0.00, 0.00, 'S', ''),
	(217, NULL, NULL, 0, 0, 0, 'Miranda Delicatessen S.L', NULL, NULL, '', 'B27378850', '', NULL, '', 0.00, 0.00, NULL, NULL, '2012-04-16', 'Maria', 'S', 'N', 'E', 0.00, 0.00, 'S', ''),
	(218, NULL, NULL, 0, 0, 0, 'El bodegón de Teatinos S.L', NULL, NULL, '', 'B74054297', '', NULL, '', 0.00, 0.00, NULL, NULL, '2012-04-16', 'Maria', 'S', 'N', 'E', 0.00, 0.00, 'S', ''),
	(219, NULL, NULL, 0, 0, 0, 'Restaurante La Cabaña ', NULL, NULL, '(Celeventos S.L)', 'B-73252769', '', NULL, '', 0.00, 0.00, NULL, NULL, '2012-04-16', 'Maria', 'S', 'N', 'E', 0.00, 0.00, 'S', ''),
	(220, NULL, NULL, 0, 0, 0, 'Escuela de Hostelería de Avilés S.L', NULL, NULL, '', 'B33437054', '', NULL, '', 0.00, 0.00, NULL, NULL, '2012-04-16', 'Maria', 'S', 'N', 'E', 0.00, 0.00, 'S', ''),
	(221, NULL, NULL, 0, 0, 0, 'Escuela de cocina Luis Irizar S.L', NULL, NULL, '', 'B75052332', '', NULL, '', 0.00, 0.00, NULL, NULL, '2012-04-16', 'Maria', 'S', 'N', 'E', 0.00, 0.00, 'S', ''),
	(222, NULL, NULL, 0, 0, 0, 'Restaurante Carulo', NULL, NULL, '(Angel Martínez de Marigorta Menendez)', '71638376T', '', NULL, '', 0.00, 0.00, NULL, NULL, '2012-04-16', 'Maria', 'S', 'N', 'A', 0.00, 0.00, 'S', ''),
	(223, NULL, NULL, 0, 0, 0, 'Restaurante La Barca', NULL, NULL, '(Rivero Lago CB)', 'E74311762', '', NULL, '', 0.00, 0.00, NULL, NULL, '2012-04-16', 'Maria', 'S', 'N', 'E', 0.00, 0.00, 'S', ''),
	(224, NULL, NULL, 0, 0, 0, 'Restaurante Allo e aceite S.L', NULL, NULL, '', 'B36498186', '', NULL, '', 0.00, 0.00, NULL, NULL, '2012-04-16', 'Maria', 'S', 'N', 'E', 0.00, 0.00, 'S', ''),
	(225, NULL, NULL, 0, 0, 0, 'Restaurante As Garzas', NULL, NULL, '( Garfio de Barizo S.L)', 'B15681943', '', NULL, '', 0.00, 0.00, NULL, NULL, '2012-04-16', 'Maria', 'S', 'N', 'E', 0.00, 0.00, 'S', ''),
	(226, NULL, NULL, 0, 0, 0, 'Restaurante Cabanas', NULL, NULL, '(Hermanos Cabanas Lalín S.L)', 'B36269512', '', NULL, '', 0.00, 0.00, NULL, NULL, '2012-04-16', 'Maria', 'S', 'N', 'E', 0.00, 0.00, 'S', ''),
	(227, NULL, NULL, 0, 0, 0, 'Restaurante Casa Solla', NULL, NULL, '(José González Solla y González)', '35306241E', '', NULL, '', 0.00, 0.00, NULL, NULL, '2012-04-16', 'Maria', 'S', 'N', 'A', 0.00, 0.00, 'S', ''),
	(228, NULL, NULL, 0, 0, 0, 'Restaurante La Casona del Valle', NULL, NULL, '(Fernándo Llamosas Cocinero SLU)', 'B39604236', '', NULL, '', 0.00, 0.00, NULL, NULL, '2012-04-16', 'Maria', 'S', 'N', 'E', 0.00, 0.00, 'S', ''),
	(229, NULL, NULL, 0, 0, 0, 'Restaurante Los Sentidos', NULL, NULL, '(Juan Pablo Gamez Fernández)', '26221976K', '', NULL, '', 0.00, 0.00, NULL, NULL, '2012-04-16', 'Maria', 'S', 'N', 'A', 0.00, 0.00, 'S', ''),
	(230, NULL, NULL, 0, 0, 0, 'Restaurante Maruja Limón S.L', NULL, NULL, '', 'B36921021', '', NULL, '', 0.00, 0.00, NULL, NULL, '2012-04-16', 'Maria', 'S', 'N', 'E', 0.00, 0.00, 'S', ''),
	(231, NULL, NULL, 0, 0, 0, 'Restaurante Martín Berasategui', NULL, NULL, '(Berasategui restaurador SLU)', 'B20970778', '', NULL, '', 0.00, 0.00, NULL, NULL, '2012-04-16', 'Maria', 'S', 'N', 'E', 0.00, 0.00, 'S', ''),
	(232, NULL, NULL, 0, 0, 0, 'Restaurante Yayo Daporta', NULL, NULL, '(Daporta Castro S.L)', 'B36483139', '', NULL, '', 0.00, 0.00, NULL, NULL, '2012-04-16', 'Maria', 'S', 'N', 'E', 0.00, 0.00, 'S', ''),
	(233, NULL, NULL, 0, 0, 0, 'Restaurante El Mercadito', NULL, NULL, '(Compostela Gourmett SLL)', 'B70283445', '', NULL, '', 0.00, 0.00, NULL, NULL, '2012-04-16', 'Maria', 'S', 'N', 'E', 0.00, 0.00, 'S', ''),
	(234, NULL, NULL, 0, 0, 0, 'Restaurante A Estación', NULL, NULL, '(Cociñamos S.L)', 'B15787203', '', NULL, '', 0.00, 0.00, NULL, NULL, '2012-04-16', 'Maria', 'S', 'N', 'E', 0.00, 0.00, 'S', ''),
	(235, NULL, NULL, 0, 0, 0, 'Casa de comidas La Bodega', NULL, NULL, 'Milagros Azcarate Fraile', '11376978M', '', NULL, '', 0.00, 0.00, NULL, NULL, '2012-04-16', 'Maria', 'S', 'N', 'A', 0.00, 0.00, 'S', ''),
	(236, NULL, NULL, 0, 0, 0, 'Restaurante El Buey', NULL, NULL, '(La Reina 96 SL)', 'B54027297', '', NULL, '', 0.00, 0.00, NULL, NULL, '2012-04-16', 'Maria', 'S', 'N', 'E', 0.00, 0.00, 'S', ''),
	(237, NULL, NULL, 0, 0, 0, 'Talvasa (transpuentenora)', NULL, NULL, '', '', '', NULL, '', 0.00, 0.00, NULL, NULL, '2012-04-17', 'Maria', 'S', 'N', 'E', 0.00, 0.00, 'S', ''),
	(238, NULL, NULL, 0, 0, 0, 'José García Pérez ( DO-368)', NULL, NULL, '', '', '', NULL, '', 0.00, 0.00, NULL, NULL, '2012-04-19', 'Maria', 'S', 'N', 'A', 0.00, 0.00, 'S', ''),
	(239, NULL, NULL, 0, 1, 8, 'Quesos Aquilino CB', NULL, NULL, 'Quesos Aquilino CB', 'E74029398', '', NULL, '', 0.00, 0.00, NULL, NULL, '2012-04-30', 'Maria', 'S', 'N', 'E', 0.00, 0.00, 'S', ''),
	(240, NULL, NULL, 0, 0, 0, 'Legumbres Luengo SA', NULL, NULL, '', 'A24010993', '', NULL, '', 0.00, 0.00, NULL, NULL, '2012-05-09', 'Maria', 'S', 'N', 'E', 0.00, 0.00, 'N', ''),
	(241, NULL, NULL, 0, 0, 0, 'Paco (Carballo)', NULL, NULL, '', '', '', NULL, '', 0.00, 0.00, NULL, NULL, '2012-05-23', 'Maria', 'S', 'N', 'A', 0.00, 0.00, 'N', ''),
	(242, NULL, NULL, 0, 0, 0, 'Norbert Dentressangle Gerposa SA', NULL, NULL, '', 'A78503406', '', NULL, '', 0.00, 0.00, NULL, NULL, '2012-05-24', 'Maria', 'S', 'N', 'E', 0.00, 0.00, 'N', ''),
	(243, NULL, NULL, 0, 0, 0, 'María del Mar', NULL, NULL, 'García Alvarez', '45425816-B', '', NULL, '', 0.00, 0.00, NULL, NULL, '2012-05-24', 'Maria', 'S', 'N', 'A', 0.00, 0.00, 'N', ''),
	(244, NULL, NULL, 0, 0, 0, 'Josefa', NULL, NULL, 'Torrente Fanego', '33309291-R', '', NULL, '', 0.00, 0.00, NULL, NULL, '2012-05-24', 'Maria', 'S', 'N', 'A', 0.00, 0.00, 'N', ''),
	(245, NULL, NULL, 0, 0, 0, 'Manuel Benedicto ', NULL, NULL, 'Bermúdez Dasilva', '77592706K', '', NULL, '', 0.00, 0.00, NULL, NULL, '2012-05-24', 'Maria', 'S', 'N', 'A', 0.00, 0.00, 'N', ''),
	(246, NULL, NULL, 0, 0, 0, 'María Natividad', NULL, NULL, 'Alonso García (DO-548)', '', '', NULL, '', 0.00, 0.00, NULL, NULL, '2012-05-24', 'Maria', 'S', 'N', 'A', 0.00, 0.00, 'N', ''),
	(247, NULL, NULL, 0, 0, 0, 'María del Mar ', NULL, NULL, 'García Suarez (DO-488)', '', '', NULL, '', 0.00, 0.00, NULL, NULL, '2012-05-24', 'Maria', 'S', 'N', 'A', 0.00, 0.00, 'N', ''),
	(248, NULL, NULL, 0, 0, 0, 'Lucía', NULL, NULL, 'Gayoso Moirón', '33325898W', '', NULL, '', 0.00, 0.00, NULL, NULL, '2012-05-25', 'Maria', 'S', 'N', 'A', 0.00, 0.00, 'N', ''),
	(249, NULL, NULL, 0, 0, 0, 'María Dolores', NULL, NULL, 'Coto López', '', '', NULL, '', 0.00, 0.00, NULL, NULL, '2012-05-25', 'Maria', 'S', 'N', 'A', 0.00, 0.00, 'N', ''),
	(250, NULL, NULL, 0, 0, 0, 'Francisca', NULL, NULL, 'Exposito Seivane', '76547771E', '', NULL, '', 0.00, 0.00, NULL, NULL, '2012-05-25', 'Maria', 'S', 'N', 'A', 0.00, 0.00, 'N', ''),
	(251, NULL, NULL, 0, 0, 0, 'José', NULL, NULL, 'Ventoso Iglesias', '33845572Z', '', NULL, '', 0.00, 0.00, NULL, NULL, '2012-05-25', 'Maria', 'S', 'N', 'A', 0.00, 0.00, 'N', ''),
	(252, NULL, NULL, 0, 0, 0, 'A Cabaneira SC', NULL, NULL, '', 'J27323260', '', NULL, '', 0.00, 0.00, NULL, NULL, '2012-05-25', 'Maria', 'S', 'N', 'A', 0.00, 0.00, 'N', ''),
	(253, NULL, NULL, 0, -1, -1, 'Merita', NULL, NULL, 'Loureiro López', '76547762J', '', NULL, '', 0.00, 0.00, NULL, NULL, '2012-05-25', 'Maria', 'S', 'N', 'A', 0.00, 0.00, 'N', ''),
	(254, NULL, NULL, 0, 0, 0, 'José Manuel ', NULL, NULL, 'Gayol Fernández (DO-551)', '', '', NULL, '', 0.00, 0.00, NULL, NULL, '2012-05-25', 'Maria', 'S', 'N', 'A', 0.00, 0.00, 'N', ''),
	(255, NULL, NULL, 0, 0, 0, 'Nieves', NULL, NULL, 'López Santamarina (DO-412)', '', '', NULL, '', 0.00, 0.00, NULL, NULL, '2012-05-25', 'Maria', 'S', 'N', 'A', 0.00, 0.00, 'N', ''),
	(256, NULL, NULL, 0, 0, 0, 'Beatriz', NULL, NULL, 'Geada González', '76547769C', '', NULL, '', 0.00, 0.00, NULL, NULL, '2012-05-25', 'Maria', 'S', 'N', 'A', 0.00, 0.00, 'N', ''),
	(257, NULL, NULL, 0, 0, 0, 'Paulino', NULL, NULL, 'Pérez Piecho', '', '', NULL, '', 0.00, 0.00, NULL, NULL, '2012-05-25', 'Maria', 'S', 'N', 'A', 0.00, 0.00, 'N', ''),
	(258, NULL, NULL, 0, 0, 0, 'Envases del Cantabrico S.L', NULL, NULL, '', '', '', NULL, '', 0.00, 0.00, NULL, NULL, '2012-05-28', 'Maria', 'S', 'N', 'E', 0.00, 0.00, 'N', ''),
	(259, NULL, NULL, 0, 0, 0, 'José Luis', NULL, NULL, 'Varela Acebo', '77592703H', '', NULL, '', 0.00, 0.00, NULL, NULL, '2012-05-29', 'Maria', 'S', 'N', 'A', 0.00, 0.00, 'N', ''),
	(260, NULL, NULL, 0, 0, 0, 'Alfredo', NULL, NULL, 'Fernández Pelaez', '71854957J', '', NULL, '', 0.00, 0.00, NULL, NULL, '2012-05-29', 'Maria', 'S', 'N', 'A', 0.00, 0.00, 'N', ''),
	(261, NULL, NULL, 0, -1, -1, 'Molinos de la Veiga', NULL, NULL, '(Segundo Álvarez Fernández', '', '', NULL, '', 0.00, 0.00, NULL, NULL, '2012-05-29', 'Maria', 'S', 'N', 'A', 0.00, 0.00, 'N', ''),
	(262, NULL, NULL, 0, 0, 0, 'Roberto (Villapedre)', NULL, NULL, '', '', '', NULL, '', 0.00, 0.00, NULL, NULL, '2012-05-30', 'Maria', 'S', 'N', 'A', 0.00, 0.00, 'N', ''),
	(263, NULL, NULL, 0, 0, 0, 'Milagros ', NULL, NULL, 'Gomez Comendeiro', '', '', NULL, '', 0.00, 0.00, NULL, NULL, '2012-05-30', 'Maria', 'S', 'N', 'A', 0.00, 0.00, 'N', ''),
	(264, NULL, NULL, 0, 0, 0, 'Tucabi Transport S.L', NULL, NULL, '', 'B-95372512', '', NULL, '', 0.00, 0.00, NULL, NULL, '2012-05-30', 'Maria', 'S', 'N', 'E', 0.00, 0.00, 'N', ''),
	(265, NULL, NULL, 0, 0, 0, 'Julio José', NULL, NULL, 'Estua Díaz', '', '', NULL, '', 0.00, 0.00, NULL, NULL, '2012-06-01', 'Maria', 'S', 'N', 'A', 0.00, 0.00, 'N', ''),
	(266, NULL, NULL, 0, 0, 0, 'Milagros', NULL, NULL, 'Gomez Comendeiro', '', '', NULL, '', 0.00, 0.00, NULL, NULL, '2012-06-01', 'Maria', 'S', 'N', 'A', 0.00, 0.00, 'N', ''),
	(267, NULL, NULL, 0, 0, 0, 'Horacio', NULL, NULL, '', '', '', NULL, '', 0.00, 0.00, NULL, NULL, '2012-06-04', 'Maria', 'S', 'N', 'A', 0.00, 0.00, 'S', ''),
	(268, NULL, NULL, 0, -1, -1, 'Surastur SL', NULL, NULL, '(Surastur S.L)', 'B 92955202', '', NULL, '', 0.00, 0.00, NULL, NULL, '2012-06-13', 'Maria', 'S', 'N', 'E', 0.00, 0.00, 'N', ''),
	(269, NULL, NULL, 0, 0, 0, 'Taberna el asturiano', NULL, NULL, '', '1-30-58950-1', '', NULL, '', 0.00, 0.00, NULL, NULL, '2012-06-14', 'Maria', 'S', 'N', 'E', 0.00, 0.00, 'N', ''),
	(270, NULL, NULL, 0, 0, 0, 'Restaurante Hotel Emporda', NULL, NULL, 'Motel Ampurdan', 'A17006198', '', NULL, '', 0.00, 0.00, NULL, NULL, '2012-06-15', 'Maria', 'S', 'N', 'E', 0.00, 0.00, 'N', ''),
	(271, NULL, NULL, 0, 0, 0, 'Avelino Rico', NULL, NULL, '', '', '', NULL, '', 0.00, 0.00, NULL, NULL, '2012-06-21', 'Maria', 'S', 'N', 'A', 0.00, 0.00, 'N', ''),
	(272, NULL, NULL, 0, -1, -1, 'Zeleris', NULL, NULL, '', 'A82261280', '', NULL, '', 0.00, 0.00, NULL, NULL, '2012-06-26', 'Maria', 'S', 'N', 'E', 0.00, 0.00, 'N', ''),
	(273, NULL, NULL, 0, -1, -1, 'Joaquín Fernández González', NULL, NULL, 'Joaquín Fernández González', '45430033L', '', NULL, '', 0.00, 0.00, NULL, NULL, '2012-06-27', 'Maria', 'S', 'N', 'A', 0.00, 0.00, 'N', ''),
	(274, NULL, NULL, 0, 0, 0, 'Transportes Hispania-Astur S.A', NULL, NULL, '', '', '', NULL, '', 0.00, 0.00, NULL, NULL, '2012-07-02', 'Maria', 'S', 'N', 'E', 0.00, 0.00, 'N', ''),
	(275, NULL, NULL, 0, 0, 0, 'Carnicería Antonio', NULL, NULL, '', '', '', NULL, '', 0.00, 0.00, NULL, NULL, '2012-07-03', 'Maria', 'S', 'N', 'E', 0.00, 0.00, 'N', ''),
	(276, NULL, NULL, 0, 0, 0, 'Miguel', NULL, NULL, 'Carbajales Bouza', '76580121B', '', NULL, '', 0.00, 0.00, NULL, NULL, '2012-07-09', 'Maria', 'S', 'N', 'A', 0.00, 0.00, 'N', ''),
	(277, NULL, NULL, 0, 0, 0, 'Asturasfer SL', NULL, NULL, '', '', '', NULL, '', 0.00, 0.00, NULL, NULL, '2012-07-12', 'Maria', 'S', 'N', 'E', 0.00, 0.00, 'N', ''),
	(278, NULL, NULL, 0, 0, 0, 'Centro Sociocultural Asturiano.Tenerife Sur', NULL, NULL, '', 'V38759031', '', NULL, '', 0.00, 0.00, NULL, NULL, '2012-07-19', 'Maria', 'S', 'N', 'E', 0.00, 0.00, 'N', ''),
	(279, NULL, NULL, 0, 0, 0, 'JUAN RAMÓN ', NULL, NULL, 'FERNÁNDEZ GONZALEZ', '71874233S', '', NULL, '', 0.00, 0.00, NULL, NULL, '2012-08-08', 'Maria', 'S', 'N', 'A', 0.00, 0.00, 'N', ''),
	(280, NULL, NULL, 0, 0, 0, 'Restaurante Casa Enrique', NULL, NULL, '', '', '', NULL, '', 0.00, 0.00, NULL, NULL, '2012-08-21', 'Maria', 'S', 'N', 'E', 0.00, 0.00, 'N', ''),
	(281, NULL, NULL, 0, 0, 0, 'Hostal Canero', NULL, NULL, '', '', '', NULL, '', 0.00, 0.00, NULL, NULL, '2012-08-21', 'Maria', 'S', 'N', 'E', 0.00, 0.00, 'N', ''),
	(282, NULL, NULL, 0, 0, 0, 'Eugenio Gines', NULL, NULL, 'Rodriguez Rico', '71867334 Q', '', NULL, '', 0.00, 0.00, NULL, NULL, '2012-09-03', 'Maria', 'S', 'N', 'A', 0.00, 0.00, 'N', ''),
	(283, NULL, NULL, 0, 0, 0, 'José Antonio', NULL, NULL, 'López Alvarez', '09770780 N', '', NULL, '', 0.00, 0.00, NULL, NULL, '2012-09-03', 'Maria', 'S', 'N', 'A', 0.00, 0.00, 'N', ''),
	(284, NULL, NULL, 0, 1, 8, 'Restaurante La Braña (Fernando Cordero Trapiello)', NULL, NULL, '', '71769022-Y', '', NULL, '', 0.00, 0.00, NULL, NULL, '2012-09-10', 'Maria', 'S', 'N', 'A', 0.00, 0.00, 'S', ''),
	(285, NULL, NULL, 0, 0, 0, 'Macario', NULL, NULL, 'García García', '', '', NULL, '', 0.00, 0.00, NULL, NULL, '2012-09-11', 'Maria', 'S', 'N', 'A', 0.00, 0.00, 'N', ''),
	(286, NULL, NULL, 0, 0, 0, 'Galastur transportes', NULL, NULL, '', 'B33006917', '', NULL, '', 0.00, 0.00, NULL, NULL, '2012-09-28', 'Maria', 'S', 'N', 'E', 0.00, 0.00, 'N', ''),
	(287, NULL, NULL, 0, 0, 0, 'Juan Carlos González Alvarez', NULL, NULL, '', '45425899 W', '', NULL, '', 0.00, 0.00, NULL, NULL, '2012-09-28', 'Maria', 'S', 'N', 'A', 0.00, 0.00, 'N', ''),
	(288, NULL, NULL, 0, 0, 0, 'Juan Menéndez Moreno', NULL, NULL, '', '45431854 T', '', NULL, '', 0.00, 0.00, NULL, NULL, '2012-09-28', 'Maria', 'S', 'N', 'A', 0.00, 0.00, 'N', ''),
	(289, NULL, NULL, 0, 0, 0, 'Francisco Javier ', NULL, NULL, 'Rodríguez Fernández', '9372168 J', '', NULL, '', 0.00, 0.00, NULL, NULL, '2012-10-17', 'Maria', 'S', 'N', 'A', 0.00, 0.00, 'N', ''),
	(290, NULL, NULL, 0, 0, 0, 'Restaurante Asador Paco', NULL, NULL, '', '', '', NULL, '', 0.00, 0.00, NULL, NULL, '2012-10-23', 'Maria', 'S', 'N', 'E', 0.00, 0.00, 'N', ''),
	(291, NULL, NULL, 0, 0, 0, 'Restaurante Virrey Palafox', NULL, NULL, '', 'A 42012864', '', NULL, '', 0.00, 0.00, NULL, NULL, '2012-10-23', 'Maria', 'S', 'N', 'E', 0.00, 0.00, 'N', ''),
	(292, NULL, NULL, 0, -1, -1, 'Javier Monteserín Pérez', NULL, NULL, '-Javier Monteserín Pérez', '45427253 E', '', NULL, '', 0.00, 0.00, NULL, NULL, '2012-10-23', 'Maria', 'S', 'N', 'A', 0.00, 0.00, 'N', ''),
	(293, NULL, NULL, 0, -1, -1, 'Restaurante La Casina', NULL, NULL, '', '', '', NULL, '', 0.00, 0.00, NULL, NULL, '2012-10-24', 'Maria', 'S', 'N', 'E', 0.00, 0.00, 'N', ''),
	(294, NULL, NULL, 0, -1, -1, 'El rincon del Asturiano', NULL, NULL, '', 'E 98466931', '', NULL, '', 0.00, 0.00, NULL, NULL, '2012-11-12', 'Maria', 'S', 'N', 'E', 0.00, 0.00, 'N', ''),
	(295, NULL, NULL, 0, 0, 0, 'mercado lourenzá (La Coruña)', NULL, NULL, '', '', '', NULL, '', 0.00, 0.00, NULL, NULL, '2012-11-14', 'Maria', 'S', 'N', 'A', 0.00, 0.00, 'N', ''),
	(296, NULL, NULL, 0, -1, -1, 'Mª Esther Recalde Seivane', NULL, NULL, '', '33859020 F', '', NULL, '', 0.00, 0.00, NULL, NULL, '2012-11-19', 'Maria', 'S', 'N', 'A', 0.00, 0.00, 'N', ''),
	(297, NULL, NULL, 0, 0, 0, 'Palletways', NULL, NULL, '(Castor distribución y almacenaje SL)', '', '', NULL, '', 0.00, 0.00, NULL, NULL, '2012-11-22', 'Maria', 'S', 'N', 'E', 0.00, 0.00, 'N', ''),
	(298, NULL, NULL, 0, 0, 0, 'Manuel Fernández Díaz', NULL, NULL, '', '71855516 C', '', NULL, '', 0.00, 0.00, NULL, NULL, '2012-11-22', 'Maria', 'S', 'N', 'A', 0.00, 0.00, 'N', ''),
	(299, NULL, NULL, 0, 0, 0, 'Ricardo García Rodriguez', NULL, NULL, '', '33309924 J', '', NULL, '', 0.00, 0.00, NULL, NULL, '2012-11-22', 'Maria', 'S', 'N', 'A', 0.00, 0.00, 'N', ''),
	(300, NULL, NULL, 0, 0, 0, 'José María Moreda López', NULL, NULL, '', '33835404-N', '', NULL, '', 0.00, 0.00, NULL, NULL, '2012-11-26', 'Maria', 'S', 'N', 'A', 0.00, 0.00, 'N', ''),
	(301, NULL, NULL, 0, 0, 0, 'COHAL', NULL, NULL, '', '', '', NULL, '', 0.00, 0.00, NULL, NULL, '2012-12-17', 'Maria', 'S', 'N', 'E', 0.00, 0.00, 'N', ''),
	(302, NULL, NULL, 0, -1, -1, 'José Castellanos e Hijos', NULL, NULL, '', '', '', NULL, '', 0.00, 0.00, NULL, NULL, '2012-12-24', 'Maria', 'S', 'N', 'E', 0.00, 0.00, 'N', ''),
	(303, NULL, NULL, 0, 0, 0, 'Dalcy Terrazas R.', NULL, NULL, 'Dalcy Terrazas R.', '4737662019', '', NULL, '', 0.00, 0.00, NULL, NULL, '2013-01-21', 'Maria', 'S', 'N', 'E', 0.00, 0.00, 'N', ''),
	(304, NULL, NULL, 0, 0, 0, 'Mª Luisa Menéndez García_Lengomin', NULL, NULL, '', '', '', NULL, '', 0.00, 0.00, NULL, NULL, '2013-01-29', 'Maria', 'S', 'N', 'A', 0.00, 0.00, 'N', ''),
	(305, NULL, NULL, 0, 0, 0, 'Mª Luz Legaspi Novo', NULL, NULL, '', '', '', NULL, '', 0.00, 0.00, NULL, NULL, '2013-01-30', 'Maria', 'S', 'N', 'A', 0.00, 0.00, 'N', ''),
	(306, NULL, NULL, 0, -1, -1, 'José Antonio García Fernández', NULL, NULL, '', '75546807 R', '', NULL, '', 0.00, 0.00, NULL, NULL, '2013-01-30', 'Maria', 'S', 'N', 'A', 0.00, 0.00, 'N', ''),
	(307, NULL, NULL, 0, 0, 0, 'Mª Consuelo López Berdeal', NULL, NULL, '', '33325283 P', '', NULL, '', 0.00, 0.00, NULL, NULL, '2013-01-30', 'Maria', 'S', 'N', 'A', 0.00, 0.00, 'N', ''),
	(308, NULL, NULL, 0, 0, 0, 'Delfina Otero Otero', NULL, NULL, '', '76569295 M', '', NULL, '', 0.00, 0.00, NULL, NULL, '2013-01-30', 'Maria', 'S', 'N', 'A', 0.00, 0.00, 'N', ''),
	(309, NULL, NULL, 0, 0, 0, 'Cecilio Méndez López (nº 152)', NULL, NULL, '', '', '', NULL, '', 0.00, 0.00, NULL, NULL, '2013-01-30', 'Maria', 'S', 'N', 'A', 0.00, 0.00, 'N', ''),
	(310, NULL, NULL, 0, 0, 0, 'Mikel López Sánchez', NULL, NULL, '', '34882637 D', '', NULL, '', 0.00, 0.00, NULL, NULL, '2013-01-30', 'Maria', 'S', 'N', 'A', 0.00, 0.00, 'N', ''),
	(311, NULL, NULL, 0, -1, -1, 'Francisco López Aparicio', NULL, NULL, '(Restaurante El Tascón)', '01895111-A', '', NULL, '', 0.00, 0.00, NULL, NULL, '2013-01-30', 'Maria', 'S', 'N', 'A', 0.00, 0.00, 'N', ''),
	(312, NULL, NULL, 0, 0, 0, 'Restaurante Pairal', NULL, NULL, 'Asador Restaurante Pairal SL', 'B 12365854', '', NULL, '', 0.00, 0.00, NULL, NULL, '2013-01-30', 'Maria', 'S', 'N', 'E', 0.00, 0.00, 'N', ''),
	(313, NULL, NULL, 0, 0, 0, 'Antonio de Pablos Salas', NULL, NULL, 'Antonio de Pablos Salas', '27767526 V', '', NULL, '', 0.00, 0.00, NULL, NULL, '2013-01-30', 'Maria', 'S', 'N', 'A', 0.00, 0.00, 'N', ''),
	(314, NULL, NULL, 0, 1, 8, 'Coalla Gourmet', NULL, NULL, '(Gastrovin del Principado SL)', 'B 33847476', '', NULL, '', 0.00, 0.00, NULL, NULL, '2013-02-01', 'Maria', 'S', 'N', 'E', 0.00, 0.00, 'S', ''),
	(315, NULL, NULL, 0, 0, 0, 'Sensación Gourmet', NULL, NULL, 'Grupo Edipress ciencia y comunicación SL', 'B 02417475', '', NULL, '', 0.00, 0.00, NULL, NULL, '2013-02-01', 'Maria', 'S', 'N', 'E', 0.00, 0.00, 'N', ''),
	(316, NULL, NULL, 0, 0, 0, 'Jobino Zapico García', NULL, NULL, '', '', '', NULL, '', 0.00, 0.00, NULL, NULL, '2013-02-04', 'Maria', 'S', 'N', 'A', 0.00, 0.00, 'N', ''),
	(317, NULL, NULL, 0, 0, 0, 'Filomena García Blanco', NULL, NULL, '', '33304813-P', '', NULL, '', 0.00, 0.00, NULL, NULL, '2013-02-05', 'Maria', 'S', 'N', 'A', 0.00, 0.00, 'N', ''),
	(318, NULL, NULL, 0, 0, 0, 'Milagros Barreira Barreira', NULL, NULL, '', '33767357-E', '', NULL, '', 0.00, 0.00, NULL, NULL, '2013-02-05', 'Maria', 'S', 'N', 'A', 0.00, 0.00, 'N', ''),
	(319, NULL, NULL, 0, -1, -1, 'Restaurante Taberna Asturiana', NULL, NULL, 'José Vicente Castello Jorda', '21639115 W', '', NULL, '', 0.00, 0.00, NULL, NULL, '2013-02-06', 'Maria', 'S', 'N', 'A', 0.00, 0.00, 'N', ''),
	(320, NULL, NULL, 0, 0, 0, 'Mokiyaya SL', NULL, NULL, '-Mokiyaya SL', 'B 64771397', '', NULL, '', 0.00, 0.00, NULL, NULL, '2013-02-11', 'Maria', 'S', 'N', 'E', 0.00, 0.00, 'N', ''),
	(321, NULL, NULL, 0, 0, 0, 'Restaurante La Fogaina', NULL, NULL, 'Restaurante La Fogaina', '', '', NULL, '', 0.00, 0.00, NULL, NULL, '2013-02-13', 'Maria', 'S', 'N', 'E', 0.00, 0.00, 'N', ''),
	(322, NULL, NULL, 0, -1, -1, 'ETI-NOR', NULL, NULL, 'Etiquetas del Norte SL', '', '', NULL, '', 0.00, 0.00, NULL, NULL, '2013-02-15', 'Maria', 'S', 'N', 'E', 0.00, 0.00, 'N', ''),
	(323, NULL, NULL, 0, 0, 0, 'Venteiro SC', NULL, NULL, '-Venteiro SC', 'J-27200005', '', NULL, '', 0.00, 0.00, NULL, NULL, '2013-02-15', 'Maria', 'S', 'N', 'E', 0.00, 0.00, 'N', ''),
	(324, NULL, NULL, 0, 1, 8, 'Hermida Manzaneque SL', NULL, NULL, 'Hermida Manzaneque SL', 'B-27313782', '', NULL, '', 0.00, 0.00, NULL, NULL, '2013-02-27', 'Maria', 'S', 'N', 'E', 0.00, 0.00, 'S', ''),
	(325, NULL, NULL, 0, 1, 8, 'El Huerto CB', NULL, NULL, 'El Huerto CB', 'E-274334797', '', NULL, '', 0.00, 0.00, NULL, NULL, '2013-02-27', 'Maria', 'S', 'N', 'E', 0.00, 0.00, 'S', ''),
	(326, NULL, NULL, 0, 1, 8, 'Mesón Pepe Quiles', NULL, NULL, 'Mesón Pepe Quiles', 'B 18568998', '', NULL, '', 0.00, 0.00, NULL, NULL, '2013-02-27', 'Maria', 'S', 'N', 'E', 0.00, 0.00, 'N', ''),
	(327, NULL, NULL, 0, 1, 8, 'Otumbin Villaframil CB', NULL, NULL, 'Otumbin Villaframil CB', 'E-27408590', '', NULL, '', 0.00, 0.00, NULL, NULL, '2013-02-27', 'Maria', 'S', 'N', 'E', 0.00, 0.00, 'S', ''),
	(328, NULL, NULL, 0, -1, -1, 'La Taberna de Pepe', NULL, NULL, '-José Cesar SL', 'B-16154726', '', NULL, '', 0.00, 0.00, NULL, NULL, '2013-02-28', 'Maria', 'S', 'N', 'E', 0.00, 0.00, 'N', ''),
	(329, NULL, NULL, 0, 0, 0, 'Leguminor SL', NULL, NULL, 'Leguminor SL', 'B- 34173922', '', NULL, '', 0.00, 0.00, NULL, NULL, '2013-03-08', 'Maria', 'S', 'N', 'E', 0.00, 0.00, 'N', ''),
	(330, NULL, NULL, 0, 0, 0, 'José Antonio Fernández Rodríguez', NULL, NULL, 'José Antonio Fernández Rodríguez', '45426813L', '', NULL, '', 0.00, 0.00, NULL, NULL, '2013-03-11', 'Maria', 'S', 'N', 'A', 0.00, 0.00, 'N', ''),
	(331, NULL, NULL, 0, 0, 0, 'Entresierras SL', NULL, NULL, 'Entresierras SL', 'B-29510922', '', NULL, '', 0.00, 0.00, NULL, NULL, '2013-03-12', 'Maria', 'S', 'N', 'E', 0.00, 0.00, 'N', ''),
	(332, NULL, NULL, 0, 1, 8, 'Restaurante Sidrería Trebole', NULL, NULL, 'Alvarez Sanjurjo SL', 'B-74172552', '', NULL, '', 0.00, 0.00, NULL, NULL, '2013-03-12', 'Maria', 'S', 'N', 'E', 0.00, 0.00, 'S', ''),
	(333, NULL, NULL, 0, 1, 8, 'Restaurante Entreplazas', NULL, NULL, 'Marcos Alvarez Sanjurjo', '09425048-Q', '', NULL, '', 0.00, 0.00, NULL, NULL, '2013-03-12', 'Maria', 'S', 'N', 'A', 0.00, 0.00, 'S', ''),
	(334, NULL, NULL, 0, -1, -1, 'Valego (Ribadeo)', NULL, NULL, '', '', '', NULL, '', 0.00, 0.00, NULL, NULL, '2013-03-13', 'Maria', 'S', 'N', 'A', 0.00, 0.00, 'N', ''),
	(335, NULL, NULL, 0, -1, -1, 'La Esquina de Áminas', NULL, NULL, 'María del Carmen Lorenzo Marcos', '07847482-C', '', NULL, '', 0.00, 0.00, NULL, NULL, '2013-03-18', 'Maria', 'S', 'N', 'A', 0.00, 0.00, 'N', ''),
	(336, NULL, NULL, 0, 0, 0, 'Francisco Blanco Martínez', NULL, NULL, 'Francisco Blanco Martínez', '76565055 X', '', NULL, '', 0.00, 0.00, NULL, NULL, '2013-03-20', 'Maria', 'S', 'N', 'A', 0.00, 0.00, 'N', ''),
	(337, NULL, NULL, 0, 0, 0, 'Balbino (La Ronda)', NULL, NULL, '', '', '', NULL, '', 0.00, 0.00, NULL, NULL, '2013-03-21', 'Maria', 'S', 'N', 'A', 0.00, 0.00, 'N', ''),
	(338, NULL, NULL, 0, 1, 8, 'Restaurante el Puerto', NULL, NULL, '-Pañeda y Pérez SL', 'B-33867169', '', NULL, '', 0.00, 0.00, NULL, NULL, '2013-03-22', 'Maria', 'S', 'N', 'E', 0.00, 0.00, 'S', ''),
	(339, NULL, NULL, 0, 1, 8, 'Despacho de Pan Pepi-', NULL, NULL, 'Josefa Barcia Fernández', '33842330-S', '', NULL, '', 0.00, 0.00, NULL, NULL, '2013-03-22', 'Maria', 'S', 'N', 'A', 0.00, 0.00, 'S', ''),
	(340, NULL, NULL, 0, 0, 0, 'Enrique ', NULL, NULL, '', '', '', NULL, '', 0.00, 0.00, NULL, NULL, '2013-03-25', 'Maria', 'S', 'N', 'A', 0.00, 0.00, 'N', ''),
	(341, NULL, NULL, 0, 1, 8, 'Hotel Sella-', NULL, NULL, 'Hotel Sella CB', 'B-74333097', '', NULL, '', 0.00, 0.00, NULL, NULL, '2013-03-26', 'Maria', 'S', 'N', 'E', 0.00, 0.00, 'S', ''),
	(342, NULL, NULL, 0, 1, 8, 'Embutidos Naveda', NULL, NULL, 'Antonio Palacio Longo', '52618571-E', '', NULL, '', 0.00, 0.00, NULL, NULL, '2013-04-02', 'Maria', 'S', 'N', 'A', 0.00, 0.00, 'S', ''),
	(343, NULL, NULL, 0, 0, 0, 'Mª del Mar Sante García', NULL, NULL, 'Mª del Mar Sante García', '33309266-E', '', NULL, '', 0.00, 0.00, NULL, NULL, '2013-04-02', 'Maria', 'S', 'N', 'A', 0.00, 0.00, 'N', ''),
	(344, NULL, NULL, 0, -1, -1, 'Mª José García Pérez', NULL, NULL, 'Mª José García Pérez', '33326358-W', '', NULL, '', 0.00, 0.00, NULL, NULL, '2013-04-02', 'Maria', 'S', 'N', 'A', 0.00, 0.00, 'N', ''),
	(345, NULL, NULL, 0, 0, 0, 'Mari Cruz Sol Alonso-', NULL, NULL, 'Mari Cruz Sol Alonso', '76939153-A', '', NULL, '', 0.00, 0.00, NULL, NULL, '2013-04-04', 'Maria', 'S', 'N', 'A', 0.00, 0.00, 'N', ''),
	(346, NULL, NULL, 0, 0, 0, 'Restaurante Alcazaba de las Torres', NULL, NULL, 'Restaurante Alcazaba de las Torres', '80119046-H', '', NULL, '', 0.00, 0.00, NULL, NULL, '2013-04-04', 'Maria', 'S', 'N', 'A', 0.00, 0.00, 'N', ''),
	(347, NULL, NULL, 0, 1, 8, 'Carnicería Quique', NULL, NULL, 'Carnicería Quique', '', '', NULL, '', 0.00, 0.00, NULL, NULL, '2013-04-04', 'Maria', 'S', 'N', 'A', 0.00, 0.00, 'S', ''),
	(348, NULL, NULL, 0, 1, 8, 'Juan Bautista Alvarez Muñoz', NULL, NULL, 'Juan Bautista Alvarez Muñoz', '11025104-P', '', NULL, '', 0.00, 0.00, NULL, NULL, '2013-04-11', 'Maria', 'S', 'N', 'A', 0.00, 0.00, 'S', ''),
	(349, NULL, NULL, 0, 1, 8, 'Antonio López Liranzo', NULL, NULL, 'Antonio López Liranzo', '11361203-P', '', NULL, '', 0.00, 0.00, NULL, NULL, '2013-04-11', 'Maria', 'S', 'N', 'A', 0.00, 0.00, 'S', ''),
	(350, NULL, NULL, 0, 1, 8, 'Supermercado Donata', NULL, NULL, 'Supermercado Donata', 'B33391434', '', NULL, '', 0.00, 0.00, NULL, NULL, '2013-04-11', 'Maria', 'S', 'N', 'E', 0.00, 0.00, 'S', ''),
	(351, NULL, NULL, 0, 1, 8, 'Autoservicios Bori', NULL, NULL, 'Ovidio Alonso Bobes', '10752137-A', '', NULL, '', 0.00, 0.00, NULL, NULL, '2013-04-11', 'Maria', 'S', 'N', 'A', 0.00, 0.00, 'S', ''),
	(352, NULL, NULL, 0, 1, 8, 'Autoservicio Alimentación La Granja', NULL, NULL, 'Autoservicio Alimentación La Granja', 'E-33093311', '', NULL, '', 0.00, 0.00, NULL, NULL, '2013-04-11', 'Maria', 'S', 'N', 'E', 0.00, 0.00, 'S', ''),
	(353, NULL, NULL, 0, 1, 8, 'Victor Manuel Collado de la Roz', NULL, NULL, 'Restaurante Los Robles', '76995550-B', '', NULL, '', 0.00, 0.00, NULL, NULL, '2013-04-11', 'Maria', 'S', 'N', 'A', 0.00, 0.00, 'S', ''),
	(354, NULL, NULL, 0, 1, 8, 'Ulpiano Tejedor Baladrón', NULL, NULL, 'Ulpiano Tejedor Baladrón', '11687098-Q', '', NULL, '', 0.00, 0.00, NULL, NULL, '2013-04-11', 'Maria', 'S', 'N', 'A', 0.00, 0.00, 'S', ''),
	(355, NULL, NULL, 0, 0, 0, 'Comida Tradicional Marcris SL', NULL, NULL, 'Comida Tradicional Marcris SL', 'B-47705983', '', NULL, '', 0.00, 0.00, NULL, NULL, '2013-04-11', 'Maria', 'S', 'N', 'E', 0.00, 0.00, 'N', ''),
	(356, NULL, NULL, 0, 1, 8, 'Mercedes Vega Fernández', NULL, NULL, 'Autoservicios San Miguel', '10561741-A', '', NULL, '', 0.00, 0.00, NULL, NULL, '2013-04-11', 'Maria', 'S', 'N', 'A', 0.00, 0.00, 'S', ''),
	(357, NULL, NULL, 0, 1, 8, 'Alimentación Conde', NULL, NULL, '', '', '', NULL, '', 0.00, 0.00, NULL, NULL, '2013-04-22', 'Maria', 'S', 'N', 'E', 0.00, 0.00, 'S', ''),
	(358, NULL, NULL, 0, 0, 0, 'Enrique Gracia', NULL, NULL, 'Enrique Gracia', '52985021 J', '', NULL, '', 0.00, 0.00, NULL, NULL, '2013-04-24', 'Maria', 'S', 'N', 'A', 0.00, 0.00, 'N', ''),
	(359, NULL, NULL, 0, 1, 8, 'Pumarada Gascona SL', NULL, NULL, 'Pumarada Gascona SL', 'B 74332388', '', NULL, '', 0.00, 0.00, NULL, NULL, '2013-04-24', 'Maria', 'S', 'N', 'E', 0.00, 0.00, 'S', ''),
	(360, NULL, NULL, 0, 1, 8, 'Frutería Ulpiano', NULL, NULL, 'Ulpiano Tejedor Baladrón', '11687098 Q', '', NULL, '', 0.00, 0.00, NULL, NULL, '2013-04-24', 'Maria', 'S', 'N', 'A', 0.00, 0.00, 'S', ''),
	(361, NULL, NULL, 0, 1, 8, 'Mercau Astur CB', NULL, NULL, 'Mercau Astur CB', 'E 74077264', '', NULL, '', 0.00, 0.00, NULL, NULL, '2013-04-24', 'Maria', 'S', 'N', 'E', 0.00, 0.00, 'S', ''),
	(362, NULL, NULL, 0, 1, 8, 'Antonio López Liranzo', NULL, NULL, 'Antonio López Liranzo', '11361203-P', '', NULL, '', 0.00, 0.00, NULL, NULL, '2013-04-24', 'Maria', 'S', 'N', 'A', 0.00, 0.00, 'S', ''),
	(363, NULL, NULL, 0, 1, 8, 'Autoservicios Celaya', NULL, NULL, 'Autoservicios Celaya', '11321832 J', '', NULL, '', 0.00, 0.00, NULL, NULL, '2013-04-24', 'Maria', 'S', 'N', 'A', 0.00, 0.00, 'S', '');
/*!40000 ALTER TABLE `entidad` ENABLE KEYS */;


-- Dumping structure for table tierrina.entidad_rol
CREATE TABLE IF NOT EXISTS `entidad_rol` (
  `idEntidad` bigint(20) NOT NULL DEFAULT '0',
  `idRol` bigint(20) NOT NULL DEFAULT '0',
  `idTipoSector` bigint(20) NOT NULL DEFAULT '0',
  KEY `FK_entidad_rol_rol` (`idRol`),
  KEY `FK_entidad_rol_entidad` (`idEntidad`),
  CONSTRAINT `FK_entidad_rol_rol` FOREIGN KEY (`idRol`) REFERENCES `rol` (`idRol`)
) ENGINE=InnoDB DEFAULT CHARSET=latin1 COLLATE=latin1_spanish_ci;

-- Dumping data for table tierrina.entidad_rol: ~197 rows (approximately)
DELETE FROM `entidad_rol`;
/*!40000 ALTER TABLE `entidad_rol` DISABLE KEYS */;
INSERT INTO `entidad_rol` (`idEntidad`, `idRol`, `idTipoSector`) VALUES
	(89, 1, 4),
	(9, 1, 1),
	(18, 1, 2),
	(29, 1, 1),
	(30, 1, 1),
	(32, 1, 4),
	(28, 1, 1),
	(69, 1, 4),
	(66, 1, 4),
	(71, 1, 2),
	(83, 1, 4),
	(84, 1, 4),
	(85, 1, 4),
	(91, 1, 4),
	(92, 1, 4),
	(96, 1, 6),
	(90, 1, 3),
	(99, 1, 4),
	(103, 1, 6),
	(106, 1, 6),
	(107, 1, 6),
	(115, 1, 6),
	(117, 1, 6),
	(120, 1, 6),
	(123, 1, 6),
	(132, 1, 4),
	(145, 1, 2),
	(148, 1, 1),
	(149, 1, 1),
	(154, 1, 1),
	(155, 1, 1),
	(158, 1, 2),
	(159, 1, 4),
	(160, 1, 2),
	(161, 1, 2),
	(35, 2, 1),
	(37, 2, 1),
	(39, 2, 1),
	(40, 2, 1),
	(42, 2, 1),
	(45, 2, 1),
	(48, 2, 2),
	(49, 2, 2),
	(50, 2, 2),
	(51, 2, 2),
	(52, 2, 2),
	(53, 2, 2),
	(54, 2, 3),
	(56, 2, 4),
	(57, 2, 4),
	(59, 2, 4),
	(61, 2, 4),
	(62, 2, 1),
	(113, 2, 1),
	(146, 2, 2),
	(166, 2, 1),
	(171, 2, 2),
	(172, 1, 1),
	(77, 1, 4),
	(173, 2, 1),
	(175, 1, 1),
	(176, 2, 1),
	(176, 2, 2),
	(178, 2, 1),
	(179, 2, 4),
	(179, 2, 2),
	(184, 2, 1),
	(184, 1, 7),
	(63, 1, 4),
	(1, 1, 7),
	(185, 1, 7),
	(2, 1, 3),
	(3, 1, 3),
	(6, 1, 3),
	(4, 1, 3),
	(10, 1, 4),
	(12, 1, 2),
	(13, 1, 6),
	(17, 1, 2),
	(186, 1, 6),
	(15, 1, 2),
	(189, 1, 3),
	(64, 1, 3),
	(19, 1, 4),
	(22, 1, 4),
	(25, 1, 4),
	(192, 1, 3),
	(31, 1, 4),
	(68, 1, 4),
	(193, 1, 2),
	(194, 1, 2),
	(195, 1, 2),
	(70, 1, 4),
	(73, 1, 1),
	(152, 1, 4),
	(153, 1, 4),
	(156, 1, 4),
	(93, 1, 6),
	(95, 1, 6),
	(98, 1, 4),
	(201, 1, 1),
	(101, 1, 1),
	(203, 1, 1),
	(204, 1, 2),
	(205, 1, 1),
	(206, 1, 1),
	(111, 1, 1),
	(116, 1, 1),
	(209, 1, 1),
	(118, 1, 1),
	(119, 1, 1),
	(122, 1, 1),
	(212, 1, 1),
	(125, 1, 1),
	(128, 1, 1),
	(129, 1, 1),
	(131, 1, 1),
	(133, 1, 4),
	(134, 1, 3),
	(136, 1, 1),
	(215, 1, 1),
	(140, 1, 4),
	(216, 1, 2),
	(142, 1, 2),
	(143, 1, 4),
	(217, 1, 2),
	(218, 1, 1),
	(210, 1, 2),
	(219, 1, 1),
	(221, 1, 1),
	(222, 1, 1),
	(223, 1, 1),
	(224, 1, 1),
	(225, 1, 1),
	(226, 1, 1),
	(227, 1, 1),
	(228, 1, 1),
	(229, 1, 1),
	(230, 1, 1),
	(231, 1, 1),
	(232, 1, 1),
	(233, 1, 1),
	(234, 1, 1),
	(235, 1, 1),
	(236, 1, 1),
	(112, 1, 1),
	(127, 1, 1),
	(238, 2, 1),
	(109, 1, 1),
	(191, 1, 3),
	(162, 1, 4),
	(65, 1, 4),
	(147, 1, 1),
	(72, 1, 4),
	(198, 1, 1),
	(74, 1, 1),
	(75, 1, 4),
	(150, 1, 4),
	(151, 1, 4),
	(78, 1, 4),
	(79, 1, 4),
	(81, 1, 4),
	(97, 1, 4),
	(87, 1, 4),
	(104, 1, 1),
	(207, 1, 1),
	(220, 1, 1),
	(237, 2, 2),
	(165, 2, 3),
	(88, 1, 4),
	(240, 2, 1),
	(240, 2, 2),
	(241, 2, 1),
	(242, 2, 2),
	(183, 2, 1),
	(243, 2, 1),
	(244, 2, 1),
	(245, 2, 1),
	(181, 2, 1),
	(174, 2, 1),
	(247, 2, 1),
	(248, 2, 1),
	(249, 2, 1),
	(250, 2, 1),
	(251, 2, 1),
	(254, 2, 1),
	(255, 2, 1),
	(256, 2, 1),
	(46, 2, 1),
	(46, 2, 2),
	(167, 2, 1),
	(182, 2, 1),
	(60, 2, 5),
	(60, 2, 4),
	(60, 2, 1),
	(258, 2, 4),
	(262, 2, 1),
	(263, 2, 1),
	(264, 2, 2),
	(259, 2, 1),
	(265, 2, 1),
	(266, 2, 1),
	(252, 2, 1),
	(260, 2, 1),
	(257, 2, 1),
	(34, 2, 2),
	(34, 1, 4),
	(67, 2, 1),
	(67, 1, 4),
	(269, 1, 1),
	(270, 1, 1),
	(36, 2, 1),
	(141, 1, 1),
	(14, 1, 3),
	(271, 2, 1),
	(246, 2, 1),
	(246, 1, 6),
	(274, 2, 2),
	(275, 2, 1),
	(7, 1, 7),
	(276, 2, 1),
	(277, 2, 2),
	(278, 1, 1),
	(21, 1, 3),
	(267, 1, 4),
	(279, 2, 1),
	(58, 2, 4),
	(280, 1, 1),
	(272, 2, 2),
	(281, 1, 1),
	(187, 1, 3),
	(188, 1, 3),
	(282, 2, 1),
	(283, 1, 4),
	(177, 2, 1),
	(285, 2, 1),
	(261, 2, 1),
	(286, 2, 2),
	(287, 2, 1),
	(288, 2, 1),
	(108, 1, 1),
	(5, 1, 3),
	(289, 1, 4),
	(290, 1, 1),
	(291, 1, 1),
	(202, 2, 1),
	(202, 2, 2),
	(295, 2, 1),
	(297, 2, 2),
	(298, 2, 1),
	(299, 2, 1),
	(300, 2, 1),
	(301, 2, 3),
	(302, 2, 1),
	(44, 2, 1),
	(43, 2, 1),
	(43, 2, 2),
	(43, 1, 4),
	(214, 1, 7),
	(303, 2, 1),
	(163, 1, 4),
	(304, 2, 1),
	(305, 2, 1),
	(307, 2, 1),
	(308, 2, 1),
	(309, 2, 1),
	(296, 2, 1),
	(310, 2, 1),
	(312, 1, 1),
	(313, 1, 2),
	(314, 1, 2),
	(315, 1, 2),
	(316, 1, 4),
	(317, 2, 1),
	(318, 2, 1),
	(294, 1, 2),
	(284, 1, 1),
	(273, 1, 2),
	(80, 2, 1),
	(80, 1, 4),
	(137, 1, 2),
	(102, 1, 1),
	(139, 1, 4),
	(138, 1, 1),
	(20, 1, 1),
	(320, 1, 7),
	(321, 1, 1),
	(41, 2, 4),
	(41, 2, 1),
	(41, 1, 4),
	(322, 2, 3),
	(323, 2, 1),
	(311, 1, 1),
	(324, 1, 2),
	(325, 1, 1),
	(327, 1, 2),
	(328, 1, 1),
	(11, 1, 6),
	(199, 1, 4),
	(329, 1, 4),
	(197, 1, 2),
	(330, 2, 1),
	(331, 1, 2),
	(94, 1, 6),
	(332, 1, 1),
	(333, 1, 1),
	(213, 1, 1),
	(200, 1, 1),
	(135, 1, 1),
	(114, 1, 1),
	(110, 1, 1),
	(124, 1, 1),
	(26, 1, 4),
	(306, 2, 1),
	(292, 1, 4),
	(335, 1, 2),
	(336, 2, 1),
	(253, 2, 1),
	(164, 1, 4),
	(337, 2, 1),
	(338, 1, 1),
	(339, 1, 2),
	(8, 1, 4),
	(190, 1, 3),
	(340, 2, 1),
	(341, 1, 1),
	(144, 1, 1),
	(342, 2, 1),
	(342, 1, 4),
	(16, 2, 1),
	(16, 1, 4),
	(343, 1, 2),
	(344, 1, 2),
	(319, 1, 8),
	(157, 1, 4),
	(105, 1, 1),
	(208, 1, 1),
	(33, 1, 4),
	(76, 1, 1),
	(196, 1, 2),
	(130, 1, 1),
	(211, 1, 1),
	(268, 1, 4),
	(239, 1, 4),
	(345, 1, 2),
	(326, 1, 1),
	(346, 1, 1),
	(293, 1, 1),
	(347, 1, 2),
	(86, 2, 2),
	(348, 1, 2),
	(349, 1, 2),
	(354, 1, 2),
	(355, 1, 2),
	(357, 1, 3),
	(100, 1, 4),
	(24, 1, 4),
	(126, 1, 1),
	(334, 2, 1),
	(358, 1, 8),
	(359, 1, 1),
	(360, 1, 2),
	(352, 1, 3),
	(353, 1, 1),
	(350, 1, 3),
	(356, 1, 3),
	(361, 1, 2),
	(23, 1, 4),
	(351, 1, 2),
	(362, 1, 2),
	(363, 1, 3),
	(121, 1, 1);
/*!40000 ALTER TABLE `entidad_rol` ENABLE KEYS */;


-- Dumping structure for table tierrina.entrega
CREATE TABLE IF NOT EXISTS `entrega` (
  `idEntrega` int(5) NOT NULL,
  `nombre` varchar(50) NOT NULL DEFAULT '',
  PRIMARY KEY (`idEntrega`)
) ENGINE=MyISAM DEFAULT CHARSET=latin1;

-- Dumping data for table tierrina.entrega: 0 rows
DELETE FROM `entrega`;
/*!40000 ALTER TABLE `entrega` DISABLE KEYS */;
/*!40000 ALTER TABLE `entrega` ENABLE KEYS */;


-- Dumping structure for table tierrina.envase
CREATE TABLE IF NOT EXISTS `envase` (
  `idEnvase` bigint(20) NOT NULL AUTO_INCREMENT,
  `idMaterial` bigint(20) NOT NULL DEFAULT '0',
  `nombre` varchar(255) NOT NULL DEFAULT '',
  `descripcion` text,
  `dimensiones` varchar(255) DEFAULT NULL,
  `peso` double(10,2) DEFAULT NULL,
  `stock` double(10,2) DEFAULT NULL,
  `ean` double(10,2) DEFAULT NULL,
  `habilitado` char(1) DEFAULT 'S',
  PRIMARY KEY (`idEnvase`)
) ENGINE=MyISAM AUTO_INCREMENT=61 DEFAULT CHARSET=latin1;

-- Dumping data for table tierrina.envase: 60 rows
DELETE FROM `envase`;
/*!40000 ALTER TABLE `envase` DISABLE KEYS */;
INSERT INTO `envase` (`idEnvase`, `idMaterial`, `nombre`, `descripcion`, `dimensiones`, `peso`, `stock`, `ean`, `habilitado`) VALUES
	(1, 1, 'Bolsa 15x35 cm trasparente -Hasta 1 Kg.', '', '15  x 35 cm.', 0.00, 0.00, NULL, 'S'),
	(2, 1, 'Bolsa 30x50 cm Faba Fresca,Transp. galga 200-Hasta 2,5 Kg.', NULL, NULL, NULL, 1188.00, NULL, 'S'),
	(3, 1, 'Bolsa 18x30 cm trasparente galga 300-Hasta 1 Kg.', NULL, NULL, NULL, 12927.00, NULL, 'S'),
	(4, 1, 'Bolsa 18x19 cm trasparente galga 300-Hasta 0,5 Kg.', '', '18x19', 0.00, 9878.00, NULL, 'S'),
	(5, 1, 'Bolsa Plástico 0.5kg. Orbayu', NULL, NULL, NULL, 0.00, NULL, 'S'),
	(6, 2, 'Saco Sin Marca 65x40 cm. Transparente-Hasta 15 Kg.', '', '', 0.00, 7054.00, NULL, 'S'),
	(7, 2, 'Saco Sin Marca 67x35 cm con asa, Transp. -Hasta 10 Kg.', '', '', 0.00, 7419.00, NULL, 'S'),
	(8, 2, 'Saco Sin Marca 80x45 cm.  Blanco  - Hasta 25 Kg.', '', '', 0.00, 3276.00, NULL, 'S'),
	(9, 2, 'Saco Sin Marca 95x55 cm.  Blanco con fuelle- Hasta 50 Kg.', NULL, NULL, NULL, 0.00, NULL, 'S'),
	(10, 2, 'Saco "La Tierrina Vaqueira"  67x35 cm. con asa, Transp. -Hasta 10 Kg.', NULL, NULL, NULL, 4442.00, NULL, 'S'),
	(11, 2, 'Saco "Legumbres FABES"  80x45 cm. Transparente. -Hasta 25 Kg.', 'saco laminado micro-perforado en caliente, agujero mediano y pre-separados para maquina envasadora.', '80 x 45', 10.00, 904.00, NULL, 'S'),
	(12, 2, 'Saco Recuperado todos tipos -Hasta 50 Kg.', NULL, NULL, NULL, 0.00, NULL, 'S'),
	(13, 2, 'Saco Big-Bag con tapa y descarga- Hasta 500 Kg.', NULL, NULL, NULL, 0.00, NULL, 'S'),
	(14, 2, 'Saco Big-Bag con tapa y descarga- Hasta 900 Kg.', NULL, NULL, NULL, 0.00, NULL, 'S'),
	(15, 3, 'Estuche Faba Ast. D.O. "Tierrina Vaqueira" 500 g.', NULL, NULL, NULL, 10003.00, NULL, 'S'),
	(16, 3, 'Estuche Faba Ast. D.O. "Tierrina Vaqueira" 1 Kg.', NULL, NULL, NULL, 3876.00, NULL, 'S'),
	(17, 3, 'Estuche Faba Verdina  "Tierrina Vaqueira" 500 g.', NULL, NULL, NULL, 7325.00, NULL, 'S'),
	(18, 3, 'Caja Expositor Faba Ast. D.O."Tierrina Vaqueira" 24 Uds. x 500 g.', NULL, NULL, NULL, 496.00, 14.00, 'S'),
	(19, 3, 'Caja Expositor Faba Ast. D.O."Tierrina Vaqueira" 12 Uds. x 1 Kg..', NULL, NULL, NULL, 198.00, 14.00, 'S'),
	(20, 3, 'Caja Expositor Faba Verdina"Tierrina Vaqueira" 24 Uds. x 500 g.', NULL, NULL, NULL, 197.00, 14.00, 'S'),
	(21, 3, 'Caja Expositor Faba Granja "Orbayu" 21 Uds. x 700 g.', NULL, NULL, NULL, 193.00, 14.00, 'S'),
	(22, 3, 'Caja Expositor Faba Granja "Orbayu" 15 Uds. x 1 Kg.', NULL, NULL, NULL, 0.00, 14.00, 'S'),
	(23, 3, 'Caja  Faba Granja "Orbayu" 12 Uds. x 700 g', '', '', 0.00, 1380.00, 14.00, 'S'),
	(24, 3, 'Caja Preparado Fabada "Orbayu" 10 Uds. x 2 rac.', NULL, NULL, NULL, 0.00, 14.00, 'S'),
	(25, 3, 'Caja Faba Fresca Congelado "Tierrina Vaqueira" 4 Uds. x 2,5 Kg.', NULL, NULL, NULL, 769.00, 14.00, 'S'),
	(26, 3, 'Plancha cartón 25x14 cm. Preparado Fabada 2 rac.', NULL, NULL, NULL, 0.00, 13.00, 'S'),
	(27, 3, 'Plancha cartón 80 x120 paletizado', NULL, NULL, NULL, 0.00, 0.00, 'S'),
	(28, 4, 'Saquete Faba Granja "Orbayu" 500 g', NULL, NULL, NULL, 3403.00, 13.00, 'S'),
	(29, 4, 'Saquete Faba Granja "Orbayu" 700 g', NULL, NULL, NULL, 916.00, 13.00, 'S'),
	(30, 4, 'Saquete tela 700gr. Orbayu', NULL, NULL, NULL, 0.00, 13.00, 'S'),
	(31, 4, 'Saquete Faba Granja ALDI "Orbayu" 700 g', '', '', 90.00, 0.00, 13.00, 'S'),
	(32, 4, 'Saquete Faba Granja "Orbayu" 1 Kg.', '', '', 900.00, 0.00, 13.00, 'S'),
	(33, 4, 'Saquete Faba Granja "La Aldea" 1 Kg.', '', '', 8000000.00, 1718.00, 13.00, 'S'),
	(34, 4, 'Saquete Faba Granja "La Aldea" 500g.', '', '', 100.00, 1170.00, 13.00, 'S'),
	(35, 4, 'Saquete Faba Ast D.O. "Tierra Astur" 1 Kg.', '', '', 100.00, 2771.00, 13.00, 'S'),
	(36, 4, 'Saquete Faba Ast. D.O. "Sabrosona" 500 g.', '', '', 56.00, 1074.00, 13.00, 'S'),
	(37, 4, 'Saquete Faba Ast D.O. "Tierrina Vaqueira" 500 g.', '', '', 68.00, 0.00, 13.00, 'S'),
	(38, 4, 'Saquete Faba Ast D.O. "Tierrina Vaqueira" 1 Kg.', '', '', 10.00, 0.00, 13.00, 'S'),
	(39, 4, 'Saquete Faba Ast D.O. "Tierrina Vaqueira" 5 Kg.', '', '', 10.00, 0.00, 13.00, 'S'),
	(40, 4, 'Saquete Faba Verdina "Tierrina Vaqueira" 500 g.', '', '', 10.00, 2009.00, 13.00, 'S'),
	(41, 4, 'Saquete Faba Verdina "Tierrina Vaqueira" 1 Kg.', '', '', 2.00, 1740.00, NULL, 'S'),
	(42, 4, 'Saquete Preparado Fabada "Orbayu"  2 rac.', '', '', 90.00, 0.00, NULL, 'S'),
	(43, 4, 'Saquete Preparado Fabada "Orbayu"  4 rac', '', '', 89.00, 0.00, 13.00, 'S'),
	(44, 5, 'Palet EUR 80x120    blanco', '', '', 22.00, 0.00, 14.00, 'S'),
	(45, 5, 'Palet EUR 80x120   pintado', '', '', 8.00, 0.00, 14.00, 'S'),
	(46, 5, 'Palet 80x120   ligero', '', '', 2.00, 0.00, 14.00, 'S'),
	(47, 5, 'Palet 100x120   Blanco', '', '', 3.00, 0.00, 14.00, 'S'),
	(48, 5, 'Palet 100x120   Pintado', '', '', 1.00, 0.00, 14.00, 'S'),
	(49, 5, 'Palet 100x120   ligero', '', '', 340.00, 0.00, 14.00, 'S'),
	(50, 5, 'Palet 110 x 120', '', '', NULL, 0.00, 14.00, 'S'),
	(51, 5, 'Palet 110 x 110', '', '', NULL, 0.00, 14.00, 'S'),
	(52, 5, 'Palet 120 x120', '', '', 10.00, 0.00, NULL, 'S'),
	(53, 5, 'Palet Otras medidas', '', '', 10.00, 0.00, NULL, 'S'),
	(54, 5, 'Caja madera 60x40 "Sallar"', '', '', 30.00, 0.00, NULL, 'S'),
	(55, 6, 'Caja Plastico Faba Fresca', '', '', 1.00, 0.00, NULL, 'S'),
	(56, 2, 'Saquete Faba Granja "Orbayu" 5 Kg.', NULL, NULL, NULL, 0.00, NULL, 'S'),
	(57, 6, 'sin envase', '', '', 0.00, 19975.00, NULL, 'S'),
	(58, 2, 'Saco , sin marca, 67 x 35cm, sin asas, transp-Hasta 10 Kg', '', '', 0.00, 0.00, NULL, 'S'),
	(59, 1, 'Bolsa Faba Fresca- 1 Kg', '', '', 1.00, 269.00, NULL, 'S'),
	(60, 2, 'Saco sin marca 80x45cm transparente hasta 25 kg', 'Saco sin marca 80x45cm transparente hasta 25 kg', '80x45', 25.00, 9765.00, NULL, 'S');
/*!40000 ALTER TABLE `envase` ENABLE KEYS */;


-- Dumping structure for table tierrina.estadofabas
CREATE TABLE IF NOT EXISTS `estadofabas` (
  `idEstadoFabas` bigint(20) NOT NULL DEFAULT '0',
  `descripcion` varchar(100) DEFAULT NULL,
  PRIMARY KEY (`idEstadoFabas`)
) ENGINE=MyISAM DEFAULT CHARSET=latin1;

-- Dumping data for table tierrina.estadofabas: 13 rows
DELETE FROM `estadofabas`;
/*!40000 ALTER TABLE `estadofabas` DISABLE KEYS */;
INSERT INTO `estadofabas` (`idEstadoFabas`, `descripcion`) VALUES
	(0, 'Sin fallos'),
	(1, 'Partidas'),
	(2, 'Rajadas'),
	(3, 'Descorticadas'),
	(4, 'Incompletas'),
	(5, 'Manchadas'),
	(6, 'Mohosas'),
	(7, 'Descoloridas'),
	(8, 'Con impurezas'),
	(9, 'Mojadas'),
	(10, 'Germinadas'),
	(11, 'Dañadas'),
	(12, 'Caducadas');
/*!40000 ALTER TABLE `estadofabas` ENABLE KEYS */;


-- Dumping structure for table tierrina.estadoproducto
CREATE TABLE IF NOT EXISTS `estadoproducto` (
  `idEstado` bigint(20) NOT NULL DEFAULT '0',
  `nombre` varchar(50) DEFAULT NULL,
  PRIMARY KEY (`idEstado`)
) ENGINE=MyISAM DEFAULT CHARSET=latin1;

-- Dumping data for table tierrina.estadoproducto: 2 rows
DELETE FROM `estadoproducto`;
/*!40000 ALTER TABLE `estadoproducto` DISABLE KEYS */;
INSERT INTO `estadoproducto` (`idEstado`, `nombre`) VALUES
	(1, 'bueno'),
	(2, 'malo');
/*!40000 ALTER TABLE `estadoproducto` ENABLE KEYS */;


-- Dumping structure for table tierrina.factura
CREATE TABLE IF NOT EXISTS `factura` (
  `idFactura` bigint(10) NOT NULL DEFAULT '0',
  `codigoFactura` varchar(15) COLLATE latin1_spanish_ci DEFAULT NULL,
  `fecha` date DEFAULT NULL,
  `fechaVencimiento` date DEFAULT NULL,
  `pedido` varchar(20) COLLATE latin1_spanish_ci DEFAULT NULL,
  `albaran` varchar(20) COLLATE latin1_spanish_ci NOT NULL DEFAULT '',
  `importeTotal` double(10,2) DEFAULT NULL,
  `descuento` double(10,2) NOT NULL DEFAULT '0.00',
  `valorDescuento` double(10,2) NOT NULL DEFAULT '0.00',
  `ivaAplicable` double(10,2) NOT NULL DEFAULT '0.00',
  `valorIva` double(10,2) NOT NULL DEFAULT '0.00',
  `subtotal` double(10,2) DEFAULT NULL,
  `cargosTotal` double(10,2) DEFAULT NULL,
  `total` double(10,2) DEFAULT NULL,
  `estado` char(1) COLLATE latin1_spanish_ci NOT NULL DEFAULT '3',
  `idCliente` bigint(20) NOT NULL DEFAULT '0',
  `nombreCliente` varchar(100) COLLATE latin1_spanish_ci NOT NULL DEFAULT '0',
  `idFormaPago` bigint(20) NOT NULL DEFAULT '0',
  `idDestino` bigint(20) NOT NULL DEFAULT '0',
  `descripcionFormaPago` varchar(100) COLLATE latin1_spanish_ci NOT NULL DEFAULT '',
  `descripcionDestino` varchar(100) COLLATE latin1_spanish_ci NOT NULL DEFAULT '',
  `nifCliente` varchar(100) COLLATE latin1_spanish_ci NOT NULL DEFAULT '',
  `telefonoCliente` varchar(100) COLLATE latin1_spanish_ci NOT NULL DEFAULT '',
  `observaciones` varchar(100) COLLATE latin1_spanish_ci NOT NULL DEFAULT '',
  PRIMARY KEY (`idFactura`)
) ENGINE=InnoDB DEFAULT CHARSET=latin1 COLLATE=latin1_spanish_ci;

-- Dumping data for table tierrina.factura: ~0 rows (approximately)
DELETE FROM `factura`;
/*!40000 ALTER TABLE `factura` DISABLE KEYS */;
/*!40000 ALTER TABLE `factura` ENABLE KEYS */;


-- Dumping structure for table tierrina.factura_cambios
CREATE TABLE IF NOT EXISTS `factura_cambios` (
  `idCambio` bigint(20) NOT NULL AUTO_INCREMENT,
  `codigoFactura` varchar(20) COLLATE latin1_spanish_ci NOT NULL DEFAULT '0',
  `fecha` timestamp NOT NULL DEFAULT CURRENT_TIMESTAMP,
  `usuario` varchar(100) COLLATE latin1_spanish_ci NOT NULL DEFAULT '',
  `descripcion` varchar(200) COLLATE latin1_spanish_ci NOT NULL DEFAULT '',
  PRIMARY KEY (`idCambio`)
) ENGINE=InnoDB AUTO_INCREMENT=4 DEFAULT CHARSET=latin1 COLLATE=latin1_spanish_ci ROW_FORMAT=COMPACT;

-- Dumping data for table tierrina.factura_cambios: ~0 rows (approximately)
DELETE FROM `factura_cambios`;
/*!40000 ALTER TABLE `factura_cambios` DISABLE KEYS */;
/*!40000 ALTER TABLE `factura_cambios` ENABLE KEYS */;


-- Dumping structure for table tierrina.factura_cargo
CREATE TABLE IF NOT EXISTS `factura_cargo` (
  `idFactura` bigint(20) DEFAULT NULL,
  `idCargo` tinyint(4) DEFAULT NULL,
  `tipoCargo` char(1) COLLATE latin1_spanish_ci DEFAULT NULL,
  `valorCargo` double(8,2) NOT NULL DEFAULT '0.00',
  `ivaCargo` double(8,2) NOT NULL DEFAULT '0.00',
  `totalCargo` double(8,2) NOT NULL DEFAULT '0.00'
) ENGINE=InnoDB DEFAULT CHARSET=latin1 COLLATE=latin1_spanish_ci;

-- Dumping data for table tierrina.factura_cargo: ~0 rows (approximately)
DELETE FROM `factura_cargo`;
/*!40000 ALTER TABLE `factura_cargo` DISABLE KEYS */;
/*!40000 ALTER TABLE `factura_cargo` ENABLE KEYS */;


-- Dumping structure for table tierrina.factura_compuesto
CREATE TABLE IF NOT EXISTS `factura_compuesto` (
  `idFactura` bigint(20) NOT NULL DEFAULT '0',
  `albaran` varchar(100) COLLATE latin1_spanish_ci NOT NULL DEFAULT '',
  PRIMARY KEY (`idFactura`,`albaran`)
) ENGINE=InnoDB DEFAULT CHARSET=latin1 COLLATE=latin1_spanish_ci;

-- Dumping data for table tierrina.factura_compuesto: ~0 rows (approximately)
DELETE FROM `factura_compuesto`;
/*!40000 ALTER TABLE `factura_compuesto` DISABLE KEYS */;
/*!40000 ALTER TABLE `factura_compuesto` ENABLE KEYS */;


-- Dumping structure for table tierrina.factura_cuotas
CREATE TABLE IF NOT EXISTS `factura_cuotas` (
  `idCuota` bigint(20) NOT NULL AUTO_INCREMENT,
  `codigoFactura` varchar(50) COLLATE latin1_spanish_ci NOT NULL DEFAULT '',
  `codigoNuevaFactura` varchar(50) COLLATE latin1_spanish_ci NOT NULL DEFAULT '',
  `idCuotaFactura` bigint(20) NOT NULL DEFAULT '0',
  `importe` double NOT NULL DEFAULT '0',
  `porcentaje` double NOT NULL DEFAULT '0',
  `fecha` date NOT NULL,
  `observaciones` varchar(200) COLLATE latin1_spanish_ci NOT NULL DEFAULT '',
  `estado` char(1) COLLATE latin1_spanish_ci NOT NULL DEFAULT 'O',
  PRIMARY KEY (`idCuota`)
) ENGINE=InnoDB DEFAULT CHARSET=latin1 COLLATE=latin1_spanish_ci;

-- Dumping data for table tierrina.factura_cuotas: ~0 rows (approximately)
DELETE FROM `factura_cuotas`;
/*!40000 ALTER TABLE `factura_cuotas` DISABLE KEYS */;
/*!40000 ALTER TABLE `factura_cuotas` ENABLE KEYS */;


-- Dumping structure for table tierrina.factura_item
CREATE TABLE IF NOT EXISTS `factura_item` (
  `idFactura` bigint(10) NOT NULL DEFAULT '0',
  `idItem` bigint(20) NOT NULL DEFAULT '0',
  `idRegistroSalida` bigint(20) DEFAULT NULL,
  `idProducto` bigint(10) DEFAULT NULL,
  `codigoItem` varchar(50) COLLATE latin1_spanish_ci DEFAULT NULL,
  `cantidad` bigint(3) DEFAULT NULL,
  `peso` double(10,2) NOT NULL DEFAULT '0.00',
  `agrupaciones` double(10,2) NOT NULL DEFAULT '0.00',
  `precioUnitBruto` double(8,2) DEFAULT NULL,
  `precioUnitNeto` double(8,2) DEFAULT NULL,
  `precioTotal` double(8,2) DEFAULT NULL,
  `precioKilo` double(8,2) DEFAULT NULL,
  `descripcion` varchar(200) COLLATE latin1_spanish_ci DEFAULT NULL,
  PRIMARY KEY (`idItem`,`idFactura`)
) ENGINE=InnoDB DEFAULT CHARSET=latin1 COLLATE=latin1_spanish_ci;

-- Dumping data for table tierrina.factura_item: ~0 rows (approximately)
DELETE FROM `factura_item`;
/*!40000 ALTER TABLE `factura_item` DISABLE KEYS */;
/*!40000 ALTER TABLE `factura_item` ENABLE KEYS */;


-- Dumping structure for table tierrina.fac_orders
CREATE TABLE IF NOT EXISTS `fac_orders` (
  `idOrders` bigint(20) NOT NULL AUTO_INCREMENT,
  `unh` varchar(50) COLLATE latin1_spanish_ci DEFAULT NULL,
  `bgmTipo` varchar(50) COLLATE latin1_spanish_ci DEFAULT NULL,
  `bgmNum` varchar(50) COLLATE latin1_spanish_ci DEFAULT NULL,
  `bgmFunc` varchar(50) COLLATE latin1_spanish_ci DEFAULT NULL,
  `aliCond` varchar(50) COLLATE latin1_spanish_ci DEFAULT NULL,
  `ftxCali` varchar(50) COLLATE latin1_spanish_ci DEFAULT NULL,
  `nadMs` varchar(50) COLLATE latin1_spanish_ci DEFAULT NULL,
  `rffMs` varchar(50) COLLATE latin1_spanish_ci DEFAULT NULL,
  `nadMr` varchar(50) COLLATE latin1_spanish_ci DEFAULT NULL,
  `rffMr` varchar(50) COLLATE latin1_spanish_ci DEFAULT NULL,
  `nadSu` varchar(50) COLLATE latin1_spanish_ci DEFAULT NULL,
  `rffSu` varchar(50) COLLATE latin1_spanish_ci DEFAULT NULL,
  `nadBy` varchar(50) COLLATE latin1_spanish_ci DEFAULT NULL,
  `rffBy` varchar(50) COLLATE latin1_spanish_ci DEFAULT NULL,
  `nadDp` varchar(50) COLLATE latin1_spanish_ci DEFAULT NULL,
  `rffDp` varchar(50) COLLATE latin1_spanish_ci DEFAULT NULL,
  `nadIv` varchar(50) COLLATE latin1_spanish_ci DEFAULT NULL,
  `rffIv` varchar(50) COLLATE latin1_spanish_ci DEFAULT NULL,
  `nadPr` varchar(50) COLLATE latin1_spanish_ci DEFAULT NULL,
  `rffPr` varchar(50) COLLATE latin1_spanish_ci DEFAULT NULL,
  `cux` varchar(50) COLLATE latin1_spanish_ci DEFAULT NULL,
  `moa79` varchar(50) COLLATE latin1_spanish_ci DEFAULT NULL,
  `cnt` varchar(50) COLLATE latin1_spanish_ci DEFAULT NULL,
  `unt` varchar(50) COLLATE latin1_spanish_ci DEFAULT NULL,
  `estado` char(1) COLLATE latin1_spanish_ci NOT NULL DEFAULT 'R',
  `idFormaPago` bigint(20) NOT NULL DEFAULT '0',
  `observaciones` varchar(500) COLLATE latin1_spanish_ci NOT NULL DEFAULT '""',
  PRIMARY KEY (`idOrders`),
  KEY `FK_fac_orders_fac_orders_estados` (`estado`),
  CONSTRAINT `FK_fac_orders_fac_orders_estados` FOREIGN KEY (`estado`) REFERENCES `fac_orders_estados` (`idEstado`)
) ENGINE=InnoDB AUTO_INCREMENT=114 DEFAULT CHARSET=latin1 COLLATE=latin1_spanish_ci;

-- Dumping data for table tierrina.fac_orders: ~5 rows (approximately)
DELETE FROM `fac_orders`;
/*!40000 ALTER TABLE `fac_orders` DISABLE KEYS */;
INSERT INTO `fac_orders` (`idOrders`, `unh`, `bgmTipo`, `bgmNum`, `bgmFunc`, `aliCond`, `ftxCali`, `nadMs`, `rffMs`, `nadMr`, `rffMr`, `nadSu`, `rffSu`, `nadBy`, `rffBy`, `nadDp`, `rffDp`, `nadIv`, `rffIv`, `nadPr`, `rffPr`, `cux`, `moa79`, `cnt`, `unt`, `estado`, `idFormaPago`, `observaciones`) VALUES
	(1, 'null', '220', 'P1', '16', 'null', 'null', '24', 'null', '7', 'null', 'null', 'null', '24', 'null', 'null', 'null', 'null', 'null', 'null', 'null', 'EUR', '810', '1', 'null', 'L', 164, ''),
	(2, 'null', '220', 'P2', '16', 'null', 'null', '358', 'null', '7', 'null', 'null', 'null', '358', 'null', 'null', 'null', 'null', 'null', 'null', 'null', 'EUR', '48.440000000000005', '6', 'null', 'L', 413, ''),
	(3, 'null', '220', 'P3', '16', 'null', 'null', '189', 'null', '7', 'null', 'null', 'null', '189', 'null', 'null', 'null', 'null', 'null', 'null', 'null', 'EUR', '337.65', '4', 'null', 'L', 149, ''),
	(4, 'null', '220', 'P4', '16', 'null', 'null', '121', 'null', '7', 'null', 'null', 'null', '121', 'null', 'null', 'null', 'null', 'null', 'null', 'null', 'EUR', '150', '1', 'null', 'L', 238, ''),
	(5, 'null', '220', 'P5', '16', 'null', 'null', '16', 'null', '8', 'null', 'null', 'null', '16', 'null', 'null', 'null', 'null', 'null', 'null', 'null', 'EUR', '75.0', '1', 'null', 'R', 425, '');
/*!40000 ALTER TABLE `fac_orders` ENABLE KEYS */;


-- Dumping structure for table tierrina.fac_orders_compuesto
CREATE TABLE IF NOT EXISTS `fac_orders_compuesto` (
  `idOrder` bigint(20) NOT NULL DEFAULT '0',
  `idCompuestoDe` bigint(20) NOT NULL DEFAULT '0',
  `idLinea` bigint(20) NOT NULL DEFAULT '0',
  `idLoc` bigint(20) NOT NULL DEFAULT '0',
  PRIMARY KEY (`idOrder`,`idCompuestoDe`,`idLoc`,`idLinea`),
  KEY `FK_fac_orders_compuesto_fac_orders_2` (`idCompuestoDe`),
  CONSTRAINT `FK_fac_orders_compuesto_fac_orders` FOREIGN KEY (`idOrder`) REFERENCES `fac_orders` (`idOrders`),
  CONSTRAINT `FK_fac_orders_compuesto_fac_orders_2` FOREIGN KEY (`idCompuestoDe`) REFERENCES `fac_orders` (`idOrders`)
) ENGINE=InnoDB DEFAULT CHARSET=latin1 COLLATE=latin1_spanish_ci;

-- Dumping data for table tierrina.fac_orders_compuesto: ~0 rows (approximately)
DELETE FROM `fac_orders_compuesto`;
/*!40000 ALTER TABLE `fac_orders_compuesto` DISABLE KEYS */;
/*!40000 ALTER TABLE `fac_orders_compuesto` ENABLE KEYS */;


-- Dumping structure for table tierrina.fac_orders_dtm
CREATE TABLE IF NOT EXISTS `fac_orders_dtm` (
  `idOrders` bigint(20) DEFAULT NULL,
  `dtmFech` varchar(50) COLLATE latin1_spanish_ci DEFAULT NULL,
  `dtmForm` varchar(50) COLLATE latin1_spanish_ci DEFAULT NULL,
  `dtmFunc` varchar(50) COLLATE latin1_spanish_ci DEFAULT NULL
) ENGINE=InnoDB DEFAULT CHARSET=latin1 COLLATE=latin1_spanish_ci;

-- Dumping data for table tierrina.fac_orders_dtm: ~10 rows (approximately)
DELETE FROM `fac_orders_dtm`;
/*!40000 ALTER TABLE `fac_orders_dtm` DISABLE KEYS */;
INSERT INTO `fac_orders_dtm` (`idOrders`, `dtmFech`, `dtmForm`, `dtmFunc`) VALUES
	(1, '20130424', '102', '137'),
	(1, '20130424', '102', '2'),
	(2, '20130424', '102', '137'),
	(2, '20130426', '102', '2'),
	(3, '20130424', '102', '137'),
	(3, '20130424', '102', '2'),
	(4, '20130424', '102', '137'),
	(4, '20130425', '102', '2'),
	(5, '20130424', '102', '137'),
	(5, '20130424', '102', '2');
/*!40000 ALTER TABLE `fac_orders_dtm` ENABLE KEYS */;


-- Dumping structure for table tierrina.fac_orders_estados
CREATE TABLE IF NOT EXISTS `fac_orders_estados` (
  `idEstado` char(1) COLLATE latin1_spanish_ci NOT NULL DEFAULT 'R',
  `nombre` varchar(50) COLLATE latin1_spanish_ci NOT NULL DEFAULT '',
  `descripcion` varchar(200) COLLATE latin1_spanish_ci NOT NULL DEFAULT '',
  `factura` char(1) COLLATE latin1_spanish_ci NOT NULL DEFAULT 'N',
  PRIMARY KEY (`idEstado`)
) ENGINE=InnoDB DEFAULT CHARSET=latin1 COLLATE=latin1_spanish_ci;

-- Dumping data for table tierrina.fac_orders_estados: ~12 rows (approximately)
DELETE FROM `fac_orders_estados`;
/*!40000 ALTER TABLE `fac_orders_estados` DISABLE KEYS */;
INSERT INTO `fac_orders_estados` (`idEstado`, `nombre`, `descripcion`, `factura`) VALUES
	('0', 'Cobrada', 'Factura cobrada', 'S'),
	('1', 'Entrega confirmada', 'Factura emitida con confirmación de entrega del albarán', 'S'),
	('2', 'Sin entrega confirmada', 'Factura emitida pendiente de entrega del albarán', 'S'),
	('3', 'No emitida', 'Factura no emitida', 'S'),
	('4', 'En cuotas', 'Factura dividida en cuotas', 'S'),
	('A', 'Aceptado', 'Pedido aceptado', 'N'),
	('E', 'Entregado', 'Albarán entregado', 'N'),
	('L', 'Listo', 'Pedido listo. Se ha generado un albarán', 'N'),
	('N', 'Rechazado', 'Pedido rechazado', 'N'),
	('P', 'Preparado', 'Albarán preparado para entregar', 'N'),
	('R', 'Recibido', 'Pedido recibido', 'N'),
	('X', 'Eliminado', 'Pedido eliminado', 'N');
/*!40000 ALTER TABLE `fac_orders_estados` ENABLE KEYS */;


-- Dumping structure for table tierrina.fac_orders_imd
CREATE TABLE IF NOT EXISTS `fac_orders_imd` (
  `idOrders` bigint(20) DEFAULT NULL,
  `idLin` bigint(20) NOT NULL DEFAULT '0',
  `imdTipo` varchar(50) COLLATE latin1_spanish_ci DEFAULT NULL,
  `imdCara` varchar(50) COLLATE latin1_spanish_ci DEFAULT NULL,
  `imdDesc` varchar(50) COLLATE latin1_spanish_ci DEFAULT NULL,
  `imdDescCod` varchar(50) COLLATE latin1_spanish_ci DEFAULT NULL
) ENGINE=InnoDB DEFAULT CHARSET=latin1 COLLATE=latin1_spanish_ci;

-- Dumping data for table tierrina.fac_orders_imd: ~13 rows (approximately)
DELETE FROM `fac_orders_imd`;
/*!40000 ALTER TABLE `fac_orders_imd` DISABLE KEYS */;
INSERT INTO `fac_orders_imd` (`idOrders`, `idLin`, `imdTipo`, `imdCara`, `imdDesc`, `imdDescCod`) VALUES
	(1, 48436016095202, 'F', 'DSC', 'ALUBIAS FABADA GRANJA I-PRIMERA (25 KG)', 'null'),
	(2, 8436016090094, 'F', 'DSC', 'Estuche Faba Asturiana Den. Origen 500 g. "Tierrin', 'null'),
	(2, 18436016090084, 'F', 'DSC', 'Caja Expositor  Faba Asturiana D.O. 12 Uds. x 1 Kg', 'null'),
	(2, 8436016090100, 'F', 'DSC', 'Estuche faba verdina "Tierrina Vaqueira"- 500 gr', 'null'),
	(2, 8436016098038, 'F', 'DSC', 'Chorizo Extra', 'null'),
	(2, 8436016098045, 'F', 'DSC', 'Morcilla Extra', 'null'),
	(2, 8436016097000, 'F', 'DSC', 'Faba Fresca - Extra - . Bolsa Plástica 1 kg', 'null'),
	(3, 8436016094405, 'F', 'DSC', 'Garbanzo Pedrosillano Nacional- saco 15 Kg. PV', 'null'),
	(3, 38436016095403, 'F', 'DSC', 'ALUBIAS FABADA GRANJA NACIONAL- EXTRA (15 KG)', 'null'),
	(3, 8436016094153, 'F', 'DSC', 'ALUBIA CANELA saco 15 Kg. PV', 'null'),
	(3, 28436016095908, 'F', 'DSC', 'Faba Verdina Asturiana - Extra - Saco 15kg.', 'null'),
	(4, 18436016097014, 'F', 'DSC', 'Faba Fresca - Extra - "Tierrina Vaqueira" Caja Car', 'null'),
	(5, 18436016097014, 'F', 'DSC', 'Agrupación Faba Fresca - Extra - Caja 10 kg. 2.5 x', 'null');
/*!40000 ALTER TABLE `fac_orders_imd` ENABLE KEYS */;


-- Dumping structure for table tierrina.fac_orders_lin
CREATE TABLE IF NOT EXISTS `fac_orders_lin` (
  `idOrders` bigint(20) DEFAULT NULL,
  `idLin` bigint(20) NOT NULL DEFAULT '0',
  `linNum` varchar(50) COLLATE latin1_spanish_ci DEFAULT NULL,
  `piaNumSA` varchar(50) COLLATE latin1_spanish_ci DEFAULT NULL,
  `piaNumIN` varchar(50) COLLATE latin1_spanish_ci DEFAULT NULL,
  `imdTipo` varchar(50) COLLATE latin1_spanish_ci DEFAULT NULL,
  `imdCara` varchar(50) COLLATE latin1_spanish_ci DEFAULT NULL,
  `imdDesc` varchar(50) COLLATE latin1_spanish_ci DEFAULT NULL,
  `imdDescCod` varchar(50) COLLATE latin1_spanish_ci DEFAULT NULL,
  `qty21Cant` varchar(50) COLLATE latin1_spanish_ci DEFAULT NULL,
  `kilos` double(10,2) NOT NULL DEFAULT '0.00',
  `qty59Cant` varchar(50) COLLATE latin1_spanish_ci DEFAULT NULL,
  `moa203` varchar(50) COLLATE latin1_spanish_ci DEFAULT NULL,
  `priAaa` varchar(50) COLLATE latin1_spanish_ci DEFAULT NULL,
  `priAab` varchar(50) COLLATE latin1_spanish_ci DEFAULT NULL,
  `priInf` varchar(50) COLLATE latin1_spanish_ci DEFAULT NULL,
  `observaciones` varchar(100) COLLATE latin1_spanish_ci DEFAULT '',
  `lineaProcesada` char(1) COLLATE latin1_spanish_ci DEFAULT 'N'
) ENGINE=InnoDB DEFAULT CHARSET=latin1 COLLATE=latin1_spanish_ci;

-- Dumping data for table tierrina.fac_orders_lin: ~13 rows (approximately)
DELETE FROM `fac_orders_lin`;
/*!40000 ALTER TABLE `fac_orders_lin` DISABLE KEYS */;
INSERT INTO `fac_orders_lin` (`idOrders`, `idLin`, `linNum`, `piaNumSA`, `piaNumIN`, `imdTipo`, `imdCara`, `imdDesc`, `imdDescCod`, `qty21Cant`, `kilos`, `qty59Cant`, `moa203`, `priAaa`, `priAab`, `priInf`, `observaciones`, `lineaProcesada`) VALUES
	(1, 167, '1', '167', 'null', NULL, NULL, NULL, NULL, '12', 300.00, '12', '810', '2.70', 'null', 'null', '', 'N'),
	(2, 114, '1', '114', 'null', NULL, NULL, NULL, NULL, '1', 0.50, '1', '6.63', '6.63', 'null', 'null', '', 'N'),
	(2, 72, '6', '72', 'null', NULL, NULL, NULL, NULL, '1', 12.00, '1', '11.99', '0.999', 'null', 'null', '', 'N'),
	(2, 141, '2', '141', 'null', NULL, NULL, NULL, NULL, '1', 0.50, '1', '6.63', '6.63', 'null', 'null', '', 'N'),
	(2, 206, '3', '206', 'null', NULL, NULL, NULL, NULL, '2', 1.00, '2', '10.56', '5.28', 'null', 'null', '', 'N'),
	(2, 207, '4', '207', 'null', NULL, NULL, NULL, NULL, '1', 0.35, '1', '2.47', '2.47', 'null', 'null', '', 'N'),
	(2, 66, '5', '66', 'null', NULL, NULL, NULL, NULL, '1', 1.00, '1', '10.16', '10.16', 'null', 'null', '', 'N'),
	(3, 100, '1', '100', 'null', NULL, NULL, NULL, NULL, '1', 15.00, '1', '18.75', '1.25', 'null', 'null', '', 'N'),
	(3, 175, '2', '175', 'null', NULL, NULL, NULL, NULL, '2', 30.00, '2', '149.4', '4.98', 'null', 'null', '', 'N'),
	(3, 82, '3', '82', 'null', NULL, NULL, NULL, NULL, '2', 30.00, '2', '57', '1.90', 'null', 'null', '', 'N'),
	(3, 57, '4', '57', 'null', NULL, NULL, NULL, NULL, '1', 15.00, '1', '112.5', '7.50', 'null', 'null', '', 'N'),
	(4, 67, '1', '67', 'null', NULL, NULL, NULL, NULL, '2', 20.00, '2', '150', '18.75', 'null', 'null', '', 'N'),
	(5, 67, '1', '67', 'null', NULL, NULL, NULL, NULL, '4.0', 0.00, '4.0', '75.0', '18.75', 'null', 'null', 'null', 'N');
/*!40000 ALTER TABLE `fac_orders_lin` ENABLE KEYS */;


-- Dumping structure for table tierrina.fac_orders_loc
CREATE TABLE IF NOT EXISTS `fac_orders_loc` (
  `idOrders` varchar(50) COLLATE latin1_spanish_ci DEFAULT NULL,
  `idLin` varchar(50) COLLATE latin1_spanish_ci DEFAULT NULL,
  `idLoc` varchar(50) COLLATE latin1_spanish_ci DEFAULT NULL,
  `qty` varchar(50) COLLATE latin1_spanish_ci DEFAULT NULL,
  `localizacionProcesada` char(1) COLLATE latin1_spanish_ci NOT NULL DEFAULT 'N'
) ENGINE=InnoDB DEFAULT CHARSET=latin1 COLLATE=latin1_spanish_ci;

-- Dumping data for table tierrina.fac_orders_loc: ~13 rows (approximately)
DELETE FROM `fac_orders_loc`;
/*!40000 ALTER TABLE `fac_orders_loc` DISABLE KEYS */;
INSERT INTO `fac_orders_loc` (`idOrders`, `idLin`, `idLoc`, `qty`, `localizacionProcesada`) VALUES
	('1', '1', '163', '1', 'N'),
	('2', '1', '350', '1', 'N'),
	('2', '6', '350', '1', 'N'),
	('2', '2', '350', '1', 'N'),
	('2', '3', '350', '1', 'N'),
	('2', '4', '350', '1', 'N'),
	('2', '5', '350', '1', 'N'),
	('3', '1', '153', '1', 'N'),
	('3', '2', '153', '1', 'N'),
	('3', '3', '153', '1', 'N'),
	('3', '4', '153', '1', 'N'),
	('4', '1', '75', '1', 'N'),
	('5', '1', '7', '1.0', 'N');
/*!40000 ALTER TABLE `fac_orders_loc` ENABLE KEYS */;


-- Dumping structure for table tierrina.familia
CREATE TABLE IF NOT EXISTS `familia` (
  `idFamilia` bigint(20) NOT NULL AUTO_INCREMENT,
  `descripcion` varchar(255) DEFAULT NULL,
  `stock` bigint(20) DEFAULT NULL,
  `stockMinimo` bigint(20) DEFAULT NULL,
  `familiaPadre_idFamilia` bigint(20) DEFAULT NULL,
  PRIMARY KEY (`idFamilia`),
  KEY `FKEA3E9B6DCCE7DA79` (`familiaPadre_idFamilia`)
) ENGINE=MyISAM AUTO_INCREMENT=6 DEFAULT CHARSET=latin1;

-- Dumping data for table tierrina.familia: 5 rows
DELETE FROM `familia`;
/*!40000 ALTER TABLE `familia` DISABLE KEYS */;
INSERT INTO `familia` (`idFamilia`, `descripcion`, `stock`, `stockMinimo`, `familiaPadre_idFamilia`) VALUES
	(1, 'Legumbres', 0, 0, NULL),
	(2, 'Especias', 0, 0, NULL),
	(3, 'Preparado', 0, 0, NULL),
	(4, 'Especias', 0, 0, NULL),
	(5, 'Otros', 0, 0, NULL);
/*!40000 ALTER TABLE `familia` ENABLE KEYS */;


-- Dumping structure for table tierrina.formapago
CREATE TABLE IF NOT EXISTS `formapago` (
  `idFormaPago` bigint(20) NOT NULL DEFAULT '0',
  `descripcion` varchar(50) COLLATE latin1_spanish_ci DEFAULT NULL,
  PRIMARY KEY (`idFormaPago`)
) ENGINE=InnoDB DEFAULT CHARSET=latin1 COLLATE=latin1_spanish_ci;

-- Dumping data for table tierrina.formapago: ~13 rows (approximately)
DELETE FROM `formapago`;
/*!40000 ALTER TABLE `formapago` DISABLE KEYS */;
INSERT INTO `formapago` (`idFormaPago`, `descripcion`) VALUES
	(0, ' No aplica'),
	(1, 'Efectivo'),
	(2, 'Cheque'),
	(3, 'Letra'),
	(6, 'Abono bancario'),
	(7, 'Cargo bancario'),
	(8, 'Transferencia bancaria'),
	(9, 'Pagaré'),
	(10, 'Compensación de deuda'),
	(11, 'Confirming'),
	(12, 'Contado'),
	(13, 'Reembolso'),
	(14, 'Pago anticipado');
/*!40000 ALTER TABLE `formapago` ENABLE KEYS */;


-- Dumping structure for table tierrina.formapago_desde
CREATE TABLE IF NOT EXISTS `formapago_desde` (
  `idFormaPagoDesde` bigint(20) NOT NULL AUTO_INCREMENT,
  `descripcion` varchar(100) COLLATE latin1_spanish_ci DEFAULT '',
  PRIMARY KEY (`idFormaPagoDesde`)
) ENGINE=InnoDB AUTO_INCREMENT=4 DEFAULT CHARSET=latin1 COLLATE=latin1_spanish_ci;

-- Dumping data for table tierrina.formapago_desde: ~3 rows (approximately)
DELETE FROM `formapago_desde`;
/*!40000 ALTER TABLE `formapago_desde` DISABLE KEYS */;
INSERT INTO `formapago_desde` (`idFormaPagoDesde`, `descripcion`) VALUES
	(1, 'entrega'),
	(2, 'factura'),
	(3, 'entrega y facturación');
/*!40000 ALTER TABLE `formapago_desde` ENABLE KEYS */;


-- Dumping structure for table tierrina.formatoentrega
CREATE TABLE IF NOT EXISTS `formatoentrega` (
  `idFormatoEntrega` bigint(20) NOT NULL DEFAULT '0',
  `descripcion` varchar(20) DEFAULT NULL,
  PRIMARY KEY (`idFormatoEntrega`)
) ENGINE=MyISAM DEFAULT CHARSET=latin1;

-- Dumping data for table tierrina.formatoentrega: 5 rows
DELETE FROM `formatoentrega`;
/*!40000 ALTER TABLE `formatoentrega` DISABLE KEYS */;
INSERT INTO `formatoentrega` (`idFormatoEntrega`, `descripcion`) VALUES
	(1, 'No paletizado/Sacos'),
	(2, 'Pallet Europeo'),
	(3, 'Pallet Americano'),
	(4, 'Big Bag'),
	(5, 'Otros');
/*!40000 ALTER TABLE `formatoentrega` ENABLE KEYS */;


-- Dumping structure for table tierrina.gestionproduccion
CREATE TABLE IF NOT EXISTS `gestionproduccion` (
  `idGestionProduccion` bigint(20) NOT NULL DEFAULT '0',
  `idProducto` bigint(20) DEFAULT NULL,
  `proceso` varchar(50) COLLATE latin1_spanish_ci DEFAULT NULL,
  `orden` varchar(20) COLLATE latin1_spanish_ci DEFAULT NULL,
  `codigoEntrada` varchar(20) COLLATE latin1_spanish_ci DEFAULT NULL,
  `fecha` date DEFAULT NULL,
  `habilitado` set('S','N') COLLATE latin1_spanish_ci DEFAULT 'S',
  `horainicio` varchar(50) COLLATE latin1_spanish_ci DEFAULT NULL,
  `horafin` varchar(50) COLLATE latin1_spanish_ci DEFAULT NULL,
  `cantidadprod` double(10,2) DEFAULT NULL,
  `mermasIngredientes` double(8,2) DEFAULT NULL,
  `usuarioResponsable` varchar(20) COLLATE latin1_spanish_ci DEFAULT NULL,
  `notasincidencias` varchar(200) COLLATE latin1_spanish_ci DEFAULT NULL,
  `notasinstrucciones` varchar(200) COLLATE latin1_spanish_ci DEFAULT NULL,
  `observaciones` varchar(200) COLLATE latin1_spanish_ci DEFAULT NULL,
  `estadoproceso` char(1) COLLATE latin1_spanish_ci DEFAULT NULL,
  PRIMARY KEY (`idGestionProduccion`),
  KEY `idProducto` (`idProducto`)
) ENGINE=InnoDB DEFAULT CHARSET=latin1 COLLATE=latin1_spanish_ci;

-- Dumping data for table tierrina.gestionproduccion: ~0 rows (approximately)
DELETE FROM `gestionproduccion`;
/*!40000 ALTER TABLE `gestionproduccion` DISABLE KEYS */;
/*!40000 ALTER TABLE `gestionproduccion` ENABLE KEYS */;


-- Dumping structure for table tierrina.gestion_produccion_cribado
CREATE TABLE IF NOT EXISTS `gestion_produccion_cribado` (
  `idGestionProduccion` bigint(20) NOT NULL DEFAULT '0',
  `orden` varchar(20) NOT NULL DEFAULT '',
  `idCodigoEntradaProducto` varchar(20) NOT NULL DEFAULT '',
  `idProducto` bigint(20) DEFAULT NULL,
  PRIMARY KEY (`idGestionProduccion`,`idCodigoEntradaProducto`,`orden`)
) ENGINE=MyISAM DEFAULT CHARSET=latin1;

-- Dumping data for table tierrina.gestion_produccion_cribado: 0 rows
DELETE FROM `gestion_produccion_cribado`;
/*!40000 ALTER TABLE `gestion_produccion_cribado` DISABLE KEYS */;
/*!40000 ALTER TABLE `gestion_produccion_cribado` ENABLE KEYS */;


-- Dumping structure for table tierrina.gestion_produccion_desgranado
CREATE TABLE IF NOT EXISTS `gestion_produccion_desgranado` (
  `idGestionProduccion` bigint(20) NOT NULL DEFAULT '0',
  `orden` varchar(20) DEFAULT NULL,
  `idCodigoEntradaProducto` varchar(20) DEFAULT NULL,
  `idProducto` bigint(20) DEFAULT NULL,
  PRIMARY KEY (`idGestionProduccion`)
) ENGINE=MyISAM DEFAULT CHARSET=latin1;

-- Dumping data for table tierrina.gestion_produccion_desgranado: 0 rows
DELETE FROM `gestion_produccion_desgranado`;
/*!40000 ALTER TABLE `gestion_produccion_desgranado` DISABLE KEYS */;
/*!40000 ALTER TABLE `gestion_produccion_desgranado` ENABLE KEYS */;


-- Dumping structure for table tierrina.gestion_produccion_envasado
CREATE TABLE IF NOT EXISTS `gestion_produccion_envasado` (
  `orden` varchar(20) DEFAULT NULL,
  `idGestionProduccion` varchar(20) DEFAULT NULL,
  `idGestionProduccionEnvasado` bigint(20) NOT NULL AUTO_INCREMENT,
  `codigoEntradaIngredientes` varchar(20) DEFAULT NULL,
  `idIngredientes` bigint(20) DEFAULT NULL,
  `cantidadIngredientes` bigint(20) DEFAULT NULL,
  `cantidadUsadaIngredientes` bigint(20) DEFAULT NULL,
  `mermaIngredientes` bigint(20) DEFAULT NULL,
  `codigoEntradaEnvases` varchar(20) DEFAULT NULL,
  `idEnvases` bigint(20) DEFAULT NULL,
  `cantidadEnvases` bigint(20) DEFAULT NULL,
  `cantidadUsadaEnvases` bigint(20) DEFAULT NULL,
  `mermaEnvases` bigint(20) DEFAULT NULL,
  PRIMARY KEY (`idGestionProduccionEnvasado`)
) ENGINE=MyISAM DEFAULT CHARSET=latin1;

-- Dumping data for table tierrina.gestion_produccion_envasado: 0 rows
DELETE FROM `gestion_produccion_envasado`;
/*!40000 ALTER TABLE `gestion_produccion_envasado` DISABLE KEYS */;
/*!40000 ALTER TABLE `gestion_produccion_envasado` ENABLE KEYS */;


-- Dumping structure for table tierrina.gestion_produccion_registroactividad
CREATE TABLE IF NOT EXISTS `gestion_produccion_registroactividad` (
  `idRegistro` bigint(20) NOT NULL AUTO_INCREMENT,
  `idOrden` bigint(20) DEFAULT NULL,
  `horaInicio` datetime DEFAULT NULL,
  `horaFin` datetime DEFAULT NULL,
  `responsable` varchar(20) DEFAULT NULL,
  `observaciones` varchar(150) DEFAULT NULL,
  PRIMARY KEY (`idRegistro`)
) ENGINE=MyISAM DEFAULT CHARSET=latin1;

-- Dumping data for table tierrina.gestion_produccion_registroactividad: 0 rows
DELETE FROM `gestion_produccion_registroactividad`;
/*!40000 ALTER TABLE `gestion_produccion_registroactividad` DISABLE KEYS */;
/*!40000 ALTER TABLE `gestion_produccion_registroactividad` ENABLE KEYS */;


-- Dumping structure for table tierrina.gp_congelado
CREATE TABLE IF NOT EXISTS `gp_congelado` (
  `orden` varchar(20) COLLATE latin1_spanish_ci NOT NULL DEFAULT '',
  `codigoEntrada` varchar(20) COLLATE latin1_spanish_ci NOT NULL DEFAULT '',
  `cantidadDisponible` double(10,2) DEFAULT NULL,
  `cantidadUsable` double(10,2) DEFAULT NULL,
  `mermaProducto` double(10,2) DEFAULT NULL,
  `descripcion` varchar(100) COLLATE latin1_spanish_ci DEFAULT NULL,
  PRIMARY KEY (`codigoEntrada`,`orden`)
) ENGINE=InnoDB DEFAULT CHARSET=latin1 COLLATE=latin1_spanish_ci;

-- Dumping data for table tierrina.gp_congelado: ~0 rows (approximately)
DELETE FROM `gp_congelado`;
/*!40000 ALTER TABLE `gp_congelado` DISABLE KEYS */;
/*!40000 ALTER TABLE `gp_congelado` ENABLE KEYS */;


-- Dumping structure for table tierrina.gp_congelado_ubicacion
CREATE TABLE IF NOT EXISTS `gp_congelado_ubicacion` (
  `orden` varchar(20) COLLATE latin1_spanish_ci NOT NULL DEFAULT '',
  `codigoEntrada` varchar(20) COLLATE latin1_spanish_ci NOT NULL DEFAULT '',
  `idHueco` bigint(20) NOT NULL DEFAULT '0',
  `idHuecoNuevo` bigint(20) DEFAULT NULL,
  `cantidad` double(8,2) NOT NULL DEFAULT '0.00',
  PRIMARY KEY (`orden`,`codigoEntrada`,`idHueco`)
) ENGINE=InnoDB DEFAULT CHARSET=latin1 COLLATE=latin1_spanish_ci ROW_FORMAT=DYNAMIC;

-- Dumping data for table tierrina.gp_congelado_ubicacion: ~0 rows (approximately)
DELETE FROM `gp_congelado_ubicacion`;
/*!40000 ALTER TABLE `gp_congelado_ubicacion` DISABLE KEYS */;
/*!40000 ALTER TABLE `gp_congelado_ubicacion` ENABLE KEYS */;


-- Dumping structure for table tierrina.gp_cribado
CREATE TABLE IF NOT EXISTS `gp_cribado` (
  `idGestionProduccion` bigint(20) NOT NULL DEFAULT '0',
  `orden` varchar(20) COLLATE latin1_spanish_ci NOT NULL DEFAULT '',
  `idCodigoEntradaProducto` varchar(20) COLLATE latin1_spanish_ci NOT NULL DEFAULT '',
  `idProducto` bigint(20) DEFAULT NULL,
  `cantidadUsable` double(10,2) DEFAULT NULL,
  `mermaProducto` double(10,2) NOT NULL DEFAULT '0.00',
  PRIMARY KEY (`idGestionProduccion`,`idCodigoEntradaProducto`,`orden`)
) ENGINE=InnoDB DEFAULT CHARSET=latin1 COLLATE=latin1_spanish_ci;

-- Dumping data for table tierrina.gp_cribado: ~0 rows (approximately)
DELETE FROM `gp_cribado`;
/*!40000 ALTER TABLE `gp_cribado` DISABLE KEYS */;
/*!40000 ALTER TABLE `gp_cribado` ENABLE KEYS */;


-- Dumping structure for table tierrina.gp_desgranado
CREATE TABLE IF NOT EXISTS `gp_desgranado` (
  `idGestionProduccion` bigint(20) NOT NULL AUTO_INCREMENT,
  `orden` varchar(20) COLLATE latin1_spanish_ci DEFAULT NULL,
  `codigoEntrada` varchar(20) COLLATE latin1_spanish_ci DEFAULT NULL,
  `idProducto` bigint(20) DEFAULT NULL,
  `cantidadUsable` decimal(10,2) DEFAULT NULL,
  `mermaProducto` decimal(10,2) DEFAULT NULL,
  PRIMARY KEY (`idGestionProduccion`)
) ENGINE=InnoDB DEFAULT CHARSET=latin1 COLLATE=latin1_spanish_ci;

-- Dumping data for table tierrina.gp_desgranado: ~0 rows (approximately)
DELETE FROM `gp_desgranado`;
/*!40000 ALTER TABLE `gp_desgranado` DISABLE KEYS */;
/*!40000 ALTER TABLE `gp_desgranado` ENABLE KEYS */;


-- Dumping structure for table tierrina.gp_envasado
CREATE TABLE IF NOT EXISTS `gp_envasado` (
  `idEnvasado` bigint(20) NOT NULL DEFAULT '0',
  `idProducto` bigint(20) NOT NULL DEFAULT '0',
  `orden` varchar(20) COLLATE latin1_spanish_ci DEFAULT NULL,
  `fecha` date DEFAULT NULL,
  `fechaCaducidad` date DEFAULT NULL,
  `lote` varchar(20) COLLATE latin1_spanish_ci DEFAULT NULL,
  `horainicio` datetime DEFAULT NULL,
  `horafin` datetime DEFAULT NULL,
  `cantidad` double(8,2) DEFAULT NULL,
  `mermasMP` double(8,2) DEFAULT NULL,
  `mermasEN` double(8,2) DEFAULT NULL,
  `usuarioResponsable` varchar(20) COLLATE latin1_spanish_ci DEFAULT NULL,
  `observaciones` varchar(200) COLLATE latin1_spanish_ci DEFAULT NULL,
  `estadoproceso` char(1) COLLATE latin1_spanish_ci DEFAULT NULL,
  `habilitado` set('S','N') COLLATE latin1_spanish_ci DEFAULT 'S',
  `elaborado` double(8,2) DEFAULT '0.00',
  `precioCoste` double(8,2) DEFAULT '0.00',
  `ubicado` char(1) COLLATE latin1_spanish_ci NOT NULL DEFAULT 'N',
  PRIMARY KEY (`idEnvasado`)
) ENGINE=InnoDB DEFAULT CHARSET=latin1 COLLATE=latin1_spanish_ci;

-- Dumping data for table tierrina.gp_envasado: ~31 rows (approximately)
DELETE FROM `gp_envasado`;
/*!40000 ALTER TABLE `gp_envasado` DISABLE KEYS */;
INSERT INTO `gp_envasado` (`idEnvasado`, `idProducto`, `orden`, `fecha`, `fechaCaducidad`, `lote`, `horainicio`, `horafin`, `cantidad`, `mermasMP`, `mermasEN`, `usuarioResponsable`, `observaciones`, `estadoproceso`, `habilitado`, `elaborado`, `precioCoste`, `ubicado`) VALUES
	(1, 172, 'EN201304221', '2013-04-22', '2014-10-22', '03112001', '2013-04-22 10:36:41', '2013-04-22 10:37:09', 100.00, 0.00, 0.00, 'Maria', '', 'F', 'S', 100.00, 0.00, 'S'),
	(2, 172, 'EN201304222', '2013-04-22', '2014-10-22', '03112002', '2013-04-22 10:39:19', '2013-04-22 10:40:02', 100.00, 0.00, 0.00, 'Maria', '', 'F', 'S', 100.00, 0.00, 'S'),
	(3, 147, 'EN201304223', '2013-04-22', '2014-10-22', '03112003', '2013-04-22 10:51:09', '2013-04-22 10:53:43', 2475.00, 0.00, 0.00, 'Maria', '', 'F', 'S', 2475.00, 0.00, 'S'),
	(4, 148, 'EN201304224', '2013-04-22', '2014-10-22', '03112004', '2013-04-22 10:57:27', '2013-04-22 10:58:13', 550.00, 0.00, 0.00, 'Maria', '', 'F', 'S', 550.00, 0.00, 'S'),
	(5, 149, 'EN201304225', '2013-04-22', '2014-10-22', '03112005', '2013-04-22 11:00:22', '2013-04-22 11:00:52', 625.00, 0.00, 0.00, 'Maria', '', 'F', 'S', 625.00, 0.00, 'S'),
	(6, 147, 'EN201304226', '2013-04-22', '2014-10-22', '03112006', '2013-04-22 11:08:44', '2013-04-22 11:09:08', 10.00, 0.00, 0.00, 'Maria', '', 'F', 'S', 10.00, 0.00, 'S'),
	(7, 188, 'EN201304227', '2013-04-22', '2014-10-22', '03112007', '2013-04-22 11:21:00', '2013-04-22 11:21:26', 90.00, 0.00, 0.00, 'Maria', '', 'F', 'S', 90.00, 216.00, 'S'),
	(8, 172, 'EN201304228', '2013-04-22', '2014-10-22', '03112008', '2013-04-22 11:27:54', '2013-04-22 11:28:17', 50.00, 0.00, 0.00, 'Maria', '', 'F', 'S', 50.00, 0.00, 'S'),
	(9, 66, 'EN201304229', '2013-04-22', '2014-10-22', '03112009', '2013-04-22 11:53:55', '2013-04-22 11:54:23', 30.00, 0.00, 0.00, 'Maria', '', 'F', 'S', 30.00, 0.00, 'S'),
	(10, 8, 'EN2013042210', '2013-04-22', NULL, '03112010', '2013-04-22 11:59:40', NULL, 60.00, 0.00, 0.00, 'Maria', '', 'A', 'S', 0.00, 0.00, 'N'),
	(11, 8, 'EN2013042211', '2013-04-22', '2014-10-22', '03112011', '2013-04-22 12:01:21', '2013-04-22 12:01:40', 6.00, 0.00, 0.00, 'Maria', '', 'F', 'S', 6.00, 0.00, 'S'),
	(12, 29, 'EN2013042212', '2013-04-22', '2014-10-22', '03112012', '2013-04-22 12:14:27', '2013-04-22 12:14:54', 63.00, 0.00, 0.00, 'Maria', '', 'F', 'S', 63.00, 0.00, 'S'),
	(13, 147, 'EN2013042313', '2013-04-23', '2014-10-23', '03113001', '2013-04-23 11:53:21', '2013-04-23 11:56:00', 2450.00, 0.00, 0.00, 'Maria', '', 'F', 'S', 2450.00, 0.00, 'S'),
	(14, 150, 'EN2013042314', '2013-04-23', '2014-10-23', '03113002', '2013-04-23 12:01:22', '2013-04-23 12:01:47', 625.00, 0.00, 0.00, 'Maria', '', 'F', 'S', 625.00, 0.00, 'S'),
	(15, 147, 'EN2013042315', '2013-04-23', '2014-10-23', '03113003', '2013-04-23 12:04:18', '2013-04-23 12:04:51', 810.00, 0.00, 0.00, 'Maria', '', 'F', 'S', 810.00, 0.00, 'S'),
	(16, 29, 'EN2013042316', '2013-04-23', '2014-10-23', '03113004', '2013-04-23 12:08:54', '2013-04-23 12:09:25', 21.00, 0.00, 0.00, 'Maria', '', 'F', 'S', 21.00, 0.00, 'S'),
	(17, 141, 'EN2013042317', '2013-04-23', '2014-10-23', '03113005', '2013-04-23 12:11:47', '2013-04-23 12:12:20', 24.00, 0.00, 0.00, 'Maria', '', 'F', 'S', 24.00, 0.00, 'S'),
	(18, 141, 'EN2013042318', '2013-04-23', '2014-10-23', '03113006', '2013-04-23 12:14:31', '2013-04-23 12:14:50', 1.00, 0.00, 0.00, 'Maria', '', 'F', 'S', 1.00, 0.00, 'S'),
	(19, 114, 'EN2013042319', '2013-04-23', '2014-10-23', '03113007', '2013-04-23 12:17:00', '2013-04-23 12:17:19', 1.00, 0.00, 0.00, 'Maria', '', 'F', 'S', 1.00, 0.00, 'S'),
	(20, 1, 'EN2013042320', '2013-04-23', '2014-10-23', '03113008', '2013-04-23 12:18:33', '2013-04-23 12:18:58', 1.00, 0.00, 0.00, 'Maria', '', 'F', 'S', 1.00, 0.00, 'S'),
	(21, 66, 'EN2013042321', '2013-04-23', '2014-10-23', '03113009', '2013-04-23 12:30:18', '2013-04-23 12:30:42', 1.00, 0.00, 0.00, 'Maria', '', 'F', 'S', 1.00, 0.00, 'S'),
	(22, 172, 'EN2013042322', '2013-04-23', '2014-10-23', '03113010', '2013-04-23 12:52:19', '2013-04-23 12:52:52', 570.00, 0.00, 0.00, 'Maria', '', 'F', 'S', 570.00, 0.00, 'S'),
	(23, 114, 'EN2013042323', '2013-04-23', '2014-10-23', '03113011', '2013-04-23 13:18:44', '2013-04-23 13:19:16', 96.00, 0.00, 0.00, 'Maria', '', 'F', 'S', 96.00, 0.00, 'S'),
	(24, 1, 'EN2013042324', '2013-04-23', '2014-10-23', '03113012', '2013-04-23 13:20:32', '2013-04-23 13:20:58', 72.00, 0.00, 0.00, 'Maria', '', 'F', 'S', 72.00, 0.00, 'S'),
	(25, 149, 'EN2013042425', '2013-04-24', '2014-10-24', '03114001', '2013-04-24 09:13:37', '2013-04-24 09:14:03', 300.00, 0.00, 0.00, 'Maria', '', 'F', 'S', 300.00, 0.00, 'S'),
	(26, 177, 'EN2013042426', '2013-04-24', '2014-10-24', '03114002', '2013-04-24 09:59:35', '2013-04-24 09:59:59', 255.00, 0.00, 0.00, 'Maria', '', 'F', 'S', 255.00, 0.00, 'S'),
	(27, 64, 'EN2013042427', '2013-04-24', '2014-10-24', '03114003', '2013-04-24 10:26:20', '2013-04-24 10:26:47', 4.00, 0.00, 0.00, 'Maria', '', 'F', 'S', 4.00, 0.00, 'S'),
	(28, 6, 'EN2013042428', '2013-04-24', '2014-10-24', '03114004', '2013-04-24 10:41:34', '2013-04-24 10:41:59', 300.00, 0.00, 0.00, 'Maria', '', 'F', 'S', 300.00, 0.00, 'S'),
	(29, 188, 'EN2013042429', '2013-04-24', '2014-10-24', '03114005', '2013-04-24 11:44:16', '2013-04-24 11:44:41', 45.00, 0.00, 0.00, 'Maria', '', 'F', 'S', 45.00, 108.00, 'S'),
	(30, 172, 'EN2013042430', '2013-04-25', '2014-10-24', '03115001', '2013-04-24 12:24:22', '2013-04-24 12:25:00', 25.00, 0.00, 0.00, 'Maria', '', 'F', 'S', 25.00, 0.00, 'S'),
	(31, 64, 'EN2013042431', '2013-04-24', '2014-10-24', '03114006', '2013-04-24 13:19:51', '2013-04-24 13:20:43', 8.00, 0.00, 0.00, 'Maria', '', 'F', 'S', 8.00, 0.00, 'S');
/*!40000 ALTER TABLE `gp_envasado` ENABLE KEYS */;


-- Dumping structure for table tierrina.gp_envasado_agrupacion
CREATE TABLE IF NOT EXISTS `gp_envasado_agrupacion` (
  `ordenEnvasado` varchar(50) COLLATE latin1_spanish_ci NOT NULL DEFAULT '',
  `idAgrupacion` bigint(20) NOT NULL DEFAULT '0',
  `registroEntrada` varchar(50) COLLATE latin1_spanish_ci NOT NULL DEFAULT '0',
  `elaborado` double NOT NULL DEFAULT '0',
  PRIMARY KEY (`ordenEnvasado`,`idAgrupacion`,`registroEntrada`)
) ENGINE=InnoDB DEFAULT CHARSET=latin1 COLLATE=latin1_spanish_ci;

-- Dumping data for table tierrina.gp_envasado_agrupacion: ~31 rows (approximately)
DELETE FROM `gp_envasado_agrupacion`;
/*!40000 ALTER TABLE `gp_envasado_agrupacion` DISABLE KEYS */;
INSERT INTO `gp_envasado_agrupacion` (`ordenEnvasado`, `idAgrupacion`, `registroEntrada`, `elaborado`) VALUES
	('EN201304221', 176, '0', 4),
	('EN2013042210', -1, '0', 0),
	('EN2013042211', -1, '0', 0),
	('EN2013042212', 113, '0', 3),
	('EN201304222', 176, '0', 4),
	('EN201304223', 156, '0', 99),
	('EN201304224', 163, '0', 22),
	('EN201304225', 167, '0', 25),
	('EN201304226', 158, '0', 1),
	('EN201304227', 76, '0', 6),
	('EN201304228', 176, '0', 2),
	('EN201304229', 50, '0', 3),
	('EN2013042313', 156, '0', 98),
	('EN2013042314', 171, '0', 25),
	('EN2013042315', 159, '0', 54),
	('EN2013042316', 113, '0', 1),
	('EN2013042317', 142, '0', 1),
	('EN2013042318', -1, '0', 0),
	('EN2013042319', -1, '0', 0),
	('EN2013042320', 72, '0', 1),
	('EN2013042321', -1, '0', 0),
	('EN2013042322', 175, '0', 38),
	('EN2013042323', 73, '0', 4),
	('EN2013042324', 72, '0', 6),
	('EN2013042425', 167, '0', 12),
	('EN2013042426', 57, '0', 17),
	('EN2013042427', 67, '0', 1),
	('EN2013042428', 71, '0', 30),
	('EN2013042429', 76, '0', 3),
	('EN2013042430', 176, '0', 1),
	('EN2013042431', 67, '0', 2);
/*!40000 ALTER TABLE `gp_envasado_agrupacion` ENABLE KEYS */;


-- Dumping structure for table tierrina.gp_envasado_detalle
CREATE TABLE IF NOT EXISTS `gp_envasado_detalle` (
  `idLinea` bigint(20) NOT NULL AUTO_INCREMENT,
  `idTipoRegistro` set('E','M','P','A') COLLATE latin1_spanish_ci DEFAULT NULL,
  `orden` varchar(20) COLLATE latin1_spanish_ci DEFAULT NULL,
  `codigoEntrada` varchar(20) COLLATE latin1_spanish_ci DEFAULT NULL,
  `idProducto` bigint(20) DEFAULT NULL,
  `cantidadDisponible` double(8,2) DEFAULT NULL,
  `cantidadTeorica` double(8,2) DEFAULT NULL,
  `cantidadReal` double(8,2) DEFAULT NULL,
  `mermaProducto` double(8,2) DEFAULT NULL,
  `descripcion` varchar(100) COLLATE latin1_spanish_ci DEFAULT NULL,
  `idUbicacion` bigint(20) NOT NULL DEFAULT '0',
  PRIMARY KEY (`idLinea`)
) ENGINE=InnoDB AUTO_INCREMENT=909 DEFAULT CHARSET=latin1 COLLATE=latin1_spanish_ci;

-- Dumping data for table tierrina.gp_envasado_detalle: ~94 rows (approximately)
DELETE FROM `gp_envasado_detalle`;
/*!40000 ALTER TABLE `gp_envasado_detalle` DISABLE KEYS */;
INSERT INTO `gp_envasado_detalle` (`idLinea`, `idTipoRegistro`, `orden`, `codigoEntrada`, `idProducto`, `cantidadDisponible`, `cantidadTeorica`, `cantidadReal`, `mermaProducto`, `descripcion`, `idUbicacion`) VALUES
	(1, 'M', 'EN201304221', 'E130422-50', 0, 100.00, 100.00, 100.00, 0.00, '', 0),
	(2, 'E', 'EN201304221', 'E130420-40', 0, 100.00, 100.00, 0.00, 0.00, '', 0),
	(3, 'E', 'EN201304221', 'E130422-47', 0, 4.00, 4.00, 4.00, 0.00, '', 0),
	(4, 'M', 'EN201304222', 'E130420-29', 0, 100.00, 100.00, 100.00, 0.00, '', 0),
	(5, 'E', 'EN201304222', 'E130422-47', 0, 4.00, 4.00, 4.00, 0.00, '', 0),
	(6, 'E', 'EN201304222', 'E130420-40', 0, 100.00, 100.00, 0.00, 0.00, '', 0),
	(7, 'M', 'EN201304223', 'E130419-9', 0, 2475.00, 2475.00, 746.78, 0.00, '', 0),
	(8, 'E', 'EN201304223', 'E130420-40', 0, 2475.00, 2475.00, 0.00, 0.00, '', 0),
	(9, 'E', 'EN201304223', 'E130420-41', 0, 99.00, 99.00, 99.00, 0.00, '', 0),
	(10, 'M', 'EN201304224', 'E130420-21', 0, 550.00, 550.00, 44.00, 0.00, '', 0),
	(11, 'E', 'EN201304224', 'E130422-48', 0, 22.00, 22.00, 22.00, 0.00, '', 0),
	(12, 'E', 'EN201304224', 'E130420-40', 0, 550.00, 550.00, 0.00, 0.00, '', 0),
	(13, 'M', 'EN201304225', 'E130420-22', 0, 625.00, 625.00, 625.00, 0.00, '', 0),
	(14, 'E', 'EN201304225', 'E130422-48', 0, 25.00, 25.00, 25.00, 0.00, '', 0),
	(15, 'E', 'EN201304225', 'E130420-40', 0, 625.00, 625.00, 0.00, 0.00, '', 0),
	(16, 'M', 'EN201304226', 'E130419-9', 0, 10.00, 10.00, 10.00, 0.00, '', 0),
	(17, 'E', 'EN201304226', 'E130422-45', 0, 1.00, 1.00, 1.00, 0.00, '', 0),
	(18, 'E', 'EN201304226', 'E130420-40', 0, 10.00, 10.00, 0.00, 0.00, '', 0),
	(19, 'M', 'EN201304227', 'E130422-51', 0, 90.00, 90.00, 90.00, 0.00, '', 0),
	(20, 'E', 'EN201304227', 'E130420-40', 0, 90.00, 90.00, 0.00, 0.00, '', 0),
	(21, 'E', 'EN201304227', 'E130422-47', 0, 6.00, 6.00, 6.00, 0.00, '', 0),
	(22, 'M', 'EN201304228', 'E130422-53', 0, 50.00, 50.00, 50.00, 0.00, '', 0),
	(23, 'E', 'EN201304228', 'E130420-40', 0, 50.00, 50.00, 0.00, 0.00, '', 0),
	(24, 'E', 'EN201304228', 'E130422-47', 0, 2.00, 2.00, 2.00, 0.00, '', 0),
	(25, 'M', 'EN201304229', 'E130422-49', 0, 30.00, 30.00, 30.00, 0.00, '', 0),
	(26, 'E', 'EN201304229', 'E130422-57', 0, 30.00, 30.00, 30.00, 0.00, '', 0),
	(27, 'E', 'EN201304229', 'E130420-43', 0, 3.00, 3.00, 3.00, 0.00, '', 0),
	(28, 'M', 'EN2013042210', 'E130422-64', 0, 600.00, 600.00, NULL, 0.00, '', 0),
	(29, 'E', 'EN2013042210', 'E130422-44', 0, 60.00, 60.00, NULL, 0.00, '', 0),
	(30, 'M', 'EN2013042211', 'E130422-64', 0, 60.00, 60.00, 60.00, 0.00, '', 0),
	(31, 'E', 'EN2013042211', 'E130422-44', 0, 6.00, 6.00, 6.00, 0.00, '', 0),
	(32, 'M', 'EN2013042212', 'E130422-65', 0, 45.00, 45.00, 45.00, 0.00, '', 0),
	(33, 'E', 'EN2013042212', 'E130422-61', 0, 3.00, 3.00, 3.00, 0.00, '', 0),
	(34, 'E', 'EN2013042212', 'E130420-33', 0, 63.00, 63.00, 0.00, 0.00, '', 0),
	(35, 'M', 'EN2013042313', 'E130419-9', 0, 2450.00, 2450.00, 502.12, 0.00, '', 0),
	(36, 'E', 'EN2013042313', 'E130420-40', 0, 2450.00, 2450.00, 0.00, 0.00, '', 0),
	(37, 'E', 'EN2013042313', 'E130420-41', 0, 98.00, 98.00, 98.00, 0.00, '', 0),
	(38, 'M', 'EN2013042314', 'E130419-15', 0, 625.00, 625.00, 625.00, 0.00, '', 0),
	(39, 'E', 'EN2013042314', 'E130422-48', 0, 25.00, 25.00, 25.00, 0.00, '', 0),
	(40, 'E', 'EN2013042314', 'E130420-40', 0, 625.00, 625.00, 0.00, 0.00, '', 0),
	(41, 'M', 'EN2013042315', 'E130419-3', 0, 810.00, 810.00, 810.00, 0.00, '', 0),
	(42, 'E', 'EN2013042315', 'E130422-46', 0, 54.00, 54.00, 54.00, 0.00, '', 0),
	(43, 'E', 'EN2013042315', 'E130420-40', 0, 810.00, 810.00, 0.00, 0.00, '', 0),
	(44, 'M', 'EN2013042316', 'E130422-65', 0, 15.00, 15.00, 15.00, 0.00, '', 0),
	(45, 'E', 'EN2013042316', 'E130422-61', 0, 1.00, 1.00, 1.00, 0.00, '', 0),
	(46, 'E', 'EN2013042316', 'E130420-33', 0, 21.00, 21.00, 21.00, 0.00, '', 0),
	(47, 'M', 'EN2013042317', 'E130423-73', 0, 12.00, 12.00, 12.00, 0.00, '', 0),
	(48, 'E', 'EN2013042317', 'E130422-54', 0, 24.00, 24.00, 24.00, 0.00, '', 0),
	(49, 'E', 'EN2013042317', 'E130422-62', 0, 1.00, 1.00, 1.00, 0.00, '', 0),
	(50, 'E', 'EN2013042317', 'E130422-60', 0, 24.00, 24.00, 24.00, 0.00, '', 0),
	(51, 'M', 'EN2013042318', 'E130423-78', 0, 0.50, 0.50, 0.50, 0.00, '', 0),
	(52, 'E', 'EN2013042318', 'E130422-54', 0, 1.00, 1.00, 1.00, 0.00, '', 0),
	(53, 'E', 'EN2013042318', 'E130422-60', 0, 1.00, 1.00, 1.00, 0.00, '', 0),
	(54, 'M', 'EN2013042319', 'E130423-66', 0, 0.50, 0.50, 0.50, 0.00, '', 0),
	(55, 'E', 'EN2013042319', 'E130422-54', 0, 1.00, 1.00, 1.00, 0.00, '', 0),
	(56, 'E', 'EN2013042319', 'E130422-58', 0, 1.00, 1.00, 1.00, 0.00, '', 0),
	(57, 'M', 'EN2013042320', 'E130422-64', 0, 1.00, 1.00, 1.00, 0.00, '', 0),
	(58, 'E', 'EN2013042320', 'E130422-59', 0, 1.00, 1.00, 1.00, 0.00, '', 0),
	(59, 'E', 'EN2013042320', 'E130422-63', 0, 1.00, 1.00, 1.00, 0.00, '', 0),
	(60, 'E', 'EN2013042320', 'E130422-55', 0, 1.00, 1.00, 1.00, 0.00, '', 0),
	(61, 'M', 'EN2013042321', 'E130422-49', 0, 1.00, 1.00, 1.00, 0.00, '', 0),
	(62, 'E', 'EN2013042321', 'E130422-57', 0, 1.00, 1.00, 1.00, 0.00, '', 0),
	(63, 'M', 'EN2013042322', 'E130423-101', 0, 570.00, 570.00, 570.00, 0.00, '', 0),
	(64, 'E', 'EN2013042322', 'E130422-46', 0, 38.00, 38.00, 38.00, 0.00, '', 0),
	(65, 'E', 'EN2013042322', 'E130420-40', 0, 570.00, 570.00, 0.00, 0.00, '', 0),
	(66, 'M', 'EN2013042323', 'E130422-64', 0, 48.00, 48.00, 48.00, 0.00, '', 0),
	(67, 'E', 'EN2013042323', 'E130422-54', 0, 96.00, 96.00, 96.00, 0.00, '', 0),
	(68, 'E', 'EN2013042323', 'E130423-102', 0, 4.00, 4.00, 0.00, 0.00, '', 0),
	(69, 'E', 'EN2013042323', 'E130422-58', 0, 96.00, 96.00, 96.00, 0.00, '', 0),
	(70, 'M', 'EN2013042324', 'E130423-67', 0, 72.00, 72.00, 72.00, 0.00, '', 0),
	(71, 'E', 'EN2013042324', 'E130422-59', 0, 72.00, 72.00, 72.00, 0.00, '', 0),
	(72, 'E', 'EN2013042324', 'E130422-63', 0, 6.00, 6.00, 6.00, 0.00, '', 0),
	(73, 'E', 'EN2013042324', 'E130422-55', 0, 72.00, 72.00, 72.00, 0.00, '', 0),
	(74, 'M', 'EN2013042425', 'E130419-14', 0, 300.00, 300.00, 300.00, 0.00, '', 0),
	(75, 'E', 'EN2013042425', 'E130422-48', 0, 12.00, 12.00, 12.00, 0.00, '', 0),
	(76, 'E', 'EN2013042425', 'E130420-40', 0, 300.00, 300.00, 0.00, 0.00, '', 0),
	(77, 'M', 'EN2013042426', 'E130423-76', 0, 255.00, 255.00, 255.00, 0.00, '', 0),
	(78, 'E', 'EN2013042426', 'E130420-40', 0, 255.00, 255.00, 0.00, 0.00, '', 0),
	(79, 'E', 'EN2013042426', 'E130422-46', 0, 17.00, 17.00, 17.00, 0.00, '', 0),
	(80, 'M', 'EN2013042427', 'E130422-49', 0, 10.00, 10.00, 10.00, 0.00, '', 0),
	(81, 'E', 'EN2013042427', 'E130422-56', 0, 4.00, 4.00, 4.00, 0.00, '', 0),
	(82, 'E', 'EN2013042427', 'E130420-43', 0, 1.00, 1.00, 1.00, 0.00, '', 0),
	(83, 'M', 'EN2013042428', 'E130422-64', 0, 150.00, 150.00, 150.00, 0.00, '', 0),
	(84, 'E', 'EN2013042428', 'E130422-44', 0, 30.00, 30.00, 30.00, 0.00, '', 0),
	(85, 'E', 'EN2013042428', 'E130420-36', 0, 300.00, 300.00, 300.00, 0.00, '', 0),
	(86, 'M', 'EN2013042429', 'E130422-51', 0, 45.00, 45.00, 45.00, 0.00, '', 0),
	(87, 'E', 'EN2013042429', 'E130422-47', 0, 3.00, 3.00, 3.00, 0.00, '', 0),
	(88, 'E', 'EN2013042429', 'E130420-40', 0, 45.00, 45.00, 0.00, 0.00, '', 0),
	(89, 'M', 'EN2013042430', 'E130422-53', 0, 25.00, 25.00, 25.00, 0.00, '', 0),
	(90, 'E', 'EN2013042430', 'E130420-40', 0, 25.00, 25.00, 0.00, 0.00, '', 0),
	(91, 'E', 'EN2013042430', 'E130422-47', 0, 1.00, 1.00, 1.00, 0.00, '', 0),
	(92, 'M', 'EN2013042431', 'E130422-49', 0, 20.00, 20.00, 20.00, 0.00, '', 0),
	(93, 'E', 'EN2013042431', 'E130422-56', 0, 8.00, 8.00, 8.00, 0.00, '', 0),
	(94, 'E', 'EN2013042431', 'E130420-43', 0, 2.00, 2.00, 2.00, 0.00, '', 0);
/*!40000 ALTER TABLE `gp_envasado_detalle` ENABLE KEYS */;


-- Dumping structure for table tierrina.gp_envasado_registroactividad
CREATE TABLE IF NOT EXISTS `gp_envasado_registroactividad` (
  `idRegistro` bigint(20) NOT NULL AUTO_INCREMENT,
  `idOrden` varchar(20) DEFAULT NULL,
  `horaInicio` datetime DEFAULT NULL,
  `horaFin` datetime DEFAULT NULL,
  `responsable` varchar(20) DEFAULT NULL,
  `observaciones` varchar(150) DEFAULT NULL,
  PRIMARY KEY (`idRegistro`)
) ENGINE=MyISAM AUTO_INCREMENT=1055 DEFAULT CHARSET=latin1 ROW_FORMAT=DYNAMIC;

-- Dumping data for table tierrina.gp_envasado_registroactividad: 91 rows
DELETE FROM `gp_envasado_registroactividad`;
/*!40000 ALTER TABLE `gp_envasado_registroactividad` DISABLE KEYS */;
INSERT INTO `gp_envasado_registroactividad` (`idRegistro`, `idOrden`, `horaInicio`, `horaFin`, `responsable`, `observaciones`) VALUES
	(1, 'EN201304221', '2013-04-22 10:36:41', NULL, 'Maria', 'Programacion inicial'),
	(2, 'EN201304221', '2013-04-22 10:36:51', NULL, 'Maria', 'El proceso de envasado con orden EN201304221, ha sido iniciado'),
	(3, 'EN201304221', '2013-04-22 10:37:09', NULL, 'Maria', 'FINALIZADO. Observaciones: '),
	(4, 'EN201304222', '2013-04-22 10:39:19', NULL, 'Maria', 'Programacion inicial'),
	(5, 'EN201304222', '2013-04-22 10:39:42', NULL, 'Maria', 'El proceso de envasado con orden EN201304222, ha sido iniciado'),
	(6, 'EN201304222', '2013-04-22 10:40:02', NULL, 'Maria', 'FINALIZADO. Observaciones: '),
	(7, 'EN201304223', '2013-04-22 10:51:09', NULL, 'Maria', 'Programacion inicial'),
	(8, 'EN201304223', '2013-04-22 10:52:22', NULL, 'Maria', 'El proceso de envasado con orden EN201304223, ha sido iniciado'),
	(9, 'EN201304223', '2013-04-22 10:53:43', NULL, 'Maria', 'FINALIZADO. Observaciones: '),
	(10, 'EN201304224', '2013-04-22 10:57:27', NULL, 'Maria', 'Programacion inicial'),
	(11, 'EN201304224', '2013-04-22 10:57:52', NULL, 'Maria', 'El proceso de envasado con orden EN201304224, ha sido iniciado'),
	(12, 'EN201304224', '2013-04-22 10:58:13', NULL, 'Maria', 'FINALIZADO. Observaciones: '),
	(13, 'EN201304225', '2013-04-22 11:00:22', NULL, 'Maria', 'Programacion inicial'),
	(14, 'EN201304225', '2013-04-22 11:00:34', NULL, 'Maria', 'El proceso de envasado con orden EN201304225, ha sido iniciado'),
	(15, 'EN201304225', '2013-04-22 11:00:52', NULL, 'Maria', 'FINALIZADO. Observaciones: '),
	(16, 'EN201304226', '2013-04-22 11:08:44', NULL, 'Maria', 'Programacion inicial'),
	(17, 'EN201304226', '2013-04-22 11:08:53', NULL, 'Maria', 'El proceso de envasado con orden EN201304226, ha sido iniciado'),
	(18, 'EN201304226', '2013-04-22 11:09:08', NULL, 'Maria', 'FINALIZADO. Observaciones: '),
	(19, 'EN201304227', '2013-04-22 11:21:00', NULL, 'Maria', 'Programacion inicial'),
	(20, 'EN201304227', '2013-04-22 11:21:10', NULL, 'Maria', 'El proceso de envasado con orden EN201304227, ha sido iniciado'),
	(21, 'EN201304227', '2013-04-22 11:21:26', NULL, 'Maria', 'FINALIZADO. Observaciones: '),
	(22, 'EN201304228', '2013-04-22 11:27:54', NULL, 'Maria', 'Programacion inicial'),
	(23, 'EN201304228', '2013-04-22 11:28:03', NULL, 'Maria', 'El proceso de envasado con orden EN201304228, ha sido iniciado'),
	(24, 'EN201304228', '2013-04-22 11:28:17', NULL, 'Maria', 'FINALIZADO. Observaciones: '),
	(25, 'EN201304229', '2013-04-22 11:53:55', NULL, 'Maria', 'Programacion inicial'),
	(26, 'EN201304229', '2013-04-22 11:54:04', NULL, 'Maria', 'El proceso de envasado con orden EN201304229, ha sido iniciado'),
	(27, 'EN201304229', '2013-04-22 11:54:23', NULL, 'Maria', 'FINALIZADO. Observaciones: '),
	(28, 'EN2013042210', '2013-04-22 11:59:40', NULL, 'Maria', 'Programacion inicial'),
	(29, 'EN2013042211', '2013-04-22 12:01:21', NULL, 'Maria', 'Programacion inicial'),
	(30, 'EN2013042211', '2013-04-22 12:01:32', NULL, 'Maria', 'El proceso de envasado con orden EN2013042211, ha sido iniciado'),
	(31, 'EN2013042211', '2013-04-22 12:01:40', NULL, 'Maria', 'FINALIZADO. Observaciones: '),
	(32, 'EN2013042212', '2013-04-22 12:14:27', NULL, 'Maria', 'Programacion inicial'),
	(33, 'EN2013042212', '2013-04-22 12:14:37', NULL, 'Maria', 'El proceso de envasado con orden EN2013042212, ha sido iniciado'),
	(34, 'EN2013042212', '2013-04-22 12:14:54', NULL, 'Maria', 'FINALIZADO. Observaciones: '),
	(35, 'EN2013042313', '2013-04-23 11:53:20', NULL, 'Maria', 'Programacion inicial'),
	(36, 'EN2013042313', '2013-04-23 11:55:17', NULL, 'Maria', 'El proceso de envasado con orden EN2013042313, ha sido iniciado'),
	(37, 'EN2013042313', '2013-04-23 11:56:00', NULL, 'Maria', 'FINALIZADO. Observaciones: '),
	(38, 'EN2013042314', '2013-04-23 12:01:22', NULL, 'Maria', 'Programacion inicial'),
	(39, 'EN2013042314', '2013-04-23 12:01:30', NULL, 'Maria', 'El proceso de envasado con orden EN2013042314, ha sido iniciado'),
	(40, 'EN2013042314', '2013-04-23 12:01:47', NULL, 'Maria', 'FINALIZADO. Observaciones: '),
	(41, 'EN2013042315', '2013-04-23 12:04:18', NULL, 'Maria', 'Programacion inicial'),
	(42, 'EN2013042315', '2013-04-23 12:04:35', NULL, 'Maria', 'El proceso de envasado con orden EN2013042315, ha sido iniciado'),
	(43, 'EN2013042315', '2013-04-23 12:04:51', NULL, 'Maria', 'FINALIZADO. Observaciones: '),
	(44, 'EN2013042316', '2013-04-23 12:08:54', NULL, 'Maria', 'Programacion inicial'),
	(45, 'EN2013042316', '2013-04-23 12:09:08', NULL, 'Maria', 'El proceso de envasado con orden EN2013042316, ha sido iniciado'),
	(46, 'EN2013042316', '2013-04-23 12:09:25', NULL, 'Maria', 'FINALIZADO. Observaciones: '),
	(47, 'EN2013042317', '2013-04-23 12:11:47', NULL, 'Maria', 'Programacion inicial'),
	(48, 'EN2013042317', '2013-04-23 12:11:57', NULL, 'Maria', 'El proceso de envasado con orden EN2013042317, ha sido iniciado'),
	(49, 'EN2013042317', '2013-04-23 12:12:20', NULL, 'Maria', 'FINALIZADO. Observaciones: '),
	(50, 'EN2013042318', '2013-04-23 12:14:31', NULL, 'Maria', 'Programacion inicial'),
	(51, 'EN2013042318', '2013-04-23 12:14:40', NULL, 'Maria', 'El proceso de envasado con orden EN2013042318, ha sido iniciado'),
	(52, 'EN2013042318', '2013-04-23 12:14:50', NULL, 'Maria', 'FINALIZADO. Observaciones: '),
	(53, 'EN2013042319', '2013-04-23 12:17:00', NULL, 'Maria', 'Programacion inicial'),
	(54, 'EN2013042319', '2013-04-23 12:17:09', NULL, 'Maria', 'El proceso de envasado con orden EN2013042319, ha sido iniciado'),
	(55, 'EN2013042319', '2013-04-23 12:17:19', NULL, 'Maria', 'FINALIZADO. Observaciones: '),
	(56, 'EN2013042320', '2013-04-23 12:18:33', NULL, 'Maria', 'Programacion inicial'),
	(57, 'EN2013042320', '2013-04-23 12:18:42', NULL, 'Maria', 'El proceso de envasado con orden EN2013042320, ha sido iniciado'),
	(58, 'EN2013042320', '2013-04-23 12:18:58', NULL, 'Maria', 'FINALIZADO. Observaciones: '),
	(59, 'EN2013042321', '2013-04-23 12:30:18', NULL, 'Maria', 'Programacion inicial'),
	(60, 'EN2013042321', '2013-04-23 12:30:33', NULL, 'Maria', 'El proceso de envasado con orden EN2013042321, ha sido iniciado'),
	(61, 'EN2013042321', '2013-04-23 12:30:42', NULL, 'Maria', 'FINALIZADO. Observaciones: '),
	(62, 'EN2013042322', '2013-04-23 12:52:19', NULL, 'Maria', 'Programacion inicial'),
	(63, 'EN2013042322', '2013-04-23 12:52:29', NULL, 'Maria', 'El proceso de envasado con orden EN2013042322, ha sido iniciado'),
	(64, 'EN2013042322', '2013-04-23 12:52:52', NULL, 'Maria', 'FINALIZADO. Observaciones: '),
	(65, 'EN2013042323', '2013-04-23 13:18:44', NULL, 'Maria', 'Programacion inicial'),
	(66, 'EN2013042323', '2013-04-23 13:18:55', NULL, 'Maria', 'El proceso de envasado con orden EN2013042323, ha sido iniciado'),
	(67, 'EN2013042323', '2013-04-23 13:19:16', NULL, 'Maria', 'FINALIZADO. Observaciones: '),
	(68, 'EN2013042324', '2013-04-23 13:20:32', NULL, 'Maria', 'Programacion inicial'),
	(69, 'EN2013042324', '2013-04-23 13:20:42', NULL, 'Maria', 'El proceso de envasado con orden EN2013042324, ha sido iniciado'),
	(70, 'EN2013042324', '2013-04-23 13:20:58', NULL, 'Maria', 'FINALIZADO. Observaciones: '),
	(71, 'EN2013042425', '2013-04-24 09:13:36', NULL, 'Maria', 'Programacion inicial'),
	(72, 'EN2013042425', '2013-04-24 09:13:49', NULL, 'Maria', 'El proceso de envasado con orden EN2013042425, ha sido iniciado'),
	(73, 'EN2013042425', '2013-04-24 09:14:03', NULL, 'Maria', 'FINALIZADO. Observaciones: '),
	(74, 'EN2013042426', '2013-04-24 09:59:35', NULL, 'Maria', 'Programacion inicial'),
	(75, 'EN2013042426', '2013-04-24 09:59:45', NULL, 'Maria', 'El proceso de envasado con orden EN2013042426, ha sido iniciado'),
	(76, 'EN2013042426', '2013-04-24 09:59:59', NULL, 'Maria', 'FINALIZADO. Observaciones: '),
	(77, 'EN2013042427', '2013-04-24 10:26:20', NULL, 'Maria', 'Programacion inicial'),
	(78, 'EN2013042427', '2013-04-24 10:26:30', NULL, 'Maria', 'El proceso de envasado con orden EN2013042427, ha sido iniciado'),
	(79, 'EN2013042427', '2013-04-24 10:26:47', NULL, 'Maria', 'FINALIZADO. Observaciones: '),
	(80, 'EN2013042428', '2013-04-24 10:41:34', NULL, 'Maria', 'Programacion inicial'),
	(81, 'EN2013042428', '2013-04-24 10:41:44', NULL, 'Maria', 'El proceso de envasado con orden EN2013042428, ha sido iniciado'),
	(82, 'EN2013042428', '2013-04-24 10:41:59', NULL, 'Maria', 'FINALIZADO. Observaciones: '),
	(83, 'EN2013042429', '2013-04-24 11:44:16', NULL, 'Maria', 'Programacion inicial'),
	(84, 'EN2013042429', '2013-04-24 11:44:27', NULL, 'Maria', 'El proceso de envasado con orden EN2013042429, ha sido iniciado'),
	(85, 'EN2013042429', '2013-04-24 11:44:41', NULL, 'Maria', 'FINALIZADO. Observaciones: '),
	(86, 'EN2013042430', '2013-04-24 12:24:22', NULL, 'Maria', 'Programacion inicial'),
	(87, 'EN2013042430', '2013-04-24 12:24:35', NULL, 'Maria', 'El proceso de envasado con orden EN2013042430, ha sido iniciado'),
	(88, 'EN2013042430', '2013-04-24 12:25:00', NULL, 'Maria', 'FINALIZADO. Observaciones: '),
	(89, 'EN2013042431', '2013-04-24 13:19:51', NULL, 'Maria', 'Programacion inicial'),
	(90, 'EN2013042431', '2013-04-24 13:20:03', NULL, 'Maria', 'El proceso de envasado con orden EN2013042431, ha sido iniciado'),
	(91, 'EN2013042431', '2013-04-24 13:20:43', NULL, 'Maria', 'FINALIZADO. Observaciones: ');
/*!40000 ALTER TABLE `gp_envasado_registroactividad` ENABLE KEYS */;


-- Dumping structure for table tierrina.gp_envasado_ubicacion
CREATE TABLE IF NOT EXISTS `gp_envasado_ubicacion` (
  `ordenEnvasado` varchar(20) CHARACTER SET latin1 COLLATE latin1_spanish_ci NOT NULL DEFAULT '',
  `codigoEntrada` varchar(20) CHARACTER SET latin1 COLLATE latin1_spanish_ci NOT NULL DEFAULT '',
  `idHueco` bigint(20) NOT NULL DEFAULT '0',
  `idPalet` bigint(20) NOT NULL DEFAULT '0',
  `cantidad` double(8,2) NOT NULL DEFAULT '0.00',
  `cantidadReal` double(8,2) NOT NULL DEFAULT '0.00',
  `mermas` double(8,2) NOT NULL DEFAULT '0.00',
  `idHuecoNuevo` bigint(20) DEFAULT NULL,
  PRIMARY KEY (`ordenEnvasado`,`codigoEntrada`,`idHueco`,`idPalet`)
) ENGINE=InnoDB DEFAULT CHARSET=utf8 ROW_FORMAT=DYNAMIC;

-- Dumping data for table tierrina.gp_envasado_ubicacion: ~99 rows (approximately)
DELETE FROM `gp_envasado_ubicacion`;
/*!40000 ALTER TABLE `gp_envasado_ubicacion` DISABLE KEYS */;
INSERT INTO `gp_envasado_ubicacion` (`ordenEnvasado`, `codigoEntrada`, `idHueco`, `idPalet`, `cantidad`, `cantidadReal`, `mermas`, `idHuecoNuevo`) VALUES
	('EN201304221', 'E130420-40', 221, 1, 100.00, 0.00, 0.00, 221),
	('EN201304221', 'E130422-47', 221, 1, 4.00, 4.00, 0.00, NULL),
	('EN201304221', 'E130422-50', 221, 1, 100.00, 100.00, 0.00, NULL),
	('EN2013042211', 'E130422-44', 221, 1, 6.00, 6.00, 0.00, NULL),
	('EN2013042211', 'E130422-64', 221, 1, 60.00, 60.00, 0.00, NULL),
	('EN2013042212', 'E130420-33', 221, 1, 63.00, 0.00, 0.00, 221),
	('EN2013042212', 'E130422-61', 221, 1, 3.00, 3.00, 0.00, NULL),
	('EN2013042212', 'E130422-65', 221, 1, 45.00, 45.00, 0.00, NULL),
	('EN201304222', 'E130420-29', 221, 1, 100.00, 100.00, 0.00, NULL),
	('EN201304222', 'E130420-40', 221, 1, 100.00, 0.00, 0.00, 221),
	('EN201304222', 'E130422-47', 221, 1, 4.00, 4.00, 0.00, NULL),
	('EN201304223', 'E130419-9', 221, 1, 746.78, 746.78, 0.00, NULL),
	('EN201304223', 'E130419-9', 221, 2, 746.78, 746.78, 0.00, NULL),
	('EN201304223', 'E130419-9', 221, 3, 746.78, 746.78, 0.00, NULL),
	('EN201304223', 'E130419-9', 221, 4, 234.66, 234.66, 0.00, NULL),
	('EN201304223', 'E130420-40', 221, 1, 2475.00, 0.00, 0.00, 221),
	('EN201304223', 'E130420-41', 221, 1, 99.00, 99.00, 0.00, NULL),
	('EN201304224', 'E130420-21', 221, 1, 506.00, 506.00, 0.00, NULL),
	('EN201304224', 'E130420-21', 221, 2, 44.00, 44.00, 0.00, NULL),
	('EN201304224', 'E130420-40', 221, 1, 550.00, 0.00, 0.00, 221),
	('EN201304224', 'E130422-48', 221, 1, 22.00, 22.00, 0.00, NULL),
	('EN201304225', 'E130420-22', 221, 1, 625.00, 625.00, 0.00, NULL),
	('EN201304225', 'E130420-40', 221, 1, 625.00, 0.00, 0.00, 221),
	('EN201304225', 'E130422-48', 221, 1, 25.00, 25.00, 0.00, NULL),
	('EN201304226', 'E130419-9', 221, 4, 10.00, 10.00, 0.00, NULL),
	('EN201304226', 'E130420-40', 221, 1, 10.00, 0.00, 0.00, 221),
	('EN201304226', 'E130422-45', 221, 1, 1.00, 1.00, 0.00, NULL),
	('EN201304227', 'E130420-40', 221, 1, 90.00, 0.00, 0.00, 221),
	('EN201304227', 'E130422-47', 221, 1, 6.00, 6.00, 0.00, NULL),
	('EN201304227', 'E130422-51', 221, 1, 90.00, 90.00, 0.00, NULL),
	('EN201304228', 'E130420-40', 221, 1, 50.00, 0.00, 0.00, 221),
	('EN201304228', 'E130422-47', 221, 1, 2.00, 2.00, 0.00, NULL),
	('EN201304228', 'E130422-53', 221, 1, 50.00, 50.00, 0.00, NULL),
	('EN201304229', 'E130420-43', 221, 1, 3.00, 3.00, 0.00, NULL),
	('EN201304229', 'E130422-49', 221, 1, 30.00, 30.00, 0.00, NULL),
	('EN201304229', 'E130422-57', 221, 1, 30.00, 30.00, 0.00, NULL),
	('EN2013042313', 'E130419-9', 221, 4, 502.12, 502.12, 0.00, NULL),
	('EN2013042313', 'E130419-9', 221, 5, 746.78, 746.78, 0.00, NULL),
	('EN2013042313', 'E130419-9', 221, 6, 746.78, 746.78, 0.00, NULL),
	('EN2013042313', 'E130419-9', 221, 7, 454.32, 454.32, 0.00, NULL),
	('EN2013042313', 'E130420-40', 221, 1, 2450.00, 0.00, 0.00, 221),
	('EN2013042313', 'E130420-41', 221, 1, 98.00, 98.00, 0.00, NULL),
	('EN2013042314', 'E130419-15', 221, 1, 625.00, 625.00, 0.00, NULL),
	('EN2013042314', 'E130420-40', 221, 1, 625.00, 0.00, 0.00, 221),
	('EN2013042314', 'E130422-48', 221, 1, 25.00, 25.00, 0.00, NULL),
	('EN2013042315', 'E130419-3', 3, 1, 810.00, 810.00, 0.00, NULL),
	('EN2013042315', 'E130420-40', 221, 1, 810.00, 0.00, 0.00, 221),
	('EN2013042315', 'E130422-46', 221, 1, 54.00, 54.00, 0.00, NULL),
	('EN2013042316', 'E130420-33', 221, 1, 21.00, 21.00, 0.00, NULL),
	('EN2013042316', 'E130422-61', 221, 1, 1.00, 1.00, 0.00, NULL),
	('EN2013042316', 'E130422-65', 221, 1, 15.00, 15.00, 0.00, NULL),
	('EN2013042317', 'E130422-54', 221, 1, 24.00, 24.00, 0.00, NULL),
	('EN2013042317', 'E130422-60', 221, 1, 24.00, 24.00, 0.00, NULL),
	('EN2013042317', 'E130422-62', 221, 1, 1.00, 1.00, 0.00, NULL),
	('EN2013042317', 'E130423-73', 221, 1, 12.00, 12.00, 0.00, NULL),
	('EN2013042318', 'E130422-54', 221, 1, 1.00, 1.00, 0.00, NULL),
	('EN2013042318', 'E130422-60', 221, 1, 1.00, 1.00, 0.00, NULL),
	('EN2013042318', 'E130423-78', 221, 1, 0.50, 0.50, 0.00, NULL),
	('EN2013042319', 'E130422-54', 221, 1, 1.00, 1.00, 0.00, NULL),
	('EN2013042319', 'E130422-58', 221, 1, 1.00, 1.00, 0.00, NULL),
	('EN2013042319', 'E130423-66', 221, 1, 0.50, 0.50, 0.00, NULL),
	('EN2013042320', 'E130422-55', 221, 1, 1.00, 1.00, 0.00, NULL),
	('EN2013042320', 'E130422-59', 221, 1, 1.00, 1.00, 0.00, NULL),
	('EN2013042320', 'E130422-63', 221, 1, 1.00, 1.00, 0.00, NULL),
	('EN2013042320', 'E130422-64', 221, 1, 1.00, 1.00, 0.00, NULL),
	('EN2013042321', 'E130422-49', 221, 1, 1.00, 1.00, 0.00, NULL),
	('EN2013042321', 'E130422-57', 221, 1, 1.00, 1.00, 0.00, NULL),
	('EN2013042322', 'E130420-40', 221, 1, 570.00, 0.00, 0.00, 221),
	('EN2013042322', 'E130422-46', 221, 1, 38.00, 38.00, 0.00, NULL),
	('EN2013042322', 'E130423-101', 221, 1, 570.00, 570.00, 0.00, NULL),
	('EN2013042323', 'E130422-54', 221, 1, 96.00, 96.00, 0.00, NULL),
	('EN2013042323', 'E130422-58', 221, 1, 96.00, 96.00, 0.00, NULL),
	('EN2013042323', 'E130422-64', 221, 1, 48.00, 48.00, 0.00, NULL),
	('EN2013042323', 'E130423-102', 221, 1, 4.00, 0.00, 0.00, 221),
	('EN2013042324', 'E130422-55', 221, 1, 72.00, 72.00, 0.00, NULL),
	('EN2013042324', 'E130422-59', 221, 1, 72.00, 72.00, 0.00, NULL),
	('EN2013042324', 'E130422-63', 221, 1, 6.00, 6.00, 0.00, NULL),
	('EN2013042324', 'E130423-67', 221, 1, 72.00, 72.00, 0.00, NULL),
	('EN2013042425', 'E130419-14', 221, 1, 300.00, 300.00, 0.00, NULL),
	('EN2013042425', 'E130420-40', 221, 1, 300.00, 0.00, 0.00, 221),
	('EN2013042425', 'E130422-48', 221, 1, 12.00, 12.00, 0.00, NULL),
	('EN2013042426', 'E130420-40', 221, 1, 255.00, 0.00, 0.00, 221),
	('EN2013042426', 'E130422-46', 221, 1, 17.00, 17.00, 0.00, NULL),
	('EN2013042426', 'E130423-76', 221, 1, 255.00, 255.00, 0.00, NULL),
	('EN2013042427', 'E130420-43', 221, 1, 1.00, 1.00, 0.00, NULL),
	('EN2013042427', 'E130422-49', 221, 1, 10.00, 10.00, 0.00, NULL),
	('EN2013042427', 'E130422-56', 221, 1, 4.00, 4.00, 0.00, NULL),
	('EN2013042428', 'E130420-36', 221, 1, 300.00, 300.00, 0.00, NULL),
	('EN2013042428', 'E130422-44', 221, 1, 30.00, 30.00, 0.00, NULL),
	('EN2013042428', 'E130422-64', 221, 1, 150.00, 150.00, 0.00, NULL),
	('EN2013042429', 'E130420-40', 221, 1, 45.00, 0.00, 0.00, 221),
	('EN2013042429', 'E130422-47', 221, 1, 3.00, 3.00, 0.00, NULL),
	('EN2013042429', 'E130422-51', 221, 1, 45.00, 45.00, 0.00, NULL),
	('EN2013042430', 'E130420-40', 221, 1, 25.00, 0.00, 0.00, 221),
	('EN2013042430', 'E130422-47', 221, 1, 1.00, 1.00, 0.00, NULL),
	('EN2013042430', 'E130422-53', 221, 1, 25.00, 25.00, 0.00, NULL),
	('EN2013042431', 'E130420-43', 221, 1, 2.00, 2.00, 0.00, NULL),
	('EN2013042431', 'E130422-49', 221, 1, 20.00, 20.00, 0.00, NULL),
	('EN2013042431', 'E130422-56', 221, 1, 8.00, 8.00, 0.00, NULL);
/*!40000 ALTER TABLE `gp_envasado_ubicacion` ENABLE KEYS */;


-- Dumping structure for table tierrina.gp_fumigado
CREATE TABLE IF NOT EXISTS `gp_fumigado` (
  `orden` varchar(20) COLLATE latin1_spanish_ci NOT NULL DEFAULT '',
  `codigoEntrada` varchar(20) COLLATE latin1_spanish_ci NOT NULL DEFAULT '',
  `cantidadDisponible` double(10,2) DEFAULT NULL,
  `cantidadUsable` double(10,2) DEFAULT NULL,
  `mermaProducto` double(10,2) DEFAULT NULL,
  `descripcion` varchar(100) COLLATE latin1_spanish_ci DEFAULT NULL,
  PRIMARY KEY (`codigoEntrada`,`orden`)
) ENGINE=InnoDB DEFAULT CHARSET=latin1 COLLATE=latin1_spanish_ci;

-- Dumping data for table tierrina.gp_fumigado: ~0 rows (approximately)
DELETE FROM `gp_fumigado`;
/*!40000 ALTER TABLE `gp_fumigado` DISABLE KEYS */;
/*!40000 ALTER TABLE `gp_fumigado` ENABLE KEYS */;


-- Dumping structure for table tierrina.gp_fumigado_ubicacion
CREATE TABLE IF NOT EXISTS `gp_fumigado_ubicacion` (
  `orden` varchar(20) COLLATE latin1_spanish_ci NOT NULL DEFAULT '',
  `codigoEntrada` varchar(20) COLLATE latin1_spanish_ci NOT NULL DEFAULT '',
  `idHueco` bigint(20) NOT NULL DEFAULT '0',
  `idHuecoNuevo` bigint(20) DEFAULT NULL,
  `cantidad` double(8,2) NOT NULL DEFAULT '0.00',
  PRIMARY KEY (`orden`,`codigoEntrada`,`idHueco`)
) ENGINE=InnoDB DEFAULT CHARSET=latin1 COLLATE=latin1_spanish_ci ROW_FORMAT=DYNAMIC;

-- Dumping data for table tierrina.gp_fumigado_ubicacion: ~0 rows (approximately)
DELETE FROM `gp_fumigado_ubicacion`;
/*!40000 ALTER TABLE `gp_fumigado_ubicacion` DISABLE KEYS */;
/*!40000 ALTER TABLE `gp_fumigado_ubicacion` ENABLE KEYS */;


-- Dumping structure for table tierrina.gp_seleccion
CREATE TABLE IF NOT EXISTS `gp_seleccion` (
  `orden` varchar(20) COLLATE latin1_spanish_ci NOT NULL DEFAULT '',
  `codigoEntrada` varchar(20) COLLATE latin1_spanish_ci NOT NULL DEFAULT '',
  `tipoSeleccion` set('M','A') COLLATE latin1_spanish_ci NOT NULL DEFAULT '',
  `cantidadDisponible` double(10,2) DEFAULT NULL,
  `cantidadUsable` double(10,2) DEFAULT NULL,
  `mermaProducto` double(10,2) NOT NULL DEFAULT '0.00',
  PRIMARY KEY (`codigoEntrada`,`orden`)
) ENGINE=InnoDB DEFAULT CHARSET=latin1 COLLATE=latin1_spanish_ci;

-- Dumping data for table tierrina.gp_seleccion: ~0 rows (approximately)
DELETE FROM `gp_seleccion`;
/*!40000 ALTER TABLE `gp_seleccion` DISABLE KEYS */;
/*!40000 ALTER TABLE `gp_seleccion` ENABLE KEYS */;


-- Dumping structure for table tierrina.grupo_producto
CREATE TABLE IF NOT EXISTS `grupo_producto` (
  `idGrupoProducto` bigint(20) NOT NULL DEFAULT '0',
  `nombre` varchar(200) NOT NULL DEFAULT '',
  PRIMARY KEY (`idGrupoProducto`)
) ENGINE=MyISAM DEFAULT CHARSET=latin1;

-- Dumping data for table tierrina.grupo_producto: 6 rows
DELETE FROM `grupo_producto`;
/*!40000 ALTER TABLE `grupo_producto` DISABLE KEYS */;
INSERT INTO `grupo_producto` (`idGrupoProducto`, `nombre`) VALUES
	(1, 'Fabas'),
	(2, 'Faba Fresca'),
	(3, 'Alubias Color'),
	(4, 'Alubias Blancas'),
	(5, 'Otras Legumbres'),
	(6, 'Otros Productos');
/*!40000 ALTER TABLE `grupo_producto` ENABLE KEYS */;


-- Dumping structure for table tierrina.homologacion_proveedor
CREATE TABLE IF NOT EXISTS `homologacion_proveedor` (
  `idUsuario` bigint(20) NOT NULL DEFAULT '0',
  `idRequisito` tinyint(5) NOT NULL DEFAULT '0',
  PRIMARY KEY (`idUsuario`,`idRequisito`)
) ENGINE=MyISAM DEFAULT CHARSET=latin1;

-- Dumping data for table tierrina.homologacion_proveedor: 0 rows
DELETE FROM `homologacion_proveedor`;
/*!40000 ALTER TABLE `homologacion_proveedor` DISABLE KEYS */;
/*!40000 ALTER TABLE `homologacion_proveedor` ENABLE KEYS */;


-- Dumping structure for table tierrina.impuestos
CREATE TABLE IF NOT EXISTS `impuestos` (
  `idImpuesto` bigint(10) NOT NULL AUTO_INCREMENT,
  `nombre` varchar(50) DEFAULT NULL,
  `porcentaje` double unsigned DEFAULT NULL,
  PRIMARY KEY (`idImpuesto`)
) ENGINE=MyISAM AUTO_INCREMENT=4 DEFAULT CHARSET=latin1;

-- Dumping data for table tierrina.impuestos: 3 rows
DELETE FROM `impuestos`;
/*!40000 ALTER TABLE `impuestos` DISABLE KEYS */;
INSERT INTO `impuestos` (`idImpuesto`, `nombre`, `porcentaje`) VALUES
	(1, 'IVA 18%', 18),
	(2, 'IVA 8%', 8),
	(3, 'IVA 4%', 4);
/*!40000 ALTER TABLE `impuestos` ENABLE KEYS */;


-- Dumping structure for table tierrina.incidencia
CREATE TABLE IF NOT EXISTS `incidencia` (
  `idIncidencia` bigint(20) NOT NULL AUTO_INCREMENT,
  `nombre` varchar(50) DEFAULT NULL,
  PRIMARY KEY (`idIncidencia`)
) ENGINE=MyISAM AUTO_INCREMENT=8 DEFAULT CHARSET=latin1;

-- Dumping data for table tierrina.incidencia: 6 rows
DELETE FROM `incidencia`;
/*!40000 ALTER TABLE `incidencia` DISABLE KEYS */;
INSERT INTO `incidencia` (`idIncidencia`, `nombre`) VALUES
	(1, 'Cribar'),
	(2, 'Congelar'),
	(3, 'Fumigar'),
	(4, 'Seleccionar'),
	(5, 'Desgranar'),
	(6, 'Otra');
/*!40000 ALTER TABLE `incidencia` ENABLE KEYS */;


-- Dumping structure for table tierrina.incidenciaproducto
CREATE TABLE IF NOT EXISTS `incidenciaproducto` (
  `idIncidencia` bigint(20) NOT NULL AUTO_INCREMENT,
  `loteProducto` varchar(20) DEFAULT NULL,
  `estado` varchar(255) DEFAULT NULL,
  `fecha` datetime DEFAULT NULL,
  `descripcion` varchar(255) NOT NULL DEFAULT '""',
  `cantidad` double(8,2) DEFAULT NULL,
  `idUbicacion` bigint(20) DEFAULT NULL,
  `descripcionUbicacion` varchar(50) DEFAULT NULL,
  `valor` double(10,2) DEFAULT '0.00',
  PRIMARY KEY (`idIncidencia`),
  KEY `FK237229F98193FD3A` (`loteProducto`)
) ENGINE=MyISAM AUTO_INCREMENT=4 DEFAULT CHARSET=latin1;

-- Dumping data for table tierrina.incidenciaproducto: 0 rows
DELETE FROM `incidenciaproducto`;
/*!40000 ALTER TABLE `incidenciaproducto` DISABLE KEYS */;
/*!40000 ALTER TABLE `incidenciaproducto` ENABLE KEYS */;


-- Dumping structure for table tierrina.log_lanzadera
CREATE TABLE IF NOT EXISTS `log_lanzadera` (
  `id` bigint(20) NOT NULL AUTO_INCREMENT,
  `idVehiculo` bigint(20) NOT NULL DEFAULT '0',
  `fecha` timestamp NOT NULL DEFAULT CURRENT_TIMESTAMP,
  `usuarioResponsable` varchar(50) NOT NULL,
  PRIMARY KEY (`id`),
  KEY `FK_log_sincronizacion_ubicacion_hueco` (`idVehiculo`),
  CONSTRAINT `log_lanzadera_ibfk_1` FOREIGN KEY (`idVehiculo`) REFERENCES `ubicacion_hueco` (`idHueco`)
) ENGINE=InnoDB AUTO_INCREMENT=47 DEFAULT CHARSET=utf8 ROW_FORMAT=COMPACT;

-- Dumping data for table tierrina.log_lanzadera: ~0 rows (approximately)
DELETE FROM `log_lanzadera`;
/*!40000 ALTER TABLE `log_lanzadera` DISABLE KEYS */;
/*!40000 ALTER TABLE `log_lanzadera` ENABLE KEYS */;


-- Dumping structure for table tierrina.log_sincronizacion
CREATE TABLE IF NOT EXISTS `log_sincronizacion` (
  `id` bigint(20) NOT NULL AUTO_INCREMENT,
  `idVehiculo` bigint(20) NOT NULL DEFAULT '0',
  `idComercial` bigint(20) NOT NULL DEFAULT '0',
  `fecha` timestamp NOT NULL DEFAULT CURRENT_TIMESTAMP,
  PRIMARY KEY (`id`),
  KEY `FK_log_sincronizacion_ubicacion_hueco` (`idVehiculo`),
  KEY `FK_log_sincronizacion_usuario` (`idComercial`),
  CONSTRAINT `FK_log_sincronizacion_ubicacion_hueco` FOREIGN KEY (`idVehiculo`) REFERENCES `ubicacion_hueco` (`idHueco`),
  CONSTRAINT `FK_log_sincronizacion_usuario` FOREIGN KEY (`idComercial`) REFERENCES `usuario` (`idUsuario`)
) ENGINE=InnoDB AUTO_INCREMENT=13 DEFAULT CHARSET=utf8;

-- Dumping data for table tierrina.log_sincronizacion: ~0 rows (approximately)
DELETE FROM `log_sincronizacion`;
/*!40000 ALTER TABLE `log_sincronizacion` DISABLE KEYS */;
/*!40000 ALTER TABLE `log_sincronizacion` ENABLE KEYS */;


-- Dumping structure for table tierrina.maquina
CREATE TABLE IF NOT EXISTS `maquina` (
  `idMaquina` bigint(10) NOT NULL DEFAULT '0',
  `idTipo` bigint(10) NOT NULL DEFAULT '0',
  `nombre` varchar(50) NOT NULL DEFAULT '',
  `fecha` date NOT NULL,
  `descripcion` varchar(200) DEFAULT '',
  PRIMARY KEY (`idMaquina`)
) ENGINE=MyISAM DEFAULT CHARSET=latin1;

-- Dumping data for table tierrina.maquina: 0 rows
DELETE FROM `maquina`;
/*!40000 ALTER TABLE `maquina` DISABLE KEYS */;
/*!40000 ALTER TABLE `maquina` ENABLE KEYS */;


-- Dumping structure for table tierrina.maquina_calibracion
CREATE TABLE IF NOT EXISTS `maquina_calibracion` (
  `idCalibrado` bigint(20) NOT NULL,
  `patron` varchar(50) DEFAULT '',
  `medidaPatron` varchar(50) DEFAULT '',
  `medidaEquipo` varchar(50) DEFAULT '',
  `desviacion` varchar(50) DEFAULT '',
  PRIMARY KEY (`idCalibrado`)
) ENGINE=MyISAM DEFAULT CHARSET=latin1;

-- Dumping data for table tierrina.maquina_calibracion: 0 rows
DELETE FROM `maquina_calibracion`;
/*!40000 ALTER TABLE `maquina_calibracion` DISABLE KEYS */;
/*!40000 ALTER TABLE `maquina_calibracion` ENABLE KEYS */;


-- Dumping structure for table tierrina.maquina_mantenimiento
CREATE TABLE IF NOT EXISTS `maquina_mantenimiento` (
  `idMantenimiento` bigint(10) NOT NULL AUTO_INCREMENT,
  `idTipo` bigint(10) NOT NULL DEFAULT '0',
  `nombre` varchar(50) NOT NULL DEFAULT '',
  `descripcion` varchar(200) DEFAULT '',
  PRIMARY KEY (`idMantenimiento`)
) ENGINE=MyISAM DEFAULT CHARSET=latin1;

-- Dumping data for table tierrina.maquina_mantenimiento: 0 rows
DELETE FROM `maquina_mantenimiento`;
/*!40000 ALTER TABLE `maquina_mantenimiento` DISABLE KEYS */;
/*!40000 ALTER TABLE `maquina_mantenimiento` ENABLE KEYS */;


-- Dumping structure for table tierrina.maquina_mantenimiento_ciclo
CREATE TABLE IF NOT EXISTS `maquina_mantenimiento_ciclo` (
  `idCiclo` bigint(10) NOT NULL,
  `descripcion` varchar(50) NOT NULL DEFAULT '',
  PRIMARY KEY (`idCiclo`)
) ENGINE=MyISAM DEFAULT CHARSET=latin1;

-- Dumping data for table tierrina.maquina_mantenimiento_ciclo: 6 rows
DELETE FROM `maquina_mantenimiento_ciclo`;
/*!40000 ALTER TABLE `maquina_mantenimiento_ciclo` DISABLE KEYS */;
INSERT INTO `maquina_mantenimiento_ciclo` (`idCiclo`, `descripcion`) VALUES
	(1, 'Diario'),
	(2, 'Semanal'),
	(3, 'Quincenal'),
	(4, 'Mensual'),
	(5, 'Trimestral'),
	(6, 'Anual');
/*!40000 ALTER TABLE `maquina_mantenimiento_ciclo` ENABLE KEYS */;


-- Dumping structure for table tierrina.maquina_mantenimiento_programacion
CREATE TABLE IF NOT EXISTS `maquina_mantenimiento_programacion` (
  `idMantenimientoProgramacion` bigint(10) NOT NULL,
  `idMaquina` bigint(10) NOT NULL,
  `idMantenimiento` bigint(10) NOT NULL,
  `observaciones` varchar(200) DEFAULT NULL,
  `fechaProgramada` date NOT NULL,
  `fechaRealizada` date DEFAULT NULL,
  `responsable` varchar(20) DEFAULT NULL,
  `estado` char(1) NOT NULL DEFAULT 'P',
  `idCiclo` bigint(10) NOT NULL,
  `idCalibrado` bigint(10) NOT NULL DEFAULT '0',
  `clasificacion` char(1) NOT NULL DEFAULT 'P',
  PRIMARY KEY (`idMaquina`,`idMantenimiento`,`idMantenimientoProgramacion`)
) ENGINE=MyISAM DEFAULT CHARSET=latin1;

-- Dumping data for table tierrina.maquina_mantenimiento_programacion: 0 rows
DELETE FROM `maquina_mantenimiento_programacion`;
/*!40000 ALTER TABLE `maquina_mantenimiento_programacion` DISABLE KEYS */;
/*!40000 ALTER TABLE `maquina_mantenimiento_programacion` ENABLE KEYS */;


-- Dumping structure for table tierrina.maquina_tipo
CREATE TABLE IF NOT EXISTS `maquina_tipo` (
  `idTipo` bigint(10) NOT NULL AUTO_INCREMENT,
  `descripcion` varchar(50) NOT NULL DEFAULT '',
  PRIMARY KEY (`idTipo`)
) ENGINE=MyISAM AUTO_INCREMENT=4 DEFAULT CHARSET=latin1;

-- Dumping data for table tierrina.maquina_tipo: 3 rows
DELETE FROM `maquina_tipo`;
/*!40000 ALTER TABLE `maquina_tipo` DISABLE KEYS */;
INSERT INTO `maquina_tipo` (`idTipo`, `descripcion`) VALUES
	(1, 'Equipos'),
	(2, 'Instalación'),
	(3, 'Transporte');
/*!40000 ALTER TABLE `maquina_tipo` ENABLE KEYS */;


-- Dumping structure for table tierrina.material
CREATE TABLE IF NOT EXISTS `material` (
  `idMaterial` bigint(20) NOT NULL DEFAULT '0',
  `nombre` varchar(100) DEFAULT NULL,
  PRIMARY KEY (`idMaterial`)
) ENGINE=MyISAM DEFAULT CHARSET=latin1;

-- Dumping data for table tierrina.material: 6 rows
DELETE FROM `material`;
/*!40000 ALTER TABLE `material` DISABLE KEYS */;
INSERT INTO `material` (`idMaterial`, `nombre`) VALUES
	(1, 'Bolsas'),
	(2, 'Sacos PP'),
	(3, 'Cartón'),
	(4, 'Saquetes tela'),
	(5, 'Madera'),
	(6, 'Otros Materiales');
/*!40000 ALTER TABLE `material` ENABLE KEYS */;


-- Dumping structure for table tierrina.materiaprima
CREATE TABLE IF NOT EXISTS `materiaprima` (
  `idProducto` bigint(20) NOT NULL DEFAULT '0',
  `idGrupo` bigint(20) DEFAULT NULL,
  `nombre` varchar(200) NOT NULL DEFAULT '',
  `tipo` char(1) DEFAULT 'M',
  `stock` double(10,2) DEFAULT NULL,
  `habilitado` set('S','N') DEFAULT 'S',
  PRIMARY KEY (`idProducto`)
) ENGINE=MyISAM DEFAULT CHARSET=latin1;

-- Dumping data for table tierrina.materiaprima: 54 rows
DELETE FROM `materiaprima`;
/*!40000 ALTER TABLE `materiaprima` DISABLE KEYS */;
INSERT INTO `materiaprima` (`idProducto`, `idGrupo`, `nombre`, `tipo`, `stock`, `habilitado`) VALUES
	(1, 11, '"Fabes de  Asturias" Den. Origen Protegida', 'M', 1718.50, 'S'),
	(2, 12, 'Faba Granja Importación', 'M', 61228.08, 'S'),
	(3, 12, 'Faba Granja Nacional (Asturiana-Galícia)', 'M', 3912.99, 'S'),
	(4, 14, 'Faba Verdina Asturiana', 'M', 935.50, 'S'),
	(5, 14, 'Faba Verdina Importación', 'M', 0.00, 'S'),
	(6, 13, 'Faba Fresca Desgranada ', 'M', 939.00, 'S'),
	(7, 13, 'Faba Fresca en Vaina', 'M', 0.00, 'S'),
	(8, 15, 'Alubia Roxa', 'M', 118.00, 'S'),
	(9, 3, 'Alubia Canaria', 'M', 0.00, 'S'),
	(10, 22, 'Alubia Pinta Redonda', 'M', 9.00, 'S'),
	(11, 22, 'Alubia Pinta Larga', 'M', 0.00, 'S'),
	(12, 17, 'Alubia Caparrón', 'M', 0.00, 'S'),
	(13, 19, 'Alubia Morada Redonda', 'M', 0.00, 'S'),
	(14, 19, 'Alubia Morada Larga', 'M', 0.00, 'S'),
	(15, 21, 'Alubia Palmeña Redonda', 'M', 0.00, 'S'),
	(16, 21, 'Alubia Palmeña Larga', 'M', 0.00, 'S'),
	(17, 16, 'Alubia Canela', 'M', 6.00, 'S'),
	(18, 20, 'Alubia Negra Tolosana', 'M', 0.00, 'S'),
	(19, 23, 'Frijol Negrito', 'M', 391.00, 'S'),
	(20, 24, 'Soja Mungo', 'M', 8.00, 'S'),
	(21, 23, 'Frijol Castilla', 'M', 0.00, 'S'),
	(22, 28, 'Alubia Canellini cal. 175', 'M', 0.00, 'S'),
	(23, 25, 'Alubia Planchada', 'M', 0.00, 'S'),
	(24, 26, 'Alubia Plancheta', 'M', 0.00, 'S'),
	(25, 27, 'Alubia Redonda', 'M', 0.00, 'S'),
	(26, 29, 'Judión Grande', 'M', 0.00, 'S'),
	(27, 29, 'Judión Mediano', 'M', 0.00, 'S'),
	(28, 33, 'Harina Maíz', 'M', 0.00, 'S'),
	(29, 33, 'Harina Maíz Torrada', 'M', 0.00, 'S'),
	(30, 30, 'Arroz Redondo', 'M', 0.00, 'S'),
	(31, 30, 'Arroz Largo', 'M', 0.00, 'S'),
	(32, 30, 'Arroz Vaporizado', 'M', 0.00, 'S'),
	(33, 32, 'Lenteja Pardina', 'M', 903.00, 'S'),
	(34, 32, 'Lenteja Stom', 'M', 0.00, 'S'),
	(35, 32, 'Lenteja Castellana', 'M', 0.00, 'S'),
	(36, 31, 'Garbanzo Castellano Gordo', 'M', 0.00, 'S'),
	(37, 31, 'Garbanzo Castellano Mediano', 'M', 0.00, 'S'),
	(38, 31, 'Garbanzo Pedrosillano', 'M', 2178.00, 'S'),
	(39, 31, 'Garbanzo Fuentesaúco', 'M', 0.00, 'S'),
	(40, 31, 'Garbanzo Kabuli', 'M', 35.00, 'S'),
	(41, 28, 'Alubia Riñón', 'M', 1006.00, 'S'),
	(42, 29, 'Judión Granja Menudo', 'M', 965.00, 'S'),
	(43, 15, 'Alubia Cena del Cura', 'M', 0.00, 'S'),
	(44, 8, 'Paquete compango (1-1-1)', 'M', 0.00, 'S'),
	(45, 12, 'Paquete vacío Faba Granja I.', 'M', 0.00, 'S'),
	(46, 22, 'Alubia Pinta Redonda', 'M', 0.00, 'S'),
	(47, 12, 'Faba Granja Importacion (Cosecha Mizca)', 'M', 0.00, 'S'),
	(48, 12, 'Faba Granja Nacional (Ribadeo-Lorenzana)', 'M', 0.00, 'S'),
	(49, 12, 'Faba Granja Nacional (Coruña)', 'M', 0.00, 'S'),
	(50, 15, 'ALUBIA AMARILLA', 'M', 0.00, 'S'),
	(52, 8, 'Paquete Compango (2-1-2)', 'M', 0.00, 'S'),
	(51, 34, 'Guisante Verde', 'M', 200.00, 'S'),
	(53, 8, 'Chorizo 5 ud', 'M', 0.00, 'S'),
	(54, 8, 'Morcilla -3ud', 'M', 0.00, 'S');
/*!40000 ALTER TABLE `materiaprima` ENABLE KEYS */;


-- Dumping structure for table tierrina.materiaprima_categoria
CREATE TABLE IF NOT EXISTS `materiaprima_categoria` (
  `idMateriaCategoria` bigint(20) NOT NULL AUTO_INCREMENT,
  `idMateriaPrima` bigint(20) NOT NULL,
  `idCategoria` bigint(20) NOT NULL,
  `stock` double(8,2) NOT NULL DEFAULT '0.00',
  `habilitado` char(1) NOT NULL DEFAULT 'S',
  PRIMARY KEY (`idMateriaCategoria`)
) ENGINE=MyISAM AUTO_INCREMENT=162 DEFAULT CHARSET=latin1;

-- Dumping data for table tierrina.materiaprima_categoria: 68 rows
DELETE FROM `materiaprima_categoria`;
/*!40000 ALTER TABLE `materiaprima_categoria` DISABLE KEYS */;
INSERT INTO `materiaprima_categoria` (`idMateriaCategoria`, `idMateriaPrima`, `idCategoria`, `stock`, `habilitado`) VALUES
	(156, 20, 3, 0.00, 'S'),
	(155, 20, 4, 0.00, 'S'),
	(154, 51, 2, 200.00, 'S'),
	(153, 49, 3, 0.00, 'S'),
	(152, 29, 2, 0.00, 'S'),
	(151, 27, 2, 0.00, 'S'),
	(150, 16, 2, 0.00, 'S'),
	(149, 15, 2, 0.00, 'S'),
	(148, 24, 2, 0.00, 'S'),
	(147, 23, 2, 0.00, 'S'),
	(146, 12, 2, 0.00, 'S'),
	(145, 13, 2, 0.00, 'S'),
	(144, 14, 2, 0.00, 'S'),
	(143, 50, 2, 0.00, 'S'),
	(142, 38, 2, 2178.00, 'S'),
	(141, 46, 2, 0.00, 'S'),
	(140, 26, 2, 0.00, 'S'),
	(139, 7, 2, 0.00, 'S'),
	(19, 2, 2, 32445.08, 'S'),
	(20, 2, 5, 10216.00, 'S'),
	(138, 5, 4, 0.00, 'S'),
	(137, 5, 2, 0.00, 'S'),
	(23, 1, 2, 1718.50, 'S'),
	(136, 4, 4, 0.00, 'S'),
	(135, 1, 4, 0.00, 'S'),
	(134, 49, 4, 0.00, 'S'),
	(69, 2, 3, 14036.01, 'S'),
	(70, 2, 4, 4530.99, 'S'),
	(71, 4, 2, 935.50, 'S'),
	(72, 33, 2, 903.00, 'S'),
	(133, 49, 5, 0.00, 'S'),
	(132, 49, 2, 0.00, 'S'),
	(131, 48, 4, 0.00, 'S'),
	(76, 20, 2, 8.00, 'S'),
	(77, 3, 2, 3794.99, 'S'),
	(130, 48, 5, 0.00, 'S'),
	(129, 48, 2, 0.00, 'S'),
	(128, 3, 4, 0.00, 'S'),
	(81, 8, 2, 118.00, 'S'),
	(127, 47, 4, 0.00, 'S'),
	(126, 47, 5, 0.00, 'S'),
	(125, 47, 2, 0.00, 'S'),
	(124, 47, 3, 0.00, 'S'),
	(123, 10, 2, 9.00, 'S'),
	(122, 46, 3, 0.00, 'S'),
	(121, 42, 4, 0.00, 'S'),
	(120, 22, 3, 0.00, 'S'),
	(119, 38, 3, 0.00, 'S'),
	(118, 45, 4, 0.00, 'S'),
	(117, 44, 3, 0.00, 'S'),
	(116, 45, 3, 0.00, 'S'),
	(115, 18, 2, 0.00, 'S'),
	(114, 3, 5, 0.00, 'S'),
	(113, 3, 3, 118.00, 'S'),
	(112, 6, 2, 939.00, 'S'),
	(98, 41, 2, 1006.00, 'S'),
	(99, 42, 2, 0.00, 'S'),
	(100, 43, 2, 0.00, 'S'),
	(111, 28, 2, 0.00, 'S'),
	(110, 17, 2, 6.00, 'S'),
	(109, 40, 2, 35.00, 'S'),
	(107, 19, 3, 0.00, 'S'),
	(108, 19, 2, 391.00, 'S'),
	(157, 42, 3, 965.00, 'S'),
	(158, 44, 2, 0.00, 'S'),
	(159, 52, 2, 0.00, 'S'),
	(160, 53, 2, 0.00, 'S'),
	(161, 54, 2, 0.00, 'S');
/*!40000 ALTER TABLE `materiaprima_categoria` ENABLE KEYS */;


-- Dumping structure for table tierrina.materiaprima_envase
CREATE TABLE IF NOT EXISTS `materiaprima_envase` (
  `idProducto` bigint(20) NOT NULL DEFAULT '0',
  `idEnvase` bigint(20) NOT NULL DEFAULT '0'
) ENGINE=MyISAM DEFAULT CHARSET=latin1;

-- Dumping data for table tierrina.materiaprima_envase: 0 rows
DELETE FROM `materiaprima_envase`;
/*!40000 ALTER TABLE `materiaprima_envase` DISABLE KEYS */;
/*!40000 ALTER TABLE `materiaprima_envase` ENABLE KEYS */;


-- Dumping structure for table tierrina.ordenentrada
CREATE TABLE IF NOT EXISTS `ordenentrada` (
  `idOrden` bigint(20) NOT NULL DEFAULT '0',
  `codigoOrden` varchar(25) COLLATE latin1_spanish_ci DEFAULT NULL,
  `fecha` datetime DEFAULT NULL,
  `idTipoRegistro` char(1) COLLATE latin1_spanish_ci DEFAULT NULL,
  `idProveedor` bigint(20) DEFAULT NULL,
  `idTransportista` bigint(20) DEFAULT NULL,
  `origen` varchar(50) COLLATE latin1_spanish_ci DEFAULT NULL,
  `albaran` varchar(50) COLLATE latin1_spanish_ci DEFAULT NULL,
  `descVehiculo` varchar(100) COLLATE latin1_spanish_ci DEFAULT NULL,
  `notasVehiculo` varchar(250) COLLATE latin1_spanish_ci DEFAULT NULL,
  `habilitado` char(1) COLLATE latin1_spanish_ci DEFAULT NULL,
  `usuarioResponsable` varchar(20) COLLATE latin1_spanish_ci DEFAULT NULL,
  `creacion` timestamp NOT NULL DEFAULT CURRENT_TIMESTAMP,
  PRIMARY KEY (`idOrden`)
) ENGINE=InnoDB DEFAULT CHARSET=latin1 COLLATE=latin1_spanish_ci;

-- Dumping data for table tierrina.ordenentrada: ~57 rows (approximately)
DELETE FROM `ordenentrada`;
/*!40000 ALTER TABLE `ordenentrada` DISABLE KEYS */;
INSERT INTO `ordenentrada` (`idOrden`, `codigoOrden`, `fecha`, `idTipoRegistro`, `idProveedor`, `idTransportista`, `origen`, `albaran`, `descVehiculo`, `notasVehiculo`, `habilitado`, `usuarioResponsable`, `creacion`) VALUES
	(1, 'O130417-1', '2013-04-17 00:00:00', NULL, 299, 52, 'Nacional', '5.4.13', 'Vehiculo III', '', 'N', 'Maria', '2013-04-17 10:21:15'),
	(2, 'O130419-2', '2013-04-19 00:00:00', NULL, 35, 49, 'Bolivia', '25.3.13', '', '', 'S', 'Maria', '2013-04-19 10:38:52'),
	(3, 'O130419-3', '2013-04-19 00:00:00', NULL, 303, 49, 'Bolivia', '17.1.13', '', '', 'S', 'Maria', '2013-04-19 11:52:48'),
	(4, 'O130419-4', '2013-04-19 00:00:00', NULL, 35, 48, 'Bolivia', '28.1.13', '', '', 'S', 'Maria', '2013-04-19 12:19:34'),
	(5, 'O130419-5', '2013-04-19 00:00:00', NULL, 35, 49, 'Bolivia', '30.10.12', '', '', 'S', 'Maria', '2013-04-19 13:16:02'),
	(6, 'O130420-6', '2013-04-20 00:00:00', NULL, 303, 49, 'Bolivia', '17.1.13', '', '', 'S', 'Maria', '2013-04-20 10:59:21'),
	(7, 'O130420-7', '2013-04-20 00:00:00', NULL, 35, 48, 'Bolivia', '24.9.12', '', '', 'S', 'Maria', '2013-04-20 11:08:15'),
	(8, 'O130420-8', '2013-04-20 00:00:00', NULL, 36, 171, 'Bolivia', '23.12.11', '', '', 'S', 'Maria', '2013-04-20 11:17:04'),
	(9, 'O130420-9', '2013-04-20 00:00:00', NULL, 42, 171, 'Bolivia', '5.1.12', '', '', 'S', 'Maria', '2013-04-20 11:19:45'),
	(10, 'O130420-10', '2013-04-20 00:00:00', NULL, 35, 48, 'Bolivia', '29.5.12', '', '', 'S', 'Maria', '2013-04-20 11:22:42'),
	(11, 'O130420-11', '2013-04-20 00:00:00', NULL, 259, 52, 'Nacional', '18.3.13', '0973 CPT', '', 'S', 'Maria', '2013-04-20 11:39:03'),
	(12, 'O130420-12', '2013-04-20 00:00:00', NULL, 253, 52, 'Nacional', '20.3.13', '0973 CPT', '', 'S', 'Maria', '2013-04-20 11:40:41'),
	(13, 'O130420-13', '2013-04-20 00:00:00', NULL, 299, 52, 'Nacional', '25.2.13', '7489 DHD', '', 'S', 'Maria', '2013-04-20 11:42:43'),
	(14, 'O130420-14', '2013-04-20 00:00:00', NULL, 245, 52, 'Nacional', '4.2.13', '0973 CPT', '', 'S', 'Maria', '2013-04-20 11:44:44'),
	(15, 'O130420-15', '2013-04-20 00:00:00', NULL, 306, 52, 'Nacional', 'AE 27/12', '0973 CPT', '', 'S', 'Maria', '2013-04-20 11:48:16'),
	(16, 'O130420-16', '2013-04-20 00:00:00', NULL, 58, 146, 'Nacional', '19.4.13', '', '', 'S', 'Maria', '2013-04-20 12:06:20'),
	(17, 'O130420-17', '2013-04-20 00:00:00', NULL, 41, 52, 'Nacional', '19.4.13', '0973 CPT', '', 'S', 'Maria', '2013-04-20 12:08:58'),
	(18, 'O130420-18', '2013-04-20 00:00:00', NULL, 57, 242, 'Nacional', '206', '', '', 'S', 'Maria', '2013-04-20 12:17:45'),
	(19, 'O130420-19', '2013-04-20 00:00:00', NULL, 179, 50, 'nacional', '19.4.13', '', '', 'S', 'Maria', '2013-04-20 12:33:27'),
	(20, 'O130422-20', '2013-04-22 00:00:00', NULL, 57, 51, 'Nacional', '22.4.13', '', '', 'S', 'Maria', '2013-04-22 09:52:49'),
	(21, 'O130422-21', '2013-04-22 00:00:00', NULL, 113, 52, 'Nacional', '22.4.13', '7489 DHD', '', 'S', 'Maria', '2013-04-22 10:25:41'),
	(22, 'O130422-22', '2013-04-22 00:00:00', NULL, 336, 52, 'Nacional', '20.3.13', '7489 DHD', '', 'S', 'Maria', '2013-04-22 10:34:23'),
	(23, 'O130422-23', '2013-04-22 00:00:00', NULL, 334, 52, 'Nacional', 'D10/13', '0973 CPT', '', 'S', 'Maria', '2013-04-22 11:19:49'),
	(24, 'O130422-24', '2013-04-22 00:00:00', NULL, 334, 52, 'Nacional', '8.3.13', '0973 CPT', '', 'S', 'Maria', '2013-04-22 11:26:49'),
	(25, 'O130422-25', '2013-04-22 00:00:00', NULL, 56, 50, 'Nacional', '22.4.13', '', '', 'S', 'Maria', '2013-04-22 11:42:18'),
	(26, 'O130422-26', '2013-04-22 00:00:00', NULL, 60, 51, 'Nacional', '&#180;22.4.13', '', '', 'S', 'Maria', '2013-04-22 11:52:31'),
	(27, 'O130422-27', '2013-04-22 00:00:00', NULL, 246, 52, 'Nacional', 'Mov 4869', '0973 CPT', '', 'S', 'Maria', '2013-04-22 11:57:59'),
	(28, 'O130422-28', '2013-04-22 00:00:00', NULL, 202, 242, 'Bolivia', 'A12/282', '', '', 'S', 'Maria', '2013-04-22 12:06:56'),
	(29, 'O130423-29', '2013-04-23 00:00:00', NULL, 173, 52, 'Nacional', 'mov 4484', '0973 CPT', '', 'S', 'Maria', '2013-04-23 09:24:33'),
	(30, 'O130423-30', '2013-04-23 00:00:00', NULL, 309, 52, 'Nacional', 'Mov 4870', '0973 CPT', '', 'S', 'Maria', '2013-04-23 09:25:58'),
	(31, 'O130423-31', '2013-04-23 00:00:00', NULL, 304, 52, 'Nacional', 'Mov 4871', '0973 CPT', '', 'S', 'Maria', '2013-04-23 09:28:20'),
	(32, 'O130423-32', '2013-04-23 00:00:00', NULL, 255, 52, 'Nacional', 'mov 4864', '0973 CPT', '', 'S', 'Maria', '2013-04-23 09:29:53'),
	(33, 'O130423-33', '2013-04-23 00:00:00', NULL, 238, 52, 'Nacional', 'Mov 4872', '0973 CPT', '', 'S', 'Maria', '2013-04-23 09:34:15'),
	(34, 'O130423-34', '2013-04-23 00:00:00', NULL, 271, 52, 'Nacional', 'Mov 4873', '0973 CPT', '', 'S', 'Maria', '2013-04-23 09:36:16'),
	(35, 'O130423-35', '2013-04-23 00:00:00', NULL, 296, 52, 'Nacional', '23.4.13', '0973 CPT', '', 'S', 'Maria', '2013-04-23 09:56:29'),
	(36, 'O130423-36', '2013-04-23 00:00:00', NULL, 113, 52, 'Nacional', '23.4.13', '0973 CPT', '', 'S', 'Maria', '2013-04-23 09:58:30'),
	(37, 'O130423-37', '2013-04-23 00:00:00', NULL, 318, 52, 'Nacional', '23.4.13', '0973 CPT', '', 'S', 'Maria', '2013-04-23 10:00:40'),
	(38, 'O130423-38', '2013-04-23 00:00:00', NULL, 46, 52, 'Nacional', '23.4.13', '0973 CPT', '', 'S', 'Maria', '2013-04-23 10:03:58'),
	(39, 'O130423-39', '2013-04-23 00:00:00', NULL, 340, 52, 'Nacional', '23.4.13', '0973 CPT', '', 'S', 'Maria', '2013-04-23 10:08:15'),
	(40, 'O130423-40', '2013-04-23 00:00:00', NULL, 306, 52, 'Nacional', '23.4.13', '0973 CPT', '', 'S', 'Maria', '2013-04-23 10:13:24'),
	(41, 'O130423-41', '2013-04-23 00:00:00', NULL, 167, 52, 'Nacional', '23.4.13', '0973 CPT', '', 'S', 'Maria', '2013-04-23 10:18:47'),
	(42, 'O130423-42', '2013-04-23 00:00:00', NULL, 240, 240, 'Nacional', '001/96760', '', '', 'S', 'Maria', '2013-04-23 10:39:25'),
	(43, 'O130423-43', '2013-04-23 00:00:00', NULL, 183, 297, 'Nacional', '43/13', '', '', 'S', 'Maria', '2013-04-23 10:51:29'),
	(44, 'O130423-44', '2013-04-23 00:00:00', NULL, 43, 43, 'Nacional', '21.1.13', '', '', 'S', 'Maria', '2013-04-23 11:08:42'),
	(45, 'O130423-45', '2013-04-23 00:00:00', NULL, 43, 43, 'Nacional', '26.10.12', '', '', 'S', 'Maria', '2013-04-23 11:14:16'),
	(46, 'O130423-46', '2013-04-23 00:00:00', NULL, 183, 286, 'Nacional', '206/13', '', '', 'S', 'Maria', '2013-04-23 11:22:50'),
	(47, 'O130423-47', '2013-04-23 00:00:00', NULL, 202, 202, 'Nacional', '22.5.12', '', '', 'S', 'Maria', '2013-04-23 11:29:57'),
	(48, 'O130423-48', '2013-04-23 00:00:00', NULL, 43, 43, 'Nacional', '20.3.12', '', '', 'S', 'Maria', '2013-04-23 11:38:53'),
	(49, 'O130423-49', '2013-04-23 00:00:00', NULL, 43, 43, 'Nacional', '19.3.13', '', '', 'S', 'Maria', '2013-04-23 11:41:26'),
	(50, 'O130423-50', '2013-04-23 00:00:00', NULL, 183, 297, 'MYANMAR', '1249/12', '', '', 'S', 'Maria', '2013-04-23 11:45:53'),
	(51, 'O130423-51', '2013-04-23 00:00:00', NULL, 183, 297, 'Polonia', '1249/12', '', '', 'S', 'Maria', '2013-04-23 11:48:14'),
	(52, 'O130423-52', '2013-04-23 00:00:00', NULL, 342, 52, 'Nacional', '23.4.13', '0973 CPT', '', 'S', 'Maria', '2013-04-23 12:23:14'),
	(53, 'O130423-53', '2013-04-23 00:00:00', NULL, 299, 52, 'Nacional', '23.4.13', '0973 CPT', '', 'S', 'Maria', '2013-04-23 12:50:22'),
	(54, 'O130423-54', '2013-04-23 00:00:00', NULL, 60, 51, 'Nacional', '23.4.13', '', '', 'S', 'Maria', '2013-04-23 13:16:45'),
	(55, 'O130424-55', '2013-04-24 00:00:00', NULL, 306, 52, 'Nacional', 'D 06/13', '8066 HFW', '', 'S', 'Maria', '2013-04-24 09:27:41'),
	(56, 'O130424-56', '2013-04-24 00:00:00', NULL, 334, 52, 'Nacional', '24.04.13', '0973 CPT', '', 'S', 'Maria', '2013-04-24 09:30:22'),
	(57, 'O130424-57', '2013-04-24 00:00:00', NULL, 261, 52, 'Nacional', '24.4.13', '0973 CPT', '', 'S', 'Maria', '2013-04-24 10:36:37');
/*!40000 ALTER TABLE `ordenentrada` ENABLE KEYS */;


-- Dumping structure for table tierrina.ordenentrada_tmp
CREATE TABLE IF NOT EXISTS `ordenentrada_tmp` (
  `idOrden` bigint(20) NOT NULL DEFAULT '0',
  `codigoOrden` varchar(25) COLLATE latin1_spanish_ci DEFAULT NULL,
  `fecha` datetime DEFAULT NULL,
  `idTipoRegistro` char(1) COLLATE latin1_spanish_ci DEFAULT NULL,
  `idProveedor` bigint(20) DEFAULT NULL,
  `idTransportista` bigint(20) DEFAULT NULL,
  `origen` varchar(50) COLLATE latin1_spanish_ci DEFAULT NULL,
  `albaran` varchar(50) COLLATE latin1_spanish_ci DEFAULT NULL,
  `descVehiculo` varchar(100) COLLATE latin1_spanish_ci DEFAULT NULL,
  `notasVehiculo` varchar(250) COLLATE latin1_spanish_ci DEFAULT NULL,
  `habilitado` char(1) COLLATE latin1_spanish_ci DEFAULT NULL,
  `usuarioResponsable` varchar(20) COLLATE latin1_spanish_ci DEFAULT NULL,
  PRIMARY KEY (`idOrden`)
) ENGINE=InnoDB DEFAULT CHARSET=latin1 COLLATE=latin1_spanish_ci ROW_FORMAT=DYNAMIC;

-- Dumping data for table tierrina.ordenentrada_tmp: ~0 rows (approximately)
DELETE FROM `ordenentrada_tmp`;
/*!40000 ALTER TABLE `ordenentrada_tmp` DISABLE KEYS */;
/*!40000 ALTER TABLE `ordenentrada_tmp` ENABLE KEYS */;


-- Dumping structure for table tierrina.producto
CREATE TABLE IF NOT EXISTS `producto` (
  `idProducto` bigint(20) NOT NULL AUTO_INCREMENT,
  `idCategoria` bigint(20) NOT NULL DEFAULT '0',
  `idEstado` bigint(20) DEFAULT '0',
  `idTipo` bigint(20) DEFAULT NULL,
  `idGrupo` bigint(20) DEFAULT NULL,
  `idMateriaPrima` bigint(20) DEFAULT NULL,
  `familia_idFamilia` bigint(20) DEFAULT NULL,
  `fecha` date DEFAULT NULL,
  `codigoEan` varchar(14) COLLATE latin1_spanish_ci DEFAULT NULL,
  `nombre` varchar(255) COLLATE latin1_spanish_ci DEFAULT NULL,
  `descripcion` varchar(255) COLLATE latin1_spanish_ci DEFAULT NULL,
  `peso` double(8,2) NOT NULL DEFAULT '0.00',
  `stock` double(8,2) DEFAULT '0.00',
  `stockAgrupado` double(8,2) NOT NULL DEFAULT '0.00',
  `stockMinimo` double(8,2) DEFAULT '0.00',
  `idBolsa` bigint(10) DEFAULT NULL,
  `idSaco` bigint(10) DEFAULT NULL,
  `idCarton` bigint(10) DEFAULT NULL,
  `idSaquete` bigint(10) DEFAULT NULL,
  `idMadera` bigint(10) DEFAULT NULL,
  `idOtro` bigint(10) DEFAULT NULL,
  `proveedor_idUsuario` bigint(20) DEFAULT NULL,
  `cliente_idUsuario` bigint(20) DEFAULT NULL,
  `productoComposicion_idProducto` bigint(20) DEFAULT NULL,
  `codigoProducto` varchar(50) COLLATE latin1_spanish_ci DEFAULT NULL,
  `precio` double(8,2) NOT NULL DEFAULT '0.00',
  `precioCoste` double(8,2) NOT NULL DEFAULT '0.00',
  `idImpuesto` bigint(20) NOT NULL DEFAULT '1',
  `foto` varchar(50) COLLATE latin1_spanish_ci DEFAULT 'nohay.jpg',
  `fechaActualizacion` timestamp NULL DEFAULT CURRENT_TIMESTAMP ON UPDATE CURRENT_TIMESTAMP,
  `habilitado` char(1) COLLATE latin1_spanish_ci NOT NULL DEFAULT 'S',
  `mostrar` int(11) NOT NULL DEFAULT '0',
  PRIMARY KEY (`idProducto`),
  KEY `FKF2D1C16016780DBF` (`productoComposicion_idProducto`),
  KEY `FKF2D1C160DF420B37` (`cliente_idUsuario`),
  KEY `FKF2D1C160AB05831B` (`proveedor_idUsuario`),
  KEY `FKF2D1C1606FF9C26D` (`familia_idFamilia`),
  KEY `idCategoria` (`idCategoria`),
  KEY `idEstado` (`idEstado`),
  KEY `idTipo` (`idTipo`),
  KEY `idGrupo` (`idGrupo`)
) ENGINE=InnoDB AUTO_INCREMENT=211 DEFAULT CHARSET=latin1 COLLATE=latin1_spanish_ci;

-- Dumping data for table tierrina.producto: ~195 rows (approximately)
DELETE FROM `producto`;
/*!40000 ALTER TABLE `producto` DISABLE KEYS */;
INSERT INTO `producto` (`idProducto`, `idCategoria`, `idEstado`, `idTipo`, `idGrupo`, `idMateriaPrima`, `familia_idFamilia`, `fecha`, `codigoEan`, `nombre`, `descripcion`, `peso`, `stock`, `stockAgrupado`, `stockMinimo`, `idBolsa`, `idSaco`, `idCarton`, `idSaquete`, `idMadera`, `idOtro`, `proveedor_idUsuario`, `cliente_idUsuario`, `productoComposicion_idProducto`, `codigoProducto`, `precio`, `precioCoste`, `idImpuesto`, `foto`, `fechaActualizacion`, `habilitado`, `mostrar`) VALUES
	(1, 2, NULL, NULL, 11, NULL, 0, '2010-02-23', '8436016090087', 'Faba Asturiana DO - Tierrina Vaqueira - 1Kg - Estuche Cartón', 'Faba Asturiana DO - Extra - Estuche de Cartón 1kg. Tierrina Vaqueira', 1.00, 0.00, 61.00, 0.00, NULL, NULL, NULL, NULL, NULL, NULL, NULL, NULL, NULL, NULL, 0.00, 0.00, 3, 'nohay.jpg', '2013-04-24 09:45:47', 'S', 0),
	(2, 2, NULL, NULL, 11, NULL, 0, '2010-02-23', '8436016090018', 'Faba Asturiana DO - Tierrina Vaqueira - 1Kg - Saquete Tela', 'Faba Asturiana DO - Extra - Saquete de tela 1kg. Tierrina Vaqueira', 1.00, 0.00, 0.00, 0.00, NULL, NULL, NULL, NULL, NULL, NULL, NULL, NULL, NULL, NULL, 0.00, 0.00, 3, 'nohay.jpg', '2013-03-20 12:11:44', 'S', 0),
	(3, 2, NULL, NULL, 11, NULL, 0, '2010-02-23', '8436027260028', 'Faba Ast. DO - TIERRA ASTUR - 1Kg  - Saquete Tela', 'Faba Asturiana DO - Extra - Saquete de tela 1kg. "Tierra Astur"', 1.00, 0.00, 0.00, 60.00, NULL, NULL, NULL, NULL, NULL, NULL, NULL, NULL, NULL, NULL, 0.00, 0.00, 3, 'nohay.jpg', '2013-04-17 09:53:46', 'S', 0),
	(5, 3, NULL, NULL, 12, NULL, 0, '2010-02-23', '18436016090268', 'Agrupación faba granja "Orbayu" 500g-primera A', ' Agrupación faba granja "Orbayu" 500g-primera A', 9.00, 0.00, 0.00, 0.00, NULL, NULL, NULL, NULL, NULL, NULL, NULL, NULL, NULL, NULL, 0.00, 0.00, 3, 'nohay.jpg', '2013-03-26 11:54:57', 'S', 0),
	(6, 2, NULL, NULL, 11, NULL, 0, '2010-02-23', '8436016090056', 'Faba Ast. DO - Extra "SABROSONA" Saquete tela 500gr. ', 'Faba Asturiana DO - Extra - Saquete tela 500gr. Sabrosona', 0.50, 0.00, 300.00, 0.00, NULL, NULL, NULL, NULL, NULL, NULL, NULL, NULL, NULL, NULL, 0.00, 0.00, 3, 'nohay.jpg', '2013-04-24 10:42:00', 'S', 0),
	(7, 2, NULL, NULL, 11, NULL, 0, '2010-02-23', '8436016090032', 'Faba Asturiana DO - Extra - Saco 5kg Tierrina Vaqueira', 'Faba Asturiana DO - Extra - Saco 5kg Tierrina Vaqueira', 5.00, 0.00, 0.00, 0.00, NULL, NULL, NULL, NULL, NULL, NULL, NULL, NULL, NULL, NULL, 0.00, 0.00, 3, 'nohay.jpg', '2013-02-01 13:25:27', 'S', 1),
	(8, 2, NULL, NULL, 11, NULL, 0, '2010-02-23', '8436016090049', 'Faba Asturiana DO - Extra - Saco 10kg Tierrina Vaqueira', 'Faba Asturiana DO - Extra - Saco 10kg Tierrina Vaqueira', 10.00, 6.00, 0.00, 0.00, NULL, NULL, NULL, NULL, NULL, NULL, NULL, NULL, NULL, NULL, 0.00, 0.00, 3, 'nohay.jpg', '2013-04-22 12:01:40', 'S', 1),
	(9, 1, NULL, NULL, 11, NULL, 1, '2010-02-23', '8436016090803', 'Paquete vacio Faba Asturiana DO - Extra - Envase  200 gr.', 'Paquete vacío "Tierrina Vaqueira" Faba Asturiana DO - Extra - Envase 200 gr.', 0.20, 0.00, 0.00, 0.00, NULL, NULL, NULL, NULL, NULL, NULL, NULL, NULL, NULL, NULL, 0.00, 0.00, 3, 'nohay.jpg', '2012-01-23 10:46:02', 'S', 0),
	(10, 1, NULL, NULL, 11, NULL, 1, '2010-02-23', '8436016090810', 'Paquete Vacio "Tierrina Vaqueira" Faba Asturiana DO - Extra - Envase 400 g.', 'Faba Asturiana DO - Extra - Envase 400 g.', 0.40, 0.00, 0.00, 0.00, NULL, NULL, NULL, NULL, NULL, NULL, NULL, NULL, NULL, NULL, 0.00, 0.00, 3, 'nohay.jpg', '2012-01-23 10:46:02', 'S', 0),
	(11, 3, NULL, NULL, 12, NULL, 0, '2011-02-18', '18436016095607', 'Alubias granja Nacional "C" Primera A (5 Kg)', 'Alubias granja Nacional "C" Primera A (5 Kg)', 10.00, 0.00, 0.00, 0.00, NULL, NULL, NULL, NULL, NULL, NULL, NULL, NULL, NULL, NULL, 0.00, 0.00, 3, 'nohay.jpg', '2013-01-25 10:35:21', 'S', 1),
	(12, 2, NULL, NULL, 23, NULL, 0, '2010-02-23', '8436016094313', 'Frijol Negrito PV (15Kg)', 'Frijol Negrito PV (15Kg)', 15.00, 36.00, 0.00, 0.00, NULL, NULL, NULL, NULL, NULL, NULL, NULL, NULL, NULL, NULL, 0.00, 0.00, 3, 'nohay.jpg', '2013-04-23 11:14:16', 'S', 1),
	(13, 5, NULL, NULL, 12, NULL, 0, '2010-02-23', '18436016095805', 'Alubias granja nacional segunda-5 kg', 'Alubias granja nacional segunda-5 kg', 5.00, 0.00, 0.00, 0.00, NULL, NULL, NULL, NULL, NULL, NULL, NULL, NULL, NULL, NULL, 0.00, 0.00, 3, 'nohay.jpg', '2013-04-18 09:28:48', 'S', 1),
	(14, 2, NULL, NULL, 12, NULL, 0, '2010-02-23', '18436016095065', 'Alubias Fabada Granja I. Extra  -  50kg.', 'Alubias Fabada Granja I. - Extra  - Saco 50kg.', 50.00, 0.00, 0.00, 0.00, NULL, NULL, NULL, NULL, NULL, NULL, NULL, NULL, NULL, NULL, 0.00, 0.00, 3, 'nohay.jpg', '2013-04-17 09:53:46', 'S', 1),
	(15, 3, NULL, NULL, 12, NULL, 0, '2010-02-23', '28436016095604', 'Alubias Granja Nacional "C" Primera A (10 Kg)', 'Alubias Granja Nacional "C" Primera A (10 Kg)', 10.00, 0.00, 0.00, 0.00, NULL, NULL, NULL, NULL, NULL, NULL, NULL, NULL, NULL, NULL, 0.00, 0.00, 3, 'nohay.jpg', '2013-01-25 10:34:49', 'S', 1),
	(16, 2, NULL, NULL, 22, NULL, 0, '2010-02-23', '8436016094757', 'Sin envase_ Alubia Pinta Redonda', 'Sin envase_ Alubia Pinta Redonda', 1.00, 0.00, 0.00, 0.00, NULL, NULL, NULL, NULL, NULL, NULL, NULL, NULL, NULL, NULL, 0.00, 0.00, 3, 'nohay.jpg', '2013-03-25 11:01:24', 'S', 0),
	(17, 3, NULL, NULL, 12, NULL, 0, '2010-02-23', '8436016095129', 'Alubias Fabada Granja I. Primera A -  25kg.', 'Alubias Fabada Granja I. - Extra B - Saco 25kg.', 25.00, 0.00, 0.00, 0.00, NULL, NULL, NULL, NULL, NULL, NULL, NULL, NULL, NULL, NULL, 0.00, 0.00, 3, 'nohay.jpg', '2013-04-17 09:53:46', 'S', 1),
	(18, 3, NULL, NULL, 12, NULL, 0, '2010-02-23', '8436016095136', 'Alubias Fabada Granja I. Primera A -  50kg.', 'Alubias Fabada Granja I. - Extra B - Saco 50kg.', 50.00, 0.00, 0.00, 0.00, NULL, NULL, NULL, NULL, NULL, NULL, NULL, NULL, NULL, NULL, 0.00, 0.00, 3, 'nohay.jpg', '2012-04-20 11:15:57', 'S', 0),
	(19, 4, NULL, NULL, 24, NULL, 0, '2010-02-23', '8436016094900', 'Soja Mungo 15 Kg PV', 'Soja Mungo 15 Kg PV', 15.00, 0.00, 0.00, 0.00, NULL, NULL, NULL, NULL, NULL, NULL, NULL, NULL, NULL, NULL, 0.00, 0.00, 3, 'nohay.jpg', '2013-01-28 12:32:23', 'S', 1),
	(20, 3, NULL, NULL, 12, NULL, 0, '2010-02-23', '38436016095137', 'Alubias granja I primera A 5:1 (15Kg)', 'Alubias granja I primera A 5:1 (15Kg)', 15.00, 0.00, 0.00, 0.00, NULL, NULL, NULL, NULL, NULL, NULL, NULL, NULL, NULL, NULL, 0.00, 0.00, 3, 'nohay.jpg', '2013-03-25 13:10:35', 'S', 1),
	(21, 3, NULL, NULL, 12, NULL, 0, '2010-02-23', '48436016095134', 'Alubias granja I Primera A 5:1 (25Kg)', 'Alubias granja I Primera A 5:1 (25Kg)', 25.00, 0.00, 0.00, 0.00, NULL, NULL, NULL, NULL, NULL, NULL, NULL, NULL, NULL, NULL, 0.00, 0.00, 3, 'nohay.jpg', '2013-03-25 13:11:02', 'S', 1),
	(22, 2, NULL, NULL, 24, NULL, 0, '2010-02-23', '8436016094917', 'Sin envase- soja mungo', 'Sin envase- soja mungo', 1.00, 0.00, 0.00, 0.00, NULL, NULL, NULL, NULL, NULL, NULL, NULL, NULL, NULL, NULL, 0.00, 0.00, 3, 'nohay.jpg', '2013-01-28 12:36:42', 'S', 0),
	(23, 2, NULL, NULL, 31, NULL, 0, '2010-02-23', '38436016094369', 'Garbanzo Kabuli- 15Kg', 'Garbanzo Kabuli- 15Kg', 15.00, 0.00, 0.00, 0.00, NULL, NULL, NULL, NULL, NULL, NULL, NULL, NULL, NULL, NULL, 0.00, 0.00, 3, 'nohay.jpg', '2013-04-17 09:53:46', 'S', 1),
	(24, 2, NULL, NULL, 15, NULL, 0, '2010-02-23', '48436016094014', 'Alubia Amarilla redonda León (25Kg)', 'Alubia Amarilla redonda León (25Kg)', 25.00, 0.00, 0.00, 0.00, NULL, NULL, NULL, NULL, NULL, NULL, NULL, NULL, NULL, NULL, 0.00, 0.00, 3, 'nohay.jpg', '2013-03-25 12:10:20', 'S', 1),
	(25, 5, NULL, NULL, 12, NULL, 0, '2010-02-23', '38436016095113', 'Alubias granja I primera A 3:1 (15Kg)', 'Alubias granja I primera A 3:1 (15Kg)', 25.00, 0.00, 0.00, 0.00, NULL, NULL, NULL, NULL, NULL, NULL, NULL, NULL, NULL, NULL, 0.00, 0.00, 3, 'nohay.jpg', '2013-03-25 10:40:57', 'S', 1),
	(26, 3, NULL, NULL, 12, NULL, 0, '2010-02-23', '38436016095601', 'Alubias Granja Nacional "C" Primera A (15 Kg)', 'Alubias Granja Nacional "C" Primera A (15 Kg)', 15.00, 0.00, 0.00, 0.00, NULL, NULL, NULL, NULL, NULL, NULL, NULL, NULL, NULL, NULL, 0.00, 0.00, 3, 'nohay.jpg', '2013-01-25 12:44:38', 'S', 1),
	(27, 2, NULL, NULL, 16, NULL, 0, '2010-02-23', '8436016094160', 'sin envase-alubia canela ', 'sin envase-alubia canela ', 1.00, 0.00, 0.00, 0.00, NULL, NULL, NULL, NULL, NULL, NULL, NULL, NULL, NULL, NULL, 0.00, 0.00, 3, 'nohay.jpg', '2013-04-22 09:46:29', 'S', 0),
	(28, 2, NULL, NULL, 12, NULL, 0, '2010-02-23', '8436016090131', 'Saquete "Orbayu" Alubias Granja I. - Extra   -  500 gr. ', 'Saquete "Orbayu" Faba de Granja I. - Extra   -  500 gr. ', 0.50, 0.00, 0.00, 0.00, NULL, NULL, NULL, NULL, NULL, NULL, NULL, NULL, NULL, NULL, 0.00, 0.00, 3, 'nohay.jpg', '2013-01-11 11:23:33', 'S', 0),
	(29, 2, NULL, NULL, 12, NULL, 0, '2010-02-23', '8436016090148', 'Saquete "Orbayu" " Alubias Granja I. - Extra  - 700gr. ', 'Saquete "Orbayu" Faba de Granja I. - Extra   - Saquete tela 700gr.', 0.70, 0.00, 84.00, 105.00, NULL, NULL, NULL, NULL, NULL, NULL, NULL, NULL, NULL, NULL, 0.00, 0.00, 3, 'nohay.jpg', '2013-04-23 12:09:26', 'S', 0),
	(30, 3, NULL, NULL, 12, NULL, 0, '2010-02-23', '8436016090124', 'Saquete "Orbayu" Alubias Fabada  Granja I. - Primera A  - 1 Kg. ', 'Saquete "Orbayu" Faba de Granja I. - Primera A  - 1 Kg.', 1.00, 0.00, 0.00, 0.00, NULL, NULL, NULL, NULL, NULL, NULL, NULL, NULL, NULL, NULL, 0.00, 0.00, 3, 'nohay.jpg', '2012-12-20 11:14:26', 'S', 0),
	(31, 2, NULL, NULL, 16, NULL, 0, '2010-02-23', '38436016094161', 'Alubia canela (15 Kg)', 'Alubia canela (15 Kg)', 15.00, 0.00, 0.00, 0.00, NULL, NULL, NULL, NULL, NULL, NULL, NULL, NULL, NULL, NULL, 0.00, 0.00, 3, 'nohay.jpg', '2013-04-17 09:53:46', 'S', 1),
	(32, 2, NULL, NULL, 12, NULL, 0, '2010-02-23', '8436016090209', ' Alubias Fabada Granja I.- Extra -  Bolsa 500gr. ', 'Bolsa Plástico con etiqueta Faba de Granja I.- Extra  -  500gr.', 0.50, 0.00, 0.00, 0.00, NULL, NULL, NULL, NULL, NULL, NULL, NULL, NULL, NULL, NULL, 0.00, 0.00, 3, 'nohay.jpg', '2013-01-11 11:11:04', 'S', 0),
	(33, 3, NULL, NULL, 12, NULL, 0, '2010-02-23', '8436016090506', 'Alubias Fabada Granja. (1:1) - Bolsa 1 Kg. ', 'Bolsa Plástico con Etiqueta- Faba de Granja I. - Extra A- Primera A - 1 Kg. ', 1.00, 0.00, 0.00, 0.00, NULL, NULL, NULL, NULL, NULL, NULL, NULL, NULL, NULL, NULL, 0.00, 0.00, 3, 'nohay.jpg', '2012-04-20 13:24:35', 'S', 0),
	(34, 3, NULL, NULL, 12, NULL, 0, '2010-02-23', '8436016090605', 'Paquete Vacio "Orbayu" Alubia de Granja I.- Envase  200gr ', 'Paquete Vacio "Orbayu" Faba de Granja I. -primera A - Envase  200gr ', 0.20, 0.00, 0.00, 0.00, NULL, NULL, NULL, NULL, NULL, NULL, NULL, NULL, NULL, NULL, 0.00, 0.00, 3, 'nohay.jpg', '2012-06-12 13:22:54', 'S', 0),
	(35, 1, NULL, NULL, 12, NULL, 1, '2010-02-23', '8436016090612', 'Paquete Vacio "Orbayu" Faba de Granja I. - Extra A Extra B - Envase  400 g.', 'Paquete Vacio "Orbayu" Faba de Granja I. - Extra A Extra B - Envase  400 g.', 0.40, 0.00, 0.00, 0.00, NULL, NULL, NULL, NULL, NULL, NULL, NULL, NULL, NULL, NULL, 0.00, 0.00, 3, 'nohay.jpg', '2012-01-23 10:46:02', 'S', 0),
	(36, 2, NULL, NULL, 12, NULL, 0, '2010-02-23', '8436016090193', 'Alubias Fabada Granja I.- Extra   - La Aldea 500gr.', 'Faba de Granja I. - Extra  - Saquete tela 500gr. La Aldea', 0.50, 0.00, 0.00, 0.00, NULL, NULL, NULL, NULL, NULL, NULL, NULL, NULL, NULL, NULL, 0.00, 0.00, 3, 'nohay.jpg', '2013-01-11 11:13:04', 'S', 0),
	(37, 2, NULL, NULL, 12, NULL, 0, '2010-02-23', '8436016090186', 'Alubias Faba  Granja I. - Extra La Aldea 1kg. ', 'Alubias Faba Granja I. - Extra   - Saquete tela 1kg. La Aldea', 1.00, 0.00, 0.00, 0.00, NULL, NULL, NULL, NULL, NULL, NULL, NULL, NULL, NULL, NULL, 0.00, 0.00, 3, 'nohay.jpg', '2013-01-11 11:11:52', 'S', 0),
	(38, 2, NULL, NULL, 12, NULL, 0, '2010-02-23', '38436016095502', 'Alubias granja Nacional Primera A (15 Kg)', 'Alubias granja Nacional Primera A (15 Kg)', 15.00, 0.00, 0.00, 0.00, NULL, NULL, NULL, NULL, NULL, NULL, NULL, NULL, NULL, NULL, 0.00, 0.00, 3, 'nohay.jpg', '2013-03-25 10:52:37', 'S', 1),
	(39, 2, NULL, NULL, 12, NULL, 0, '2010-02-23', '38436016095700', 'Alubias Granja Nacional - Extra  15kg.', 'Faba Granja Nacional - Extra  - Saco 15kg.', 15.00, 0.00, 0.00, 0.00, NULL, NULL, NULL, NULL, NULL, NULL, NULL, NULL, NULL, NULL, 0.00, 0.00, 3, 'nohay.jpg', '2013-03-25 11:38:28', 'S', 1),
	(40, 2, NULL, NULL, 12, NULL, 0, '2010-02-23', '18436016095440', 'Alubias  Granja Nacional - Extra  -  25kg.', 'Faba Granja Nacional - Extra - Saco 25kg.', 25.00, 0.00, 0.00, 0.00, NULL, NULL, NULL, NULL, NULL, NULL, NULL, NULL, NULL, NULL, 0.00, 0.00, 3, 'nohay.jpg', '2013-03-25 11:39:27', 'S', 1),
	(41, 2, NULL, NULL, 12, NULL, 0, '2010-02-23', '18436016095464', 'Alubias  Granja Nacional - Extra  -  50kg.', 'Faba Granja Nacional - Extra  - Saco 50kg.', 50.00, 0.00, 0.00, 0.00, NULL, NULL, NULL, NULL, NULL, NULL, NULL, NULL, NULL, NULL, 0.00, 0.00, 3, 'nohay.jpg', '2013-03-25 11:40:36', 'S', 1),
	(42, 3, NULL, NULL, 12, NULL, 0, '2010-02-23', '28436016095505', 'Alubias Granja Nacional - Primera A -  10kg.', 'Faba Granja Nacional(Granjilla) - Primera A- Saco 10kg.', 10.00, 0.00, 0.00, 0.00, NULL, NULL, NULL, NULL, NULL, NULL, NULL, NULL, NULL, NULL, 0.00, 0.00, 3, 'nohay.jpg', '2013-01-03 11:05:52', 'S', 1),
	(43, 4, NULL, NULL, 12, NULL, 0, '2010-02-23', '38436016095700', 'Alubias Granja Nacional - Primera (15kg.)', 'Faba Granja Nacional(manchada) - Primera - Saco 15kg.', 15.00, 0.00, 0.00, 0.00, NULL, NULL, NULL, NULL, NULL, NULL, NULL, NULL, NULL, NULL, 0.00, 0.00, 3, 'nohay.jpg', '2013-03-25 10:56:32', 'S', 1),
	(44, 3, NULL, NULL, 12, NULL, 0, '2010-02-23', '48436016095509', 'Alubias Granja Nacional - Primera A-  25kg.', 'Faba Granja Nacional(Granjilla) - Primera A - Saco 25kg.', 25.00, 0.00, 0.00, 0.00, NULL, NULL, NULL, NULL, NULL, NULL, NULL, NULL, NULL, NULL, 0.00, 0.00, 3, 'nohay.jpg', '2013-04-17 09:53:46', 'S', 1),
	(45, 3, NULL, NULL, 12, NULL, 0, '2010-02-23', '8436016095549', 'Alubias Fabada Granja Nacional - Primera - Saco 50kg.', 'Faba Granja Nacional -(Granjilla) - Saco 50kg.', 50.00, 0.00, 0.00, 0.00, NULL, NULL, NULL, NULL, NULL, NULL, NULL, NULL, NULL, NULL, 0.00, 0.00, 3, 'nohay.jpg', '2012-04-04 09:54:09', 'S', 0),
	(46, 4, NULL, NULL, 12, NULL, 0, '2010-02-23', '28436016095703', 'Alubias Granja Nacional - Primera - 10kg.', 'Faba Granja Nacional - (manchada) Primera - Saco 10kg.', 10.00, 0.00, 0.00, 0.00, NULL, NULL, NULL, NULL, NULL, NULL, NULL, NULL, NULL, NULL, 0.00, 0.00, 3, 'nohay.jpg', '2013-01-03 11:38:05', 'S', 1),
	(47, 4, NULL, NULL, 12, NULL, 0, '2010-02-23', '18436016095706', 'Alubias Granja Nacional - Primera -  5 kg.', 'Faba Granja Nacional - (manchada)primera - Saco 5kg.', 15.00, 0.00, 0.00, 0.00, NULL, NULL, NULL, NULL, NULL, NULL, NULL, NULL, NULL, NULL, 0.00, 0.00, 3, 'nohay.jpg', '2013-01-03 11:36:46', 'S', 1),
	(48, 4, NULL, NULL, 12, NULL, 0, '2010-02-23', '48436016095707', 'Alubias Granja Nacional - Primera (25Kg).', 'Faba Granja Nacional - (Manchada)primera - Saco 25kg.', 25.00, 0.00, 0.00, 0.00, NULL, NULL, NULL, NULL, NULL, NULL, NULL, NULL, NULL, NULL, 0.00, 0.00, 3, 'nohay.jpg', '2013-04-17 09:53:46', 'S', 1),
	(49, 5, NULL, NULL, 12, NULL, 0, '2010-02-23', '48436016095806', 'Alubias Granja Nacional - Segunda (25 Kg)', 'Faba Granja Nacional - (Manchada)Segunda - Saco 25kg.', 25.00, 0.00, 0.00, 0.00, NULL, NULL, NULL, NULL, NULL, NULL, NULL, NULL, NULL, NULL, 0.00, 0.00, 3, 'nohay.jpg', '2013-01-14 11:37:35', 'S', 1),
	(50, 2, NULL, NULL, 13, NULL, 0, '2010-02-23', '18436016097007', 'Agrupación faba fresca 10 ud x 1Kg', 'Agrupación faba fresca 10 ud x 1Kg', 10.00, 3.00, 0.00, 0.00, NULL, NULL, NULL, NULL, NULL, NULL, NULL, NULL, NULL, NULL, 0.00, 0.00, 3, 'nohay.jpg', '2013-04-22 11:54:23', 'S', 0),
	(56, 2, NULL, NULL, 14, NULL, 0, '2010-02-23', '18436016095901', 'ALUBIA VERDINA ASTURIANA - EXTRA  (10 KG)', 'Faba Verdina Asturiana - Extra - Saco 10kg.', 10.00, 0.00, 0.00, 0.00, NULL, NULL, NULL, NULL, NULL, NULL, NULL, NULL, NULL, NULL, 0.00, 0.00, 3, 'nohay.jpg', '2013-04-17 09:53:46', 'S', 1),
	(57, 2, NULL, NULL, 14, NULL, 0, '2010-02-23', '28436016095908', 'ALUBIA VERDINA ASTURIANA - EXTRA  (15 KG).', 'Faba Verdina Asturiana - Extra - Saco 15kg.', 15.00, 16.00, 0.00, 10.00, NULL, NULL, NULL, NULL, NULL, NULL, NULL, NULL, NULL, NULL, 0.00, 0.00, 3, 'nohay.jpg', '2013-04-24 10:58:53', 'S', 1),
	(58, 2, NULL, NULL, 14, NULL, 0, '2010-02-23', '38436016095905', 'ALUBIA VERDINA ASTURIANA - EXTRA  (25 KG)', 'Faba Verdina Asturiana - Extra - Saco 25kg.', 25.00, 0.00, 0.00, 0.00, NULL, NULL, NULL, NULL, NULL, NULL, NULL, NULL, NULL, NULL, 0.00, 0.00, 3, 'nohay.jpg', '2013-04-17 09:53:46', 'S', 1),
	(59, 2, NULL, NULL, 14, NULL, 0, '2010-02-23', '48436016095707', 'Alubias Fabada Verdina Asturiana - Extra -  50kg.', 'Faba Verdina Asturiana - Extra - Saco 50kg.', 50.00, 0.00, 0.00, 0.00, NULL, NULL, NULL, NULL, NULL, NULL, NULL, NULL, NULL, NULL, 0.00, 0.00, 3, 'nohay.jpg', '2012-08-10 19:02:38', 'S', 1),
	(60, 4, NULL, NULL, 14, NULL, 0, '2010-02-23', '28436016096106', 'Alubia Verdina Asturiana -(B-S) Primera -  10kg.', 'Faba Verdina Asturiana -(Blanqueada-Siembra) - Saco 10kg.', 10.00, 0.00, 0.00, 0.00, NULL, NULL, NULL, NULL, NULL, NULL, NULL, NULL, NULL, NULL, 0.00, 0.00, 3, 'nohay.jpg', '2013-01-03 10:40:12', 'S', 1),
	(61, 4, NULL, NULL, 14, NULL, 0, '2010-02-23', '18436016096109', 'Faba Verdina Asturiana - (B-.S)Primera - 5kg.', 'Faba VerdinaAsturiana(Blanqueada-Siembra) - Saco 5kg.', 5.00, 0.00, 0.00, 0.00, NULL, NULL, NULL, NULL, NULL, NULL, NULL, NULL, NULL, NULL, 0.00, 0.00, 3, 'nohay.jpg', '2013-01-03 10:38:11', 'S', 1),
	(62, 4, NULL, NULL, 14, NULL, 0, '2010-02-23', '48436016096100', 'Alubia Verdina Asturiana -(B-S) Primera - Saco 25kg.', 'Faba Verdina asturiana (Blanqueada-Siembra) - Saco 25kg.', 25.00, 0.00, 0.00, 0.00, NULL, NULL, NULL, NULL, NULL, NULL, NULL, NULL, NULL, NULL, 0.00, 0.00, 3, 'nohay.jpg', '2013-01-03 10:54:10', 'S', 1),
	(63, 4, NULL, NULL, 14, NULL, 0, '2010-02-23', '8436016096102', 'Sin envase-Alubia Verdina Asturiana- (B-S) Primera  ', 'Faba Verdina Asturiana- (Blanqueada-Siembra) Primera A (SIN ENVASE)', 4.00, 0.00, 0.00, 0.00, NULL, NULL, NULL, NULL, NULL, NULL, NULL, NULL, NULL, NULL, 0.00, 0.00, 3, 'nohay.jpg', '2013-01-03 10:36:35', 'S', 0),
	(64, 2, NULL, NULL, 13, NULL, 0, '2011-04-04', '8436016097017', 'Faba Fresca - Extra - Bolsa plástica 2.5kg.', 'Faba Fresca - Extra - Bolsa plástica 2.5kg.', 2.50, 0.00, 4.00, 0.00, NULL, NULL, NULL, NULL, NULL, NULL, NULL, NULL, NULL, NULL, 0.00, 0.00, 3, 'nohay.jpg', '2013-04-24 13:25:52', 'S', 0),
	(65, 2, NULL, NULL, 13, NULL, 0, '2010-02-23', '8436016097024', 'Faba Fresca - Extra - Bolsa plástica 0.5kg. (Muestra)', 'Faba Fresca - Extra - Bolsa plástica 0.5kg. (Muestra)', 0.50, 0.00, 0.00, 0.00, NULL, NULL, NULL, NULL, NULL, NULL, NULL, NULL, NULL, NULL, 0.00, 0.00, 3, 'nohay.jpg', '2012-12-20 12:48:07', 'S', 0),
	(66, 2, NULL, NULL, 13, NULL, 0, '2010-02-23', '8436016097000', 'Faba Fresca - Extra - . Bolsa Plástica 1 kg', 'Faba Fresca - Extra - . Bolsa Plástica 1 kg', 1.00, 0.00, 30.00, 0.00, NULL, NULL, NULL, NULL, NULL, NULL, NULL, NULL, NULL, NULL, 0.00, 0.00, 3, 'nohay.jpg', '2013-04-24 09:45:47', 'S', 0),
	(67, 2, NULL, NULL, 13, NULL, 0, '2010-02-23', '18436016097014', 'Agrupación Faba Fresca - Extra - Caja 10 kg. 2.5 x 4 uds.', 'Faba Fresca - Extra - "Tierrina Vaqueira" Caja Cartón 10 kg.', 10.00, 1.00, 0.00, 0.00, NULL, NULL, NULL, NULL, NULL, NULL, NULL, NULL, NULL, NULL, 0.00, 0.00, 3, 'nohay.jpg', '2013-04-24 13:25:52', 'S', 0),
	(68, 2, NULL, NULL, 13, NULL, 0, '2011-03-23', '8436016097031', 'Faba Fresca en Vaina - Extra - Caja  plástica plegable 15kg.', 'Faba Fresca en Vaina - Extra - Caja  plástica plegable 15kg.', 15.00, 0.00, 0.00, 0.00, NULL, NULL, NULL, NULL, NULL, NULL, NULL, NULL, NULL, NULL, 0.00, 0.00, 3, 'nohay.jpg', '2013-01-14 12:59:39', 'S', 0),
	(71, 2, NULL, NULL, 11, NULL, 0, '2011-03-29', '18436016090053', 'Agrupación Faba D.O. "SABROSONA" 500 g.', 'Saco  10 uds x 500 g. Fabes Den.Origen. Marca "Sabrosona"', 5.00, 30.00, 0.00, 20.00, NULL, NULL, NULL, NULL, NULL, NULL, NULL, NULL, NULL, NULL, 0.00, 0.00, 3, 'nohay.jpg', '2013-04-24 10:42:00', 'S', 0),
	(72, 2, NULL, NULL, 11, NULL, 0, '2011-03-29', '18436016090084', 'Agrupación  - Faba D.O. "TIERRINA VAQUEIRA"  1 Kg.', 'Caja Expositor  Faba Asturiana D.O. 12 Uds. x 1 Kg.', 12.00, 6.00, 0.00, 0.00, NULL, NULL, NULL, NULL, NULL, NULL, NULL, NULL, NULL, NULL, 0.00, 0.00, 3, 'nohay.jpg', '2013-04-24 09:45:47', 'S', 0),
	(73, 2, NULL, NULL, 11, NULL, 0, '2011-03-29', '28436016090098', 'Agrupación  Faba D.O. "Tierrina Vaqueira" 24 uds x 500 g. ', 'Caja Expositor  Faba Asturiana Den.Origen 24 Uds. x 500 g.', 12.00, 4.00, 0.00, 0.00, NULL, NULL, NULL, NULL, NULL, NULL, NULL, NULL, NULL, NULL, 0.00, 0.00, 3, 'nohay.jpg', '2013-04-23 13:19:16', 'S', 0),
	(74, 3, NULL, NULL, 8, NULL, 0, '2011-04-04', '0000000000074', 'Paquete Compango para Fabada Asturiana(1-1-1) Al vacio', 'Paquete Compango para Fabada Asturiana(1-1-1) Al vacio', 0.25, 0.00, 0.00, 40.00, NULL, NULL, NULL, NULL, NULL, NULL, NULL, NULL, NULL, NULL, 0.00, 0.00, 3, 'nohay.jpg', '2013-03-27 11:15:54', 'S', 0),
	(75, 2, NULL, NULL, 15, NULL, 0, '2011-04-04', '28436016094003', ' Alubia Amarilla ( Roxa) Nacional-10 Kg', 'Saco 10 Kg. Faba Roxa Nacional', 10.00, 0.00, 0.00, 0.00, NULL, NULL, NULL, NULL, NULL, NULL, NULL, NULL, NULL, NULL, 0.00, 0.00, 3, 'nohay.jpg', '2013-01-15 11:29:15', 'S', 1),
	(76, 2, NULL, NULL, 15, NULL, 0, '2011-04-04', '38436016094000', 'Alubia Amarilla(Roxa) Nacional 15 Kg ', 'Saco Faba Amarilla(Roxa) Nacional 15 Kg ', 15.00, 9.00, 0.00, 0.00, NULL, NULL, NULL, NULL, NULL, NULL, NULL, NULL, NULL, NULL, 0.00, 0.00, 3, 'nohay.jpg', '2013-04-24 11:44:41', 'S', 1),
	(77, 2, NULL, NULL, 15, NULL, 0, '2011-04-04', '48436016094007', 'Alubia Amarilla(Roxa) Nacional 25 Kg ', 'Saco Faba Amarilla(Roxa) Nacional 25 Kg ', 25.00, 0.00, 0.00, 0.00, NULL, NULL, NULL, NULL, NULL, NULL, NULL, NULL, NULL, NULL, 0.00, 0.00, 3, 'nohay.jpg', '2013-04-17 09:53:46', 'S', 1),
	(78, 2, NULL, NULL, 15, NULL, 0, '2011-04-04', '28436016094010', ' Alubia Amarilla redonda León 10 Kg ', 'Saco Alubia Amarilla redonda León 10 Kg ', 10.00, 0.00, 0.00, 0.00, NULL, NULL, NULL, NULL, NULL, NULL, NULL, NULL, NULL, NULL, 0.00, 0.00, 3, 'nohay.jpg', '2013-01-15 11:34:56', 'S', 1),
	(79, 2, NULL, NULL, 15, NULL, 0, '2011-04-04', '38436016094017', ' Alubia Amarilla redonda León 15 Kg ', 'Saco Alubia Amarilla redonda León 15 Kg ', 15.00, 2.00, 0.00, 0.00, NULL, NULL, NULL, NULL, NULL, NULL, NULL, NULL, NULL, NULL, 0.00, 0.00, 3, 'nohay.jpg', '2013-04-23 11:22:50', 'S', 1),
	(80, 2, NULL, NULL, 22, NULL, 0, '2011-04-04', '38436016094758', ' Alubia Pinta redonda 15 Kg', 'Saco Alubia Pinta redonda 15 Kg', 15.00, 7.00, 0.00, 0.00, NULL, NULL, NULL, NULL, NULL, NULL, NULL, NULL, NULL, NULL, 0.00, 0.00, 3, 'nohay.jpg', '2013-04-23 11:08:42', 'S', 1),
	(81, 2, NULL, NULL, 22, NULL, 0, '2011-04-04', '8436016094740', 'ALUBIA PINTA redonda 15 Kg  PV', 'ALUBIA PINTA redonda saco 15 Kg  PV', 15.00, 0.00, 0.00, 15.00, NULL, NULL, NULL, NULL, NULL, NULL, NULL, NULL, NULL, NULL, 0.00, 0.00, 3, 'nohay.jpg', '2013-04-17 09:53:46', 'S', 1),
	(82, 2, NULL, NULL, 16, NULL, 0, '2011-04-04', '8436016094153', 'ALUBIA CANELA saco 15 Kg. PV', 'ALUBIA CANELA saco 15 Kg. PV', 15.00, 26.00, 0.00, 50.00, NULL, NULL, NULL, NULL, NULL, NULL, NULL, NULL, NULL, NULL, 0.00, 0.00, 3, 'nohay.jpg', '2013-04-24 10:58:53', 'S', 1),
	(83, 2, NULL, NULL, 19, NULL, 0, '2011-04-04', '8436016096256', 'Saco Alubia Morada redonda  15 Kg ', 'Saco Alubia Morada redonda  15 Kg ', 15.00, 0.00, 0.00, 0.00, NULL, NULL, NULL, NULL, NULL, NULL, NULL, NULL, NULL, NULL, 0.00, 0.00, 3, 'nohay.jpg', '2012-12-24 09:53:43', 'S', 1),
	(84, 2, NULL, NULL, 19, NULL, 0, '2011-04-04', '8436016096300', 'Saco Alubia Morada larga  15 Kg ', 'Saco Alubia Morada larga  15 Kg ', 15.00, 0.00, 0.00, 0.00, NULL, NULL, NULL, NULL, NULL, NULL, NULL, NULL, NULL, NULL, 0.00, 0.00, 3, 'nohay.jpg', '2012-12-24 09:52:38', 'S', 0),
	(85, 2, NULL, NULL, 17, NULL, 0, '2011-04-04', '8436016094207', ' Alubia Caparrón Larga  15 Kg.', 'Saco Alubia Caparrón Larga  15 Kg.', 15.00, 0.00, 0.00, 0.00, NULL, NULL, NULL, NULL, NULL, NULL, NULL, NULL, NULL, NULL, 0.00, 0.00, 3, 'nohay.jpg', '2013-01-14 13:15:26', 'S', 1),
	(86, 2, NULL, NULL, 17, NULL, 0, '2011-04-04', '0843616094214', 'Saco Alubia Mandilín -(Caparron redonda)  25 Kg.', 'Saco Alubia Mandilín -(Caparron redonda)  25 Kg.', 25.00, 0.00, 0.00, 0.00, NULL, NULL, NULL, NULL, NULL, NULL, NULL, NULL, NULL, NULL, 0.00, 0.00, 3, 'nohay.jpg', '2013-03-06 10:08:56', 'S', 1),
	(87, 2, NULL, NULL, 21, NULL, 0, '2011-04-04', '8436016096454', 'Saco Alubia Palmeña redonda 15 Kg.', 'Saco Alubia Palmeña redonda 15 Kg.', 15.00, 0.00, 0.00, 0.00, NULL, NULL, NULL, NULL, NULL, NULL, NULL, NULL, NULL, NULL, 0.00, 0.00, 3, 'nohay.jpg', '2012-12-24 09:59:53', 'S', 1),
	(88, 2, NULL, NULL, 21, NULL, 0, '2011-04-04', '8436016096508', 'Saco Alubia Palmeña larga 15 Kg.', 'Saco Alubia Palmeña larga 15 Kg.', 15.00, 0.00, 0.00, 0.00, NULL, NULL, NULL, NULL, NULL, NULL, NULL, NULL, NULL, NULL, 0.00, 0.00, 3, 'nohay.jpg', '2012-12-24 10:01:05', 'S', 1),
	(89, 4, NULL, NULL, 23, NULL, 0, '2011-04-04', '38436016094307', 'Frijol Negrito- 15 Kg.', 'FRIJOL NEGRITO Saco 15 Kg.', 15.00, 0.00, 0.00, 0.00, NULL, NULL, NULL, NULL, NULL, NULL, NULL, NULL, NULL, NULL, 0.80, 0.00, 3, 'nohay.jpg', '2013-04-17 09:53:46', 'S', 1),
	(90, 2, NULL, NULL, 20, NULL, 0, '2011-04-04', '8436016094658', ' Alubia Negra Tolosana 10 Kg.', 'Saco Alubia Negra Tolosana 10 Kg', 10.00, 0.00, 0.00, 0.00, NULL, NULL, NULL, NULL, NULL, NULL, NULL, NULL, NULL, NULL, 0.00, 0.00, 3, 'nohay.jpg', '2013-03-20 13:30:40', 'S', 1),
	(91, 2, NULL, NULL, 24, NULL, 0, '2011-04-04', '8436016096652', ' Soja Mungo 15 Kg', 'Saco Soja Mungo 15 Kg', 15.00, 6.00, 0.00, 0.00, NULL, NULL, NULL, NULL, NULL, NULL, NULL, NULL, NULL, NULL, 0.00, 0.00, 3, 'nohay.jpg', '2013-04-23 11:45:53', 'S', 1),
	(92, 2, NULL, NULL, 28, NULL, 0, '2011-04-04', '8436016094832', ' Alubia Riñón (canellini) 15 Kg. PV', ' Alubia Riñón (canellini) saco 15 Kg. PV', 15.00, 0.00, 0.00, 20.00, NULL, NULL, NULL, NULL, NULL, NULL, NULL, NULL, NULL, NULL, 0.00, 0.00, 3, 'nohay.jpg', '2013-04-17 09:53:46', 'S', 1),
	(93, 2, NULL, NULL, 29, NULL, 0, '2011-04-04', '8436016094467', ' Judión Grande 15 Kg.PV', 'Saco Judión Grande 15 Kg.', 15.00, 0.00, 0.00, 0.00, NULL, NULL, NULL, NULL, NULL, NULL, NULL, NULL, NULL, NULL, 0.00, 0.00, 3, 'nohay.jpg', '2013-01-16 13:07:59', 'S', 1),
	(94, 2, NULL, NULL, 29, NULL, 0, '2011-04-04', '8436016094481', 'Judión Mediano 15 Kg.', 'Saco Judión Mediano 15 Kg.', 15.00, 0.00, 0.00, 0.00, NULL, NULL, NULL, NULL, NULL, NULL, NULL, NULL, NULL, NULL, 0.00, 0.00, 3, 'nohay.jpg', '2013-01-16 13:05:54', 'S', 0),
	(95, 2, NULL, NULL, 25, NULL, 0, '2011-04-04', '8436016096904', 'Saco Alubia Planchada 15 Kg', 'Saco Alubia Planchada 15 Kg', 15.00, 0.00, 0.00, 0.00, NULL, NULL, NULL, NULL, NULL, NULL, NULL, NULL, NULL, NULL, 0.00, 0.00, 3, 'nohay.jpg', '2012-12-26 09:35:31', 'S', 1),
	(96, 2, NULL, NULL, 26, NULL, 0, '2011-04-04', '8436016096935', 'Saco Alubia Plancheta 15 Kg.', 'Saco Alubia Plancheta 15 Kg.', 15.00, 0.00, 0.00, 0.00, NULL, NULL, NULL, NULL, NULL, NULL, NULL, NULL, NULL, NULL, 0.00, 0.00, 3, 'nohay.jpg', '2012-12-26 09:39:39', 'S', 1),
	(97, 1, 1, NULL, 27, NULL, 1, '2011-04-04', '8436016096966', 'Saco Alubia redonda Blanca 15 Kg.', 'Saco Alubia redonda Blanca 15 Kg.', 15.00, 0.00, 0.00, 0.00, NULL, NULL, NULL, NULL, NULL, NULL, NULL, NULL, NULL, NULL, 0.00, 0.00, 3, 'nohay.jpg', '2012-05-24 10:28:37', 'S', 0),
	(98, 2, NULL, NULL, 32, NULL, 0, '2011-04-04', '8436016094511', 'LENTEJA PARDINA  15 Kg. PV', 'LENTEJA PARDINA  saco 15 Kg. PV', 15.00, 30.00, 0.00, 50.00, NULL, NULL, NULL, NULL, NULL, NULL, NULL, NULL, NULL, NULL, 0.00, 0.00, 3, 'nohay.jpg', '2013-04-23 11:38:54', 'S', 1),
	(99, 1, 1, NULL, 32, NULL, 1, '2011-04-04', '8436016094054', 'Saco Lenteja Castellana 15 Kg', 'Saco Lenteja Castellana 15 Kg', 15.00, 0.00, 0.00, 0.00, NULL, NULL, NULL, NULL, NULL, NULL, NULL, NULL, NULL, NULL, 0.00, 0.00, 3, 'nohay.jpg', '2012-01-23 10:46:03', 'S', 0),
	(100, 2, NULL, NULL, 31, NULL, 0, '2011-04-04', '8436016094405', 'Garbanzo Pedrosillano - 15 Kg PV', 'Garbanzo Pedrosillano Nacional- saco 15 Kg. PV', 15.00, 37.00, 0.00, 100.00, NULL, NULL, NULL, NULL, NULL, NULL, NULL, NULL, NULL, NULL, 0.00, 0.00, 3, 'nohay.jpg', '2013-04-24 10:58:53', 'S', 1),
	(101, 1, 1, NULL, 31, NULL, 1, '2011-04-04', '8436016094153', 'Saco Garbanzo Castellano Gordo 15 Kg', 'Saco Garbanzo Castellano Gordo 15 Kg', 15.00, 0.00, 0.00, 0.00, NULL, NULL, NULL, NULL, NULL, NULL, NULL, NULL, NULL, NULL, 0.00, 0.00, 3, 'nohay.jpg', '2012-01-23 10:46:03', 'S', 0),
	(102, 1, 1, NULL, 31, NULL, 1, '2011-04-04', '8436016094207', 'Saco Garbanzo Castellano Mediano 15 Kg', 'Saco Garbanzo Castellano Mediano 15 Kg', 15.00, 0.00, 0.00, 0.00, NULL, NULL, NULL, NULL, NULL, NULL, NULL, NULL, NULL, NULL, 0.00, 0.00, 3, 'nohay.jpg', '2012-01-23 10:46:03', 'S', 0),
	(103, 2, NULL, NULL, 33, NULL, 0, '2011-04-04', '8436016098106', 'Bolsa Harina Maíz 1 Kg.PV', 'Bolsa Harina Maíz 1 Kg', 1.00, 166.00, 0.00, 0.00, NULL, NULL, NULL, NULL, NULL, NULL, NULL, NULL, NULL, NULL, 0.00, 0.00, 3, 'nohay.jpg', '2013-04-24 10:36:37', 'S', 0),
	(104, 2, NULL, NULL, 33, NULL, 0, '2011-04-04', '8436016098113', 'Bolsa Harina Maíz  "Torrada"  1 Kg.PV', 'Bolsa Harina Maíz "Torrada"  1 Kg.', 1.00, 9.00, 0.00, 0.00, NULL, NULL, NULL, NULL, NULL, NULL, NULL, NULL, NULL, NULL, 0.00, 0.00, 3, 'nohay.jpg', '2013-04-24 10:36:37', 'S', 0),
	(105, 1, 1, NULL, 30, NULL, 1, '2011-04-04', '8436016094702', 'Saco Arroz Redondo 15 Kg.', '', 15.00, 0.00, 0.00, 0.00, NULL, NULL, NULL, NULL, NULL, NULL, NULL, NULL, NULL, NULL, 0.00, 0.00, 3, 'nohay.jpg', '2012-01-23 10:46:02', 'S', 0),
	(106, 2, NULL, NULL, 31, NULL, 0, '2011-11-28', '8436016094412', 'Sin envase-Garbanzo Pedrosillano ', 'Garbanzo Pedrosillano (sin envase)', 1.00, 0.00, 0.00, 0.00, NULL, NULL, NULL, NULL, NULL, NULL, NULL, NULL, NULL, NULL, 0.00, 0.00, 3, 'nohay.jpg', '2013-04-22 09:46:27', 'S', 0),
	(107, 2, NULL, NULL, 12, NULL, 0, '2011-11-30', '8436016095013', 'Sin envase-Alubias granja I Extra- 1:1 ', 'Alubias Fabada granja I Extra-Primera A 1:1 (sin envase)', 1.00, 0.00, 0.00, 0.00, NULL, NULL, NULL, NULL, NULL, NULL, NULL, NULL, NULL, NULL, 0.00, 0.00, 3, 'nohay.jpg', '2013-01-11 11:18:30', 'S', 0),
	(108, 2, 1, NULL, 12, NULL, 1, '2011-11-30', '', 'Faba granja importación extra', '', 0.00, 0.00, 0.00, NULL, NULL, NULL, NULL, NULL, NULL, NULL, NULL, NULL, NULL, NULL, 0.00, 0.00, 1, 'nohay.jpg', '2012-01-23 10:47:28', 'N', 0),
	(109, 2, NULL, NULL, 12, NULL, 0, '2011-12-27', '8436016095457', 'Alubias Fabada Granja Nacional Extra. -Saco 25 Kg', 'Faba Granja Nacional Extra. Saco 25 Kg-  Sin Marca', 25.00, 0.00, 0.00, 0.00, NULL, NULL, NULL, NULL, NULL, NULL, NULL, NULL, NULL, NULL, 0.00, 12.19, 3, 'nohay.jpg', '2013-04-17 09:53:46', 'S', 1),
	(111, 2, NULL, NULL, 31, NULL, 0, '2012-01-20', '38436016094413', ' Garbanzo Pedrosillano- Extra- 15 Kg', 'Saco Garbanzo Pedrosillano-Cat. Extra- 15 Kg', 15.00, 0.00, 0.00, 50.00, NULL, NULL, NULL, NULL, NULL, NULL, NULL, NULL, NULL, NULL, 0.00, 0.00, 3, 'nohay.jpg', '2013-04-17 09:53:46', 'S', 1),
	(112, 2, NULL, NULL, 12, NULL, 0, '2012-01-20', '8436016095014', 'Alubias Granja I-Extra 1:1-15Kg', 'Alubias Fabada Granja I-Extra 1:1-15Kg', 15.00, 0.00, 0.00, 0.00, NULL, NULL, NULL, NULL, NULL, NULL, NULL, NULL, NULL, NULL, 0.00, 0.00, 3, 'nohay.jpg', '2013-01-11 11:18:54', 'S', 1),
	(113, 2, NULL, NULL, 12, NULL, 0, '2012-01-24', '18436016090145', 'Agrupación Faba Granja "Orbayu" 700 gr', 'Caja expositor faba granja "Orbayu" 21 uds x 700 gr', 14.70, 4.00, 0.00, 0.00, NULL, NULL, NULL, NULL, NULL, NULL, NULL, NULL, NULL, NULL, 0.00, 0.00, 3, 'nohay.jpg', '2013-04-23 12:09:26', 'S', 0),
	(114, 2, NULL, NULL, 11, NULL, 0, '2012-01-24', '8436016090094', 'Estuche Faba Asturiana D. Origen 500 g. "Tierrina Vaqueira"', 'Estuche Faba Asturiana Den. Origen 500 g. "Tierrina Vaqueira"', 0.50, 0.00, 96.00, 24.00, NULL, NULL, NULL, NULL, NULL, NULL, NULL, NULL, NULL, NULL, 0.00, 0.00, 3, 'nohay.jpg', '2013-04-24 09:45:46', 'S', 0),
	(115, 2, NULL, NULL, 29, NULL, 0, '2012-02-03', '8436016096898', 'Judión granja Saco 25Kg', 'Judión Granja saco 25 Kg', 25.00, 0.00, 0.00, 0.00, NULL, NULL, NULL, NULL, NULL, NULL, NULL, NULL, NULL, NULL, 0.00, 0.00, 3, 'nohay.jpg', '2013-04-17 09:53:46', 'S', 1),
	(116, 2, NULL, NULL, 12, NULL, 0, '2012-02-07', '8436016095011', 'Alubias Granja I-Extra 1:1 (25 Kg)', 'Alubias Fabada Granja I-Extra 1:1 (25 Kg)', 25.00, 0.00, 0.00, 0.00, NULL, NULL, NULL, NULL, NULL, NULL, NULL, NULL, NULL, NULL, 3.50, 0.00, 3, 'nohay.jpg', '2013-01-11 11:19:14', 'S', 1),
	(117, 3, NULL, NULL, 12, NULL, 0, '2012-02-07', '8436016095129', 'Sin envase-Alubias Granja Primera A  4:1', 'Alubias fabada granja Primera A-4:1 ', 1.00, 0.00, 0.00, 0.00, NULL, NULL, NULL, NULL, NULL, NULL, NULL, NULL, NULL, NULL, 87.50, 0.00, 3, 'nohay.jpg', '2013-01-11 12:36:00', 'S', 0),
	(118, 3, NULL, NULL, 12, NULL, 0, '2012-02-09', '8436016095112', 'Sin envase-Alubias Granja I Primera A 3:1', 'Sin envase-Alubias Granja Primera A 3:1', 1.00, 0.00, 0.00, 0.00, NULL, NULL, NULL, NULL, NULL, NULL, NULL, NULL, NULL, NULL, 3.50, 0.00, 3, 'nohay.jpg', '2013-03-25 10:41:26', 'S', 0),
	(119, 3, NULL, NULL, 12, NULL, 0, '2012-02-09', '48436016095110', 'Alubias Granja I Primera A 3:1 (25Kg)', 'Alubias Granja Primera A 3:1 (25Kg)', 25.00, 0.00, 0.00, 0.00, NULL, NULL, NULL, NULL, NULL, NULL, NULL, NULL, NULL, NULL, 0.00, 0.00, 3, 'nohay.jpg', '2013-03-25 10:41:50', 'S', 1),
	(120, 3, NULL, NULL, 12, NULL, 0, '2012-02-28', '8436016090247', 'Alubias Granjilla I-1 Kg', 'Bolsa 1Kg- Faba Granjilla ', 1.00, 0.00, 0.00, 0.00, NULL, NULL, NULL, NULL, NULL, NULL, NULL, NULL, NULL, NULL, 0.00, 0.00, 3, 'nohay.jpg', '2013-01-11 12:42:26', 'S', 0),
	(121, 3, NULL, NULL, 12, NULL, 0, '2012-03-23', '38436016095120', 'Alubias granja I Primera A 4:1 (15Kg)', 'Alubias granja I Primera A 4:1 (15Kg)', 15.00, 0.00, 0.00, 0.00, NULL, NULL, NULL, NULL, NULL, NULL, NULL, NULL, NULL, NULL, 0.00, 0.00, 3, 'nohay.jpg', '2013-01-24 09:23:53', 'S', 1),
	(122, 2, NULL, NULL, 12, NULL, 0, '2012-03-23', '8436016091015', 'Alubias  Granja Nacional-Extra - 0.5 Kg', 'Faba Granja Nacional-Extra -Saquete 0.5 Kg transparente', 0.50, 0.00, 0.00, 0.00, NULL, NULL, NULL, NULL, NULL, NULL, NULL, NULL, NULL, NULL, 0.00, 1.83, 3, 'nohay.jpg', '2013-04-17 09:53:46', 'S', 0),
	(123, 3, NULL, NULL, 12, NULL, 0, '2012-03-30', '8436016090216', 'Alubias Granja I-Primera A- La Aldea 1Kg ', 'Alubias Faba Granja I- Primera A- Saquete Tela 1 Kg La Aldea', 1.00, 0.00, 0.00, 0.00, NULL, NULL, NULL, NULL, NULL, NULL, NULL, NULL, NULL, NULL, 0.00, 0.00, 3, 'nohay.jpg', '2013-01-11 12:40:35', 'S', 0),
	(124, 3, NULL, NULL, 12, NULL, 0, '2012-04-02', '8436016091022', 'Alubias Granjilla Nacional-1 Kg', 'Faba Asturiana Primera A', 1.00, 0.00, 0.00, 0.00, NULL, NULL, NULL, NULL, NULL, NULL, NULL, NULL, NULL, NULL, 0.00, 0.00, 3, 'nohay.jpg', '2013-01-14 11:29:32', 'S', 0),
	(125, 3, NULL, NULL, 8, NULL, 0, '2012-04-02', '8436016098007', 'Preparado fabada asturiana (2-3 rac)', 'paquete compango   faba granja vacío 450g', 0.45, 0.00, 0.00, 40.00, NULL, NULL, NULL, NULL, NULL, NULL, NULL, NULL, NULL, NULL, 0.00, 0.00, 3, 'nohay.jpg', '2013-01-14 13:04:02', 'S', 0),
	(126, 2, NULL, NULL, 12, NULL, 0, '2012-04-03', '8436016091039', 'Alubias "Especiales para Fabada"-Nacional- Bolsa 1Kg', 'Alubias "Especiales para Fabada"-Nacional- Bolsa 1Kg', 1.00, 0.00, 0.00, 0.00, NULL, NULL, NULL, NULL, NULL, NULL, NULL, NULL, NULL, NULL, 0.00, 0.01, 3, 'nohay.jpg', '2013-04-17 09:53:46', 'S', 0),
	(127, 3, NULL, NULL, 12, NULL, 0, '2012-04-04', '8436016095136', 'Sin envase-Alubias Granja I primera A 5:1', 'Sin envase-Alubias Granja I primera A 5:1', 1.00, 0.00, 0.00, 0.00, NULL, NULL, NULL, NULL, NULL, NULL, NULL, NULL, NULL, NULL, 0.00, 0.00, 3, 'nohay.jpg', '2013-03-25 13:10:07', 'S', 0),
	(128, 3, NULL, NULL, 12, NULL, 0, '2012-04-04', '8436016090223', 'Alubias Granja I-La Aldea 500 gr', 'Saquete Faba Granja I-Primera A-La Aldea 500 gr', 0.50, 0.00, 0.00, 0.00, NULL, NULL, NULL, NULL, NULL, NULL, NULL, NULL, NULL, NULL, 0.00, 0.00, 3, 'nohay.jpg', '2013-01-11 12:41:30', 'S', 0),
	(129, 3, NULL, NULL, 12, NULL, 0, '2012-04-04', '8436016090261', 'Saquete "Orbayu" Alubias Granja I-Primera A -500 gr', 'Saquete "Orbayu" Faba Granja I-Primera A- 500 gr', 0.50, 0.00, 0.00, 0.00, NULL, NULL, NULL, NULL, NULL, NULL, NULL, NULL, NULL, NULL, 0.00, 0.00, 3, 'nohay.jpg', '2013-03-26 11:54:57', 'S', 0),
	(130, 3, NULL, NULL, 12, NULL, 0, '2012-04-04', '8436016090254', 'Saquete "Orbayu" Alubias Granja I-Primera A- 1Kg', 'Saquete "Orbayu" Faba Granja-Extra B-1 Kg', 1.00, 0.00, 0.00, 0.00, NULL, NULL, NULL, NULL, NULL, NULL, NULL, NULL, NULL, NULL, 0.00, 0.00, 3, 'nohay.jpg', '2013-01-11 12:54:40', 'S', 0),
	(131, 3, NULL, NULL, 12, NULL, 0, '2012-04-12', '8436016095600', 'Sin envase-Alubias Granja Nacional C-Primera A', 'Alubias Granja Nacional Coruña', 1.00, 0.00, 0.00, 0.00, NULL, NULL, NULL, NULL, NULL, NULL, NULL, NULL, NULL, NULL, 0.00, 0.00, 3, 'nohay.jpg', '2013-01-31 10:16:03', 'S', 0),
	(132, 2, NULL, NULL, 12, NULL, 0, '2012-04-20', '18436016090138', 'Agrupación faba granja "Orbayu"500gr', 'Caja faba granja orbayu 18 udx500gr (12 uds x700gr)', 9.00, 0.00, 0.00, 0.00, NULL, NULL, NULL, NULL, NULL, NULL, NULL, NULL, NULL, NULL, 0.00, 0.00, 3, 'nohay.jpg', '2013-01-11 11:24:27', 'S', 0),
	(133, 3, NULL, NULL, 11, NULL, 0, '2012-05-23', '48436016095608', 'Alubias Granja Nacional C-Primera A (25 Kg)', 'Alubias Granja Nacional Coruña Primera A- 25 Kg', 25.00, 0.00, 0.00, 0.00, NULL, NULL, NULL, NULL, NULL, NULL, NULL, NULL, NULL, NULL, 0.00, 0.00, 3, 'nohay.jpg', '2013-01-03 12:43:46', 'S', 1),
	(134, 2, NULL, NULL, 15, NULL, 0, '2012-05-23', '8436016092005', 'Alubia Amarilla(Roxa) Nacional- Bolsa 1 Kg.', 'Alubia Roxa-1Kg', 1.00, 0.00, 0.00, 0.00, NULL, NULL, NULL, NULL, NULL, NULL, NULL, NULL, NULL, NULL, 0.00, 0.00, 3, 'nohay.jpg', '2013-03-20 13:28:42', 'S', 0),
	(135, 4, NULL, NULL, 12, NULL, 0, '2012-05-23', '8436016090230', 'Alubias granja I-Primera-1Kg', 'Alubias fabada granja I-Primera 1Kg', 1.00, 0.00, 0.00, 0.00, NULL, NULL, NULL, NULL, NULL, NULL, NULL, NULL, NULL, NULL, 0.00, 0.00, 3, 'nohay.jpg', '2013-01-11 12:58:15', 'S', 0),
	(136, 2, NULL, NULL, 31, NULL, 0, '2012-05-29', '8436016094351', 'GARBANZO KABULI- 15 Kg PV', 'GARBANZO KABULI- SACO 15 Kg PV', 15.00, 148.00, 0.00, 50.00, NULL, NULL, NULL, NULL, NULL, NULL, NULL, NULL, NULL, NULL, 0.93, 0.00, 3, 'nohay.jpg', '2013-04-23 11:08:42', 'S', 1),
	(137, 2, NULL, NULL, 14, NULL, 0, '2012-06-05', '8436016090308', 'Alubia verdina asturiana extra- saquete 0.5 Kg', 'Faba verdina asturiana extra-saquete 0.5 Kg', 0.50, 0.00, 0.00, 0.00, NULL, NULL, NULL, NULL, NULL, NULL, NULL, NULL, NULL, NULL, 0.00, 0.00, 3, 'nohay.jpg', '2013-01-11 13:02:42', 'S', 0),
	(138, 2, NULL, NULL, 12, NULL, 0, '2012-06-07', '8436016090162', 'Alubias fabada granja I-extra 1 Kg', 'Bolsa plástico con etiqueta faba granja I- Extra 1Kg', 1.00, 0.00, 0.00, 0.00, NULL, NULL, NULL, NULL, NULL, NULL, NULL, NULL, NULL, NULL, 0.00, 0.00, 3, 'nohay.jpg', '2013-04-17 09:53:46', 'S', 0),
	(139, 3, NULL, NULL, 8, NULL, 0, '2012-06-13', '18436016098004', 'Agrupación preparado fabada Asturiana (2-3 rac)', 'caja preparado fabada (2-3 rac)', 4.50, 0.00, 0.00, 0.00, NULL, NULL, NULL, NULL, NULL, NULL, NULL, NULL, NULL, NULL, 0.00, 0.00, 3, 'nohay.jpg', '2013-03-20 13:05:23', 'S', 0),
	(140, 4, NULL, NULL, 23, NULL, 0, '2012-06-24', '8436016092159', ' Frijol Negrito 1 Kg.', 'Bolsa Frijol Negrito 1 Kg.', 1.00, 0.00, 0.00, 0.00, NULL, NULL, NULL, NULL, NULL, NULL, NULL, NULL, NULL, NULL, 0.00, 0.01, 3, 'nohay.jpg', '2013-04-17 09:53:46', 'S', 0),
	(141, 2, NULL, NULL, 14, NULL, 0, '2012-06-25', '8436016090100', 'Estuche faba verdina "Tierrina Vaqueira"- 500 gr', 'Estuche faba verdina "Tierrina Vaqueira"- 500 gr', 0.50, 0.00, 24.00, 0.00, NULL, NULL, NULL, NULL, NULL, NULL, NULL, NULL, NULL, NULL, 0.00, 0.00, 3, 'nohay.jpg', '2013-04-24 09:45:46', 'S', 0),
	(142, 2, NULL, NULL, 14, NULL, 0, '2012-06-25', '28436016090104', 'Agrupación faba verdina "Tierrina Vaqueira"-500 gr x 24 ud', 'Caja expositor faba verdina "Tierrina Vaqueira" 24 ud x 500 gr', 12.00, 1.00, 0.00, 0.00, NULL, NULL, NULL, NULL, NULL, NULL, NULL, NULL, NULL, NULL, 0.00, 0.00, 3, 'nohay.jpg', '2013-04-23 12:12:20', 'S', 0),
	(143, 2, NULL, NULL, 14, NULL, 0, '2012-06-25', '8436016090315', 'Alubia Verdina Asturiana Extra- 1 Kg', 'Faba Verdina Asturiana Extra-Bolsa 1 Kg', 1.00, 0.00, 0.00, 0.00, NULL, NULL, NULL, NULL, NULL, NULL, NULL, NULL, NULL, NULL, 0.00, 0.00, 3, 'nohay.jpg', '2013-04-17 09:53:46', 'S', 0),
	(144, 2, NULL, NULL, 12, NULL, 0, '2012-06-28', '8436016090179', 'Alubias fabada granja I-extra (promoción sin cargo)- 1Kg', 'Alubias fabada granja I-extra (promoción sin cargo)- 1Kg', 1.00, 0.00, 0.00, 0.00, NULL, NULL, NULL, NULL, NULL, NULL, NULL, NULL, NULL, NULL, 0.00, 0.00, 3, 'nohay.jpg', '2013-04-17 09:53:46', 'S', 0),
	(145, 2, NULL, NULL, 12, NULL, 0, '2012-06-29', '8436016091008', 'Alubias granja Nacional  1Kg', 'Alubias granja Nacional 1 kg', 1.00, 0.00, 0.00, 0.00, NULL, NULL, NULL, NULL, NULL, NULL, NULL, NULL, NULL, NULL, 0.00, 0.01, 3, 'nohay.jpg', '2013-04-17 09:53:46', 'S', 0),
	(146, 2, NULL, NULL, 12, NULL, 0, '2012-07-05', '28436016090142', 'Agrupación faba granja orbayu 700 gr x 12 Ud', 'Caja marrón orbayu ( 12x 700) y (18 x 500)', 8.40, 0.00, 0.00, 0.00, NULL, NULL, NULL, NULL, NULL, NULL, NULL, NULL, NULL, NULL, 0.00, 0.00, 3, 'nohay.jpg', '2013-01-11 12:28:29', 'S', 0),
	(147, 2, NULL, NULL, 12, NULL, 0, '2012-07-05', '8436016095006', 'Sin envase-Alubias Granja I-Extra ', 'Alubias Fabada Granja I-Extra ', 1.00, 0.00, 5745.00, 0.00, NULL, NULL, NULL, NULL, NULL, NULL, NULL, NULL, NULL, NULL, 0.00, 0.00, 3, 'nohay.jpg', '2013-04-23 12:04:52', 'S', 0),
	(148, 3, NULL, NULL, 12, NULL, 0, '2012-07-18', '8436016095105', 'Sin envase-Alubias granja I-Primera A ', 'Alubias fabada granja I-Primera A (Sin envase)', 1.00, 0.00, 550.00, 0.00, NULL, NULL, NULL, NULL, NULL, NULL, NULL, NULL, NULL, NULL, 0.00, 0.00, 3, 'nohay.jpg', '2013-04-22 10:58:13', 'S', 0),
	(149, 4, NULL, NULL, 12, NULL, 0, '2012-07-18', '8436016095204', 'Sin envase-Alubias granja I-Primera ', 'Alubias fabada granja I-Primera (sin envase)', 1.00, 0.00, 625.00, 0.00, NULL, NULL, NULL, NULL, NULL, NULL, NULL, NULL, NULL, NULL, 0.00, 0.00, 3, 'nohay.jpg', '2013-04-24 09:19:51', 'S', 0),
	(150, 5, NULL, NULL, 12, NULL, 0, '2012-07-18', '8436016095303', 'Sin envase-Alubias Granja I-Segunda ', 'Alubias Fabada Granja I-Segunda (sin envase)', 1.00, 0.00, 625.00, 0.00, NULL, NULL, NULL, NULL, NULL, NULL, NULL, NULL, NULL, NULL, 0.00, 0.00, 3, 'nohay.jpg', '2013-04-23 12:01:47', 'S', 0),
	(151, 2, NULL, NULL, 31, NULL, 0, '2012-07-18', '8436016094368', 'Sin envase-Garbanzo Kabuli', 'Sin envase-Garbanzo Kabuli', 1.00, 0.00, 0.00, 0.00, NULL, NULL, NULL, NULL, NULL, NULL, NULL, NULL, NULL, NULL, 0.00, 0.00, 3, 'nohay.jpg', '2013-04-22 09:46:40', 'S', 0),
	(152, 3, NULL, NULL, 12, NULL, 0, '2012-07-18', '8436016095501', 'Sin envase-Alubias Granja Nacional -Primera A ', 'Alubias Fabada Granja Nacional -Primera A (sin envase)', 1.00, 0.00, 0.00, 0.00, NULL, NULL, NULL, NULL, NULL, NULL, NULL, NULL, NULL, NULL, 0.00, 0.00, 3, 'nohay.jpg', '2013-04-22 09:46:38', 'S', 0),
	(153, 2, NULL, NULL, 12, NULL, 0, '2012-07-19', '8436016090155', 'Saquete "Orbayu" Alubias  Granja I-Extra-700g (aldi)', 'Saquete "Orbayu" Alubias Fabada Granja I-Extra-700g (aldi)', 0.70, 0.00, 0.00, 0.00, NULL, NULL, NULL, NULL, NULL, NULL, NULL, NULL, NULL, NULL, 0.00, 0.00, 3, 'nohay.jpg', '2013-01-11 11:25:25', 'S', 0),
	(154, 2, NULL, NULL, 15, NULL, 0, '2012-07-26', '8436016094320', 'Sin envase-Alubia Cena de cura ', 'Alubia Cena de cura (sin envase)', 1.00, 0.00, 0.00, 0.00, NULL, NULL, NULL, NULL, NULL, NULL, NULL, NULL, NULL, NULL, 0.00, 0.00, 3, 'nohay.jpg', '2013-03-20 13:04:11', 'S', 0),
	(155, 2, NULL, NULL, 15, NULL, 0, '2012-07-26', '48436016094328', 'Alubia Cena del cura -25Kg', 'Alubia Cena del cura -25Kg', 25.00, 0.00, 0.00, 0.00, NULL, NULL, NULL, NULL, NULL, NULL, NULL, NULL, NULL, NULL, 0.00, 0.00, 3, 'nohay.jpg', '2013-03-20 13:01:34', 'S', 1),
	(156, 2, NULL, NULL, 12, NULL, 0, '2012-07-26', '48436016095004', 'ALUBIAS  GRANJA I-EXTRA (25KG)', 'ALUBIAS FABADA GRANJA I-EXTRA (25KG)', 25.00, 197.00, 0.00, 0.00, NULL, NULL, NULL, NULL, NULL, NULL, NULL, NULL, NULL, NULL, 0.00, 0.00, 3, 'nohay.jpg', '2013-04-23 11:56:00', 'S', 1),
	(157, 2, NULL, NULL, 12, NULL, 0, '2012-07-26', '18436016095003', 'ALUBIAS  GRANJA I-EXTRA ( 5KG)', 'ALUBIAS FABADA GRANJA I-EXTRA (saco 5KG)', 5.00, 0.00, 0.00, 0.00, NULL, NULL, NULL, NULL, NULL, NULL, NULL, NULL, NULL, NULL, 0.00, 0.00, 3, 'nohay.jpg', '2013-04-17 09:53:46', 'S', 1),
	(158, 2, NULL, NULL, 12, NULL, 0, '2012-07-27', '28436016095000', 'ALUBIAS  GRANJA I-EXTRA ( 10 KG)', 'ALUBIAS FABADA GRANJA I-EXTRA (saco 10 KG)', 10.00, 1.00, 0.00, 0.00, NULL, NULL, NULL, NULL, NULL, NULL, NULL, NULL, NULL, NULL, 0.00, 0.00, 3, 'nohay.jpg', '2013-04-22 11:09:09', 'S', 1),
	(159, 2, NULL, NULL, 12, NULL, 0, '2012-07-27', '38436016095007', 'ALUBIAS GRANJA I-EXTRA ( 15 KG)', 'ALUBIAS FABADA GRANJA I-EXTRA (saco 15 KG)', 15.00, 54.00, 0.00, 0.00, NULL, NULL, NULL, NULL, NULL, NULL, NULL, NULL, NULL, NULL, 0.00, 0.00, 3, 'nohay.jpg', '2013-04-23 12:04:52', 'S', 1),
	(160, 3, NULL, NULL, 12, NULL, 0, '2012-07-27', '18436016095102', 'ALUBIAS  GRANJA I-PRIMERA A (5 KG)', 'ALUBIAS FABADA GRANJA I-PRIMERA A (5 KG)', 5.00, 0.00, 0.00, 0.00, NULL, NULL, NULL, NULL, NULL, NULL, NULL, NULL, NULL, NULL, 0.00, 0.00, 3, 'nohay.jpg', '2013-01-02 13:00:32', 'S', 1),
	(161, 3, NULL, NULL, 12, NULL, 0, '2012-07-27', '28436016095109', 'ALUBIAS  GRANJA I-PRIMERA A (10 KG)', 'ALUBIAS FABADA GRANJA I-PRIMERA A (10 KG)', 10.00, 0.00, 0.00, 0.00, NULL, NULL, NULL, NULL, NULL, NULL, NULL, NULL, NULL, NULL, 0.00, 0.00, 3, 'nohay.jpg', '2013-01-02 13:01:31', 'S', 1),
	(162, 3, NULL, NULL, 12, NULL, 0, '2012-07-27', '38436016095106', 'ALUBIAS  GRANJA I-PRIMERA A (15 KG)', 'ALUBIAS FABADA GRANJA I-PRIMERA A (15 KG)', 15.00, 0.00, 0.00, 0.00, NULL, NULL, NULL, NULL, NULL, NULL, NULL, NULL, NULL, NULL, 0.00, 0.00, 3, 'nohay.jpg', '2013-04-17 09:53:46', 'S', 1),
	(163, 3, NULL, NULL, 12, NULL, 0, '2012-07-27', '48436016095103', 'ALUBIAS GRANJA I-PRIMERA A (25 KG)', 'ALUBIAS FABADA GRANJA I-PRIMERA A (25 KG)', 25.00, 22.00, 0.00, 0.00, NULL, NULL, NULL, NULL, NULL, NULL, NULL, NULL, NULL, NULL, 0.00, 0.00, 3, 'nohay.jpg', '2013-04-22 10:58:13', 'S', 1),
	(164, 4, NULL, NULL, 12, NULL, 0, '2012-07-27', '18436016095201', 'ALUBIAS GRANJA I-PRIMERA (5 KG)', 'ALUBIAS FABADA GRANJA I-PRIMERA (5 KG)', 5.00, 0.00, 0.00, 0.00, NULL, NULL, NULL, NULL, NULL, NULL, NULL, NULL, NULL, NULL, 0.00, 0.00, 3, 'nohay.jpg', '2013-01-02 13:13:59', 'S', 1),
	(165, 4, NULL, NULL, 12, NULL, 0, '2012-07-27', '28436016095208', 'ALUBIAS GRANJA I-PRIMERA (10 KG)', 'ALUBIAS FABADA GRANJA I-PRIMERA (10 KG)', 10.00, 0.00, 0.00, 0.00, NULL, NULL, NULL, NULL, NULL, NULL, NULL, NULL, NULL, NULL, 0.00, 0.00, 3, 'nohay.jpg', '2013-01-03 10:12:23', 'S', 1),
	(166, 4, NULL, NULL, 12, NULL, 0, '2012-07-27', '38436016095205', 'ALUBIAS GRANJA I-PRIMERA (15 KG)', 'ALUBIAS FABADA GRANJA I-PRIMERA (15 KG)', 15.00, 0.00, 0.00, 0.00, NULL, NULL, NULL, NULL, NULL, NULL, NULL, NULL, NULL, NULL, 0.00, 0.00, 3, 'nohay.jpg', '2013-01-03 10:13:15', 'S', 1),
	(167, 4, NULL, NULL, 12, NULL, 0, '2012-07-27', '48436016095202', 'ALUBIAS GRANJA I-PRIMERA (25 KG)', 'ALUBIAS FABADA GRANJA I-PRIMERA (25 KG)', 25.00, 25.00, 0.00, 0.00, NULL, NULL, NULL, NULL, NULL, NULL, NULL, NULL, NULL, NULL, 0.00, 0.00, 3, 'nohay.jpg', '2013-04-24 09:19:51', 'S', 1),
	(168, 5, NULL, NULL, 12, NULL, 0, '2012-07-30', '18436016095300', 'ALUBIAS GRANJA I-SEGUNDA (5 KG)', 'ALUBIAS FABADA GRANJA I-SEGUNDA (5 KG)', 5.00, 0.00, 0.00, 0.00, NULL, NULL, NULL, NULL, NULL, NULL, NULL, NULL, NULL, NULL, 0.00, 0.00, 3, 'nohay.jpg', '2013-01-03 10:20:51', 'S', 1),
	(169, 5, NULL, NULL, 12, NULL, 0, '2012-07-30', '28436016095307', 'ALUBIAS GRANJA I- SEGUNDA ( 10 KG)', 'ALUBIAS FABADA GRANJA I- SEGUNDA (saco 10 KG)', 10.00, 0.00, 0.00, 0.00, NULL, NULL, NULL, NULL, NULL, NULL, NULL, NULL, NULL, NULL, 0.00, 0.00, 3, 'nohay.jpg', '2013-03-18 11:29:53', 'S', 1),
	(170, 5, NULL, NULL, 12, NULL, 0, '2012-07-30', '38436016095304', 'ALUBIAS GRANJA I- SEGUNDA ( 15 KG)', 'ALUBIAS FABADA GRANJA I- SEGUNDA (saco 15 KG)', 15.00, 0.00, 0.00, 0.00, NULL, NULL, NULL, NULL, NULL, NULL, NULL, NULL, NULL, NULL, 0.00, 0.00, 3, 'nohay.jpg', '2013-02-01 12:42:39', 'S', 1),
	(171, 5, NULL, NULL, 12, NULL, 0, '2012-07-30', '48436016095301', 'ALUBIAS GRANJA I- SEGUNDA ( 25 KG)', 'ALUBIAS FABADA GRANJA I- SEGUNDA (saco 25 KG)', 25.00, 25.00, 0.00, 0.00, NULL, NULL, NULL, NULL, NULL, NULL, NULL, NULL, NULL, NULL, 0.00, 0.00, 3, 'nohay.jpg', '2013-04-23 12:01:47', 'S', 1),
	(172, 2, NULL, NULL, 12, NULL, 0, '2012-07-30', '8436016095402', 'Sin envase-Alubias granja nacional- Extra', 'ALUBIAS FABADA GRANJA NACIONAL- EXTRA (SIN ENVASE)', 1.00, 0.00, 815.00, 0.00, NULL, NULL, NULL, NULL, NULL, NULL, NULL, NULL, NULL, NULL, 0.00, 0.00, 3, 'nohay.jpg', '2013-04-24 12:25:01', 'S', 0),
	(173, 2, NULL, NULL, 12, NULL, 0, '2012-07-30', '18436016095409', 'ALUBIAS  GRANJA NACIONAL- EXTRA (5 KG)', 'ALUBIAS FABADA GRANJA NACIONAL- EXTRA (5 KG)', 5.00, 0.00, 0.00, 0.00, NULL, NULL, NULL, NULL, NULL, NULL, NULL, NULL, NULL, NULL, 0.00, 0.00, 3, 'nohay.jpg', '2013-01-30 17:21:19', 'S', 1),
	(174, 2, NULL, NULL, 12, NULL, 0, '2012-07-30', '28436016095406', 'ALUBIAS GRANJA NACIONAL- EXTRA (10 KG)', 'ALUBIAS FABADA GRANJA NACIONAL- EXTRA (10 KG)', 10.00, 0.00, 0.00, 0.00, NULL, NULL, NULL, NULL, NULL, NULL, NULL, NULL, NULL, NULL, 0.00, 0.00, 3, 'nohay.jpg', '2013-04-17 09:53:46', 'S', 1),
	(175, 2, NULL, NULL, 12, NULL, 0, '2012-07-30', '38436016095403', 'ALUBIAS GRANJA NACIONAL- EXTRA (15 KG)', 'ALUBIAS FABADA GRANJA NACIONAL- EXTRA (15 KG)', 15.00, 36.00, 0.00, 0.00, NULL, NULL, NULL, NULL, NULL, NULL, NULL, NULL, NULL, NULL, 0.00, 0.00, 3, 'nohay.jpg', '2013-04-24 10:58:53', 'S', 1),
	(176, 2, NULL, NULL, 12, NULL, 0, '2012-07-30', '48436016095400', 'ALUBIAS GRANJA NACIONAL-EXTRA (25 KG)', 'ALUBIAS FABADA GRANJA NACIONAL-EXTRA (25 KG)', 25.00, 11.00, 0.00, 0.00, NULL, NULL, NULL, NULL, NULL, NULL, NULL, NULL, NULL, NULL, 0.00, 0.00, 3, 'nohay.jpg', '2013-04-24 12:25:01', 'S', 1),
	(177, 2, NULL, NULL, 14, NULL, 0, '2012-07-30', '8436016095907', 'Sin envase-Alubia Verdina asturiana ', 'Alubias Fabada Verdina asturiana (sin envase)', 1.00, 0.00, 240.00, 0.00, NULL, NULL, NULL, NULL, NULL, NULL, NULL, NULL, NULL, NULL, 0.00, 0.00, 3, 'nohay.jpg', '2013-04-24 10:58:54', 'S', 0),
	(178, 2, NULL, NULL, 12, NULL, 0, '2012-08-08', '18436016095508', 'Alubias Granja Nacional Primera A-5 Kg', 'Alubias Granja Nacional Primera A-5 Kg', 5.00, 0.00, 0.00, 0.00, NULL, NULL, NULL, NULL, NULL, NULL, NULL, NULL, NULL, NULL, 0.00, 0.00, 3, 'nohay.jpg', '2013-01-03 11:12:13', 'S', 1),
	(179, 2, NULL, NULL, 23, NULL, 0, '2012-08-10', '8436016094306', 'Sin envase-Frijol Negrito Extra', 'Frijol Negrito Extra (sin envase)', 1.00, 0.00, 0.00, 200.00, NULL, NULL, NULL, NULL, NULL, NULL, NULL, NULL, NULL, NULL, 0.00, 0.00, 3, 'nohay.jpg', '2013-04-22 09:46:35', 'S', 0),
	(180, 2, NULL, NULL, 14, NULL, 0, '2012-08-16', '18436016095904', 'ALUBIA VERDINA ASTURIANA- EXTRA (5 KG)', 'ALUBIAS FABADA VERDINA- EXTRA (5 KG)', 5.00, 0.00, 0.00, 0.00, NULL, NULL, NULL, NULL, NULL, NULL, NULL, NULL, NULL, NULL, 0.00, 0.00, 3, 'nohay.jpg', '2013-04-17 09:53:46', 'S', 1),
	(181, 2, NULL, NULL, 29, NULL, 0, '2012-08-16', '8436016094474', ' Sin envase-Judión Grande ', 'Judión Grande', 1.00, 0.00, 0.00, 0.00, NULL, NULL, NULL, NULL, NULL, NULL, NULL, NULL, NULL, NULL, 0.00, 0.00, 3, 'nohay.jpg', '2013-04-17 09:53:46', 'S', 0),
	(182, 2, NULL, NULL, 29, NULL, 0, '2012-09-05', '8436016094450', 'Sin envase- Judión Granja', 'JUDION GRANJA (SIN ENVASE)', 1.00, 0.00, 0.00, 0.00, NULL, NULL, NULL, NULL, NULL, NULL, NULL, NULL, NULL, NULL, 0.00, 0.00, 3, 'nohay.jpg', '2013-04-22 09:46:37', 'S', 0),
	(183, 2, NULL, NULL, 29, NULL, 0, '2012-09-05', '38436016094451', 'Judión granja- 15 Kg', 'JUDION GRANJA SACO 15 KG', 15.00, 0.00, 0.00, 0.00, NULL, NULL, NULL, NULL, NULL, NULL, NULL, NULL, NULL, NULL, 0.00, 0.00, 3, 'nohay.jpg', '2013-04-01 11:26:10', 'S', 1),
	(184, 2, NULL, NULL, 29, NULL, 0, '2012-09-10', '48436016094458', 'Judión granja- 25 Kg', 'JUDION GRANJA SACO 25 KG', 25.00, 0.00, 0.00, 0.00, NULL, NULL, NULL, NULL, NULL, NULL, NULL, NULL, NULL, NULL, 0.00, 0.00, 3, 'nohay.jpg', '2013-04-17 09:53:46', 'S', 1),
	(185, 2, NULL, NULL, 31, NULL, 0, '2012-10-04', '8436016092180', 'Garbanzo Pedrosillan Extra- 1Kg', 'Garbanzo Pedrosillano Nacional Extra- 1Kg', 1.00, 0.00, 0.00, 0.00, NULL, NULL, NULL, NULL, NULL, NULL, NULL, NULL, NULL, NULL, 0.00, 0.00, 3, 'nohay.jpg', '2013-04-17 09:53:46', 'S', 1),
	(186, 2, NULL, NULL, 15, NULL, 0, '2012-11-09', '8436016092104', 'Alubia Amarilla Redonda León -1 Kg', 'ALUBIA AMARILLA NACIONAL', 1.00, 0.00, 0.00, 0.00, NULL, NULL, NULL, NULL, NULL, NULL, NULL, NULL, NULL, NULL, 0.00, 0.00, 3, 'nohay.jpg', '2013-03-20 13:30:17', 'S', 1),
	(187, 2, NULL, NULL, 28, NULL, 0, '2012-11-09', '38436016094840', 'Alubia Riñón (canellini) 15Kg', 'Alubia Riñón (canellini) 15Kg', 15.00, 25.00, 0.00, 0.00, NULL, NULL, NULL, NULL, NULL, NULL, NULL, NULL, NULL, NULL, 0.00, 0.00, 3, 'nohay.jpg', '2013-04-23 11:08:42', 'S', 1),
	(188, 2, NULL, NULL, 15, NULL, 0, '2012-11-19', '8436016094009', 'Sin envase-Alubia Amarilla (Roxa) Nac.', 'Alubia Amarilla (Roxa) Nac-(Sin envase)', 1.00, 0.00, 135.00, 0.00, NULL, NULL, NULL, NULL, NULL, NULL, NULL, NULL, NULL, NULL, 0.00, 2.40, 3, 'nohay.jpg', '2013-04-24 11:44:41', 'S', 0),
	(189, 2, NULL, NULL, 28, NULL, 0, '2012-12-20', '8436016094849', 'Sin envase-Alubia Riñón (canellini)', 'Alubia Riñón (canellini)-Sin Envase', 1.00, 0.00, 0.00, 0.00, NULL, NULL, NULL, NULL, NULL, NULL, NULL, NULL, NULL, NULL, 0.00, 0.00, 3, 'nohay.jpg', '2013-04-22 09:46:39', 'S', 0),
	(190, 2, NULL, NULL, 28, NULL, 0, '2012-12-20', '48436016094847', 'Alubia Riñón (Canellini)- 25 Kg', 'Alubia Riñón (Canellini)- 25 Kg', 25.00, 0.00, 0.00, 0.00, NULL, NULL, NULL, NULL, NULL, NULL, NULL, NULL, NULL, NULL, 0.00, 0.00, 3, 'nohay.jpg', '2013-04-17 09:53:46', 'S', 1),
	(191, 2, NULL, NULL, 15, NULL, 0, '2012-12-21', '8436016094016', 'Sin envase-Alubia Amarilla Redonda León ', 'Alubia Amarilla Redonda León (sin envase)', 1.00, 0.00, 0.00, 0.00, NULL, NULL, NULL, NULL, NULL, NULL, NULL, NULL, NULL, NULL, 0.00, 0.00, 3, 'nohay.jpg', '2013-01-15 11:33:42', 'S', 0),
	(192, 2, NULL, NULL, 32, NULL, 0, '2012-12-26', '8436016094528', 'Sin envase-Lenteja Pardina ', 'Lenteja Pardina (sin envase)', 1.00, 0.00, 0.00, 0.00, NULL, NULL, NULL, NULL, NULL, NULL, NULL, NULL, NULL, NULL, 0.00, 0.68, 3, 'nohay.jpg', '2013-04-22 09:46:36', 'S', 0),
	(193, 2, NULL, NULL, 32, NULL, 0, '2012-12-26', '38436016094529', 'Lenteja Pardina 15 Kg', 'Lenteja Pardina 15 Kg', 15.00, 0.00, 0.00, 0.00, NULL, NULL, NULL, NULL, NULL, NULL, NULL, NULL, NULL, NULL, 0.00, 0.00, 3, 'nohay.jpg', '2013-04-17 09:53:46', 'S', 1),
	(194, 2, NULL, NULL, 23, NULL, 0, '2012-12-27', '48436016094304', 'Frijol Negrito- 25Kg', 'Frijol Negrito- 25Kg', 25.00, 0.00, 0.00, 0.00, NULL, NULL, NULL, NULL, NULL, NULL, NULL, NULL, NULL, NULL, 0.00, 0.00, 3, 'nohay.jpg', '2013-04-17 09:53:46', 'S', 1),
	(195, 2, NULL, NULL, 15, NULL, 0, '2012-12-27', '58436016094004', 'Alubia Amarilla (roxa) Nac 50 Kg', 'Alubia Amarilla (roxa) Nac 50 Kg', 50.00, 0.00, 0.00, 0.00, NULL, NULL, NULL, NULL, NULL, NULL, NULL, NULL, NULL, NULL, 0.00, 0.00, 3, 'nohay.jpg', '2013-03-20 13:28:14', 'S', 1),
	(196, 2, NULL, NULL, 32, NULL, 0, '2012-12-27', '58436016094523', 'Lenteja Pardina 50 Kg', 'Lenteja Pardina 50 Kg', 50.00, 0.00, 0.00, 0.00, NULL, NULL, NULL, NULL, NULL, NULL, NULL, NULL, NULL, NULL, 0.00, 0.00, 3, 'nohay.jpg', '2013-04-17 09:53:46', 'S', 1),
	(197, 3, NULL, NULL, 12, NULL, 0, '2012-12-27', '48436016095127', 'Alubias Granja Primera A 4:1 (25Kg)', 'Alubias Granja Primera A 4:1 (25Kg)', 25.00, 0.00, 0.00, 0.00, NULL, NULL, NULL, NULL, NULL, NULL, NULL, NULL, NULL, NULL, 0.00, 0.00, 3, 'nohay.jpg', '2013-01-11 12:37:11', 'S', 1),
	(198, 4, NULL, NULL, 11, NULL, 0, '2012-12-28', '8436016095709', 'Sin envase-Alubias Granja Nacional Primera ', 'Alubia Fabada Granja Nacional Primera (sin envase)', 1.00, 0.00, 0.00, 0.00, NULL, NULL, NULL, NULL, NULL, NULL, NULL, NULL, NULL, NULL, 0.00, 0.00, 3, 'nohay.jpg', '2013-01-03 11:16:19', 'S', 0),
	(199, 5, NULL, NULL, 11, NULL, 0, '2012-12-28', '8436016095808', 'Sin envase-Alubias Granja Nacional Segunda ', 'Alubias Fabada Granja Nacional Segunda (sin envase)', 1.00, 0.00, 0.00, 0.00, NULL, NULL, NULL, NULL, NULL, NULL, NULL, NULL, NULL, NULL, 0.00, 0.00, 3, 'nohay.jpg', '2013-01-14 11:35:58', 'S', 0),
	(200, 2, 1, NULL, 34, NULL, 0, '2013-01-16', '8436016094931', 'Sin envase-Guisante verde entero seco', 'Sin envase-Guisante verde entero seco', 1.00, 0.00, 0.00, 0.00, NULL, NULL, NULL, NULL, NULL, NULL, NULL, NULL, NULL, NULL, 0.00, 0.00, 3, 'nohay.jpg', '2013-01-16 12:23:31', 'S', 0),
	(201, 2, 1, NULL, 34, NULL, 0, '2013-01-16', '38436016094932', 'Guisante verde entero seco-15 Kg', 'Guisante verde entero seco-15 Kg', 15.00, 0.00, 0.00, 0.00, NULL, NULL, NULL, NULL, NULL, NULL, NULL, NULL, NULL, NULL, 0.00, 0.00, 3, 'nohay.jpg', '2013-01-16 12:26:11', 'S', 1),
	(202, 2, NULL, NULL, 31, NULL, 0, '2013-02-13', '58436016094417', 'Garbanzo Pedrosillano-50 KG', 'Garbanzo Pedrosillano-50 KG', 50.00, 0.00, 0.00, 0.00, NULL, NULL, NULL, NULL, NULL, NULL, NULL, NULL, NULL, NULL, 0.00, 0.00, 3, 'nohay.jpg', '2013-04-17 09:53:46', 'S', 1),
	(203, 2, NULL, NULL, 31, NULL, 0, '2013-02-13', '58436016094363', 'GARBANZO KABULI - 50 KG', 'GARBANZO KABULI - 50 KG', 50.00, 0.00, 0.00, 0.00, NULL, NULL, NULL, NULL, NULL, NULL, NULL, NULL, NULL, NULL, 0.00, 0.00, 3, 'nohay.jpg', '2013-04-17 09:53:46', 'S', 1),
	(204, 2, NULL, NULL, 8, NULL, 0, '2013-03-25', '8436016098014', 'Preparado Fabada (1-1-1)', 'sin fabas-preparado (1-1-1)', 0.30, 0.00, 0.00, 0.00, NULL, NULL, NULL, NULL, NULL, NULL, NULL, NULL, NULL, NULL, 0.00, 0.00, 3, 'nohay.jpg', '2013-03-25 13:07:57', 'S', 0),
	(205, 2, 1, NULL, 8, NULL, 0, '2013-03-25', '8436016098021', 'Preparado Fabada (2-1-2)', 'sin fabas-preparado (2-1-2)', 0.50, 0.00, 0.00, 0.00, NULL, NULL, NULL, NULL, NULL, NULL, NULL, NULL, NULL, NULL, 0.00, 0.00, 3, 'nohay.jpg', '2013-03-25 13:09:22', 'S', 0),
	(206, 2, 1, NULL, 8, NULL, 0, '2013-03-25', '8436016098038', 'Chorizo Extra', 'Chorizo Extra', 0.50, 2.00, 0.00, 0.00, NULL, NULL, NULL, NULL, NULL, NULL, NULL, NULL, NULL, NULL, 0.00, 0.00, 3, 'nohay.jpg', '2013-04-24 09:45:47', 'S', 0),
	(207, 2, 1, NULL, 8, NULL, 0, '2013-03-25', '8436016098045', 'Morcilla Extra', 'Morcilla Extra', 0.35, 2.00, 0.00, 0.00, NULL, NULL, NULL, NULL, NULL, NULL, NULL, NULL, NULL, NULL, 0.00, 0.00, 3, 'nohay.jpg', '2013-04-24 09:45:47', 'S', 0),
	(208, 2, 1, NULL, 31, NULL, 0, '2013-04-02', '48436016094366', 'Garbanzo Kabuli-25 Kg', 'Garbanzo Kabuli-25 Kg', 25.00, 0.00, 0.00, 0.00, NULL, NULL, NULL, NULL, NULL, NULL, NULL, NULL, NULL, NULL, 0.00, 0.00, 3, 'nohay.jpg', '2013-04-17 09:53:46', 'S', 1),
	(209, 2, NULL, NULL, 32, NULL, 0, '2013-04-03', '48436016094526', 'Lenteja Pardina- 25Kg', 'Lenteja Pardina- 25Kg', 25.00, 0.00, 0.00, 0.00, NULL, NULL, NULL, NULL, NULL, NULL, NULL, NULL, NULL, NULL, 0.00, 0.00, 3, 'nohay.jpg', '2013-04-17 09:53:46', 'S', 1),
	(210, 2, NULL, NULL, 31, NULL, 0, '2013-04-03', '48436016094410', 'Garbanzo Pedrosillano- 25Kg', 'Garbanzo Pedrosillano- 25Kg', 25.00, 0.00, 0.00, 0.00, NULL, NULL, NULL, NULL, NULL, NULL, NULL, NULL, NULL, NULL, 0.00, 0.00, 3, 'nohay.jpg', '2013-04-17 09:53:46', 'S', 1);
/*!40000 ALTER TABLE `producto` ENABLE KEYS */;


-- Dumping structure for table tierrina.producto_categorizacion
CREATE TABLE IF NOT EXISTS `producto_categorizacion` (
  `idCategorizacion` bigint(20) NOT NULL AUTO_INCREMENT,
  `idPadre` bigint(20) NOT NULL DEFAULT '0',
  `nombre` varchar(50) COLLATE latin1_spanish_ci NOT NULL DEFAULT '',
  `habilitado` set('S','N') COLLATE latin1_spanish_ci NOT NULL DEFAULT 'S',
  PRIMARY KEY (`idCategorizacion`)
) ENGINE=InnoDB AUTO_INCREMENT=35 DEFAULT CHARSET=latin1 COLLATE=latin1_spanish_ci;

-- Dumping data for table tierrina.producto_categorizacion: ~33 rows (approximately)
DELETE FROM `producto_categorizacion`;
/*!40000 ALTER TABLE `producto_categorizacion` DISABLE KEYS */;
INSERT INTO `producto_categorizacion` (`idCategorizacion`, `idPadre`, `nombre`, `habilitado`) VALUES
	(1, 9, 'Faba', 'S'),
	(2, 9, 'Faba fresca', 'N'),
	(3, 9, 'Alubias color', 'S'),
	(4, 9, 'Alubias blancas', 'S'),
	(5, 9, 'Otras legumbres', 'S'),
	(6, 0, 'Otros', 'S'),
	(7, 0, 'Especias', 'S'),
	(8, 0, 'Preparado', 'S'),
	(9, 0, 'Legumbres', 'S'),
	(11, 1, 'Asturiana', 'S'),
	(12, 1, 'Granja', 'S'),
	(13, 1, 'Fresca', 'S'),
	(14, 1, 'Verdina', 'S'),
	(15, 3, 'Amarilla', 'S'),
	(16, 3, 'Canela', 'S'),
	(17, 3, 'Caparrón', 'S'),
	(18, 3, 'Mandilín', 'N'),
	(19, 3, 'Morada', 'S'),
	(20, 3, 'Negra', 'S'),
	(21, 3, 'Palmeña', 'S'),
	(22, 3, 'Pinta', 'S'),
	(23, 3, 'Frijol', 'S'),
	(24, 5, 'Soja', 'S'),
	(25, 4, 'Planchada', 'S'),
	(26, 4, 'Plancheta', 'S'),
	(27, 4, 'Redonda', 'S'),
	(28, 4, 'Riñón', 'S'),
	(29, 5, 'Judión', 'S'),
	(30, 5, 'Arroz', 'S'),
	(31, 5, 'Garbanzo', 'S'),
	(32, 5, 'Lenteja', 'S'),
	(33, 6, 'Harina', 'S'),
	(34, 5, 'Guisante', 'S');
/*!40000 ALTER TABLE `producto_categorizacion` ENABLE KEYS */;


-- Dumping structure for table tierrina.producto_compuesto
CREATE TABLE IF NOT EXISTS `producto_compuesto` (
  `idProducto` bigint(20) NOT NULL,
  `idCompuestoDe` bigint(20) NOT NULL DEFAULT '0',
  `cantidad` double NOT NULL DEFAULT '0',
  PRIMARY KEY (`idProducto`,`idCompuestoDe`)
) ENGINE=MyISAM DEFAULT CHARSET=latin1;

-- Dumping data for table tierrina.producto_compuesto: 91 rows
DELETE FROM `producto_compuesto`;
/*!40000 ALTER TABLE `producto_compuesto` DISABLE KEYS */;
INSERT INTO `producto_compuesto` (`idProducto`, `idCompuestoDe`, `cantidad`) VALUES
	(71, 6, 10),
	(72, 1, 12),
	(111, 106, 15),
	(112, 107, 15),
	(113, 29, 21),
	(73, 114, 24),
	(197, 117, 25),
	(119, 118, 25),
	(132, 28, 18),
	(139, 125, 10),
	(67, 64, 4),
	(142, 141, 24),
	(146, 29, 12),
	(158, 147, 10),
	(165, 149, 10),
	(20, 127, 15),
	(162, 148, 15),
	(155, 154, 25),
	(164, 149, 5),
	(5, 129, 18),
	(163, 148, 25),
	(23, 151, 15),
	(161, 148, 10),
	(26, 131, 15),
	(14, 147, 50),
	(160, 148, 5),
	(11, 131, 5),
	(15, 131, 10),
	(159, 147, 15),
	(157, 147, 5),
	(40, 172, 25),
	(41, 172, 50),
	(156, 147, 25),
	(39, 172, 15),
	(42, 152, 10),
	(44, 152, 25),
	(166, 149, 15),
	(167, 149, 25),
	(168, 150, 5),
	(169, 150, 10),
	(170, 150, 15),
	(171, 150, 25),
	(173, 172, 5),
	(174, 172, 10),
	(175, 172, 15),
	(176, 172, 25),
	(178, 152, 5),
	(56, 177, 10),
	(89, 179, 15),
	(58, 177, 25),
	(57, 177, 15),
	(59, 177, 50),
	(180, 177, 5),
	(183, 182, 15),
	(184, 182, 25),
	(187, 189, 15),
	(75, 188, 10),
	(76, 188, 15),
	(77, 188, 25),
	(60, 63, 10),
	(190, 189, 25),
	(61, 63, 5),
	(62, 63, 25),
	(79, 191, 15),
	(78, 191, 10),
	(193, 192, 15),
	(116, 107, 25),
	(194, 179, 25),
	(195, 188, 50),
	(196, 192, 50),
	(47, 198, 5),
	(46, 198, 10),
	(43, 198, 15),
	(48, 198, 25),
	(49, 199, 25),
	(133, 131, 25),
	(50, 66, 10),
	(201, 200, 15),
	(121, 117, 15),
	(202, 106, 50),
	(203, 151, 50),
	(31, 27, 15),
	(21, 127, 25),
	(25, 118, 15),
	(38, 152, 15),
	(80, 16, 15),
	(24, 191, 25),
	(208, 151, 25),
	(209, 192, 25),
	(210, 106, 25),
	(13, 199, 5);
/*!40000 ALTER TABLE `producto_compuesto` ENABLE KEYS */;


-- Dumping structure for table tierrina.producto_compuesto_historico
CREATE TABLE IF NOT EXISTS `producto_compuesto_historico` (
  `idProducto` bigint(20) NOT NULL,
  `idCompuestoDe` bigint(20) NOT NULL DEFAULT '0',
  `cantidad` double NOT NULL DEFAULT '0',
  `fecha` timestamp NOT NULL DEFAULT CURRENT_TIMESTAMP ON UPDATE CURRENT_TIMESTAMP,
  PRIMARY KEY (`idProducto`,`idCompuestoDe`,`fecha`)
) ENGINE=MyISAM DEFAULT CHARSET=latin1 ROW_FORMAT=FIXED;

-- Dumping data for table tierrina.producto_compuesto_historico: 181 rows
DELETE FROM `producto_compuesto_historico`;
/*!40000 ALTER TABLE `producto_compuesto_historico` DISABLE KEYS */;
INSERT INTO `producto_compuesto_historico` (`idProducto`, `idCompuestoDe`, `cantidad`, `fecha`) VALUES
	(71, 6, 10, '2012-08-31 14:45:02'),
	(72, 1, 12, '2012-08-31 14:45:02'),
	(111, 100, 15, '2012-08-31 14:45:02'),
	(112, 14, 16, '2012-08-31 14:45:02'),
	(113, 29, 21, '2012-08-31 14:45:02'),
	(73, 114, 24, '2012-08-31 14:45:02'),
	(117, 116, 25, '2012-08-31 14:45:02'),
	(119, 118, 25, '2012-08-31 14:45:02'),
	(67, 64, 4, '2012-08-31 14:45:02'),
	(132, 74, 1, '2012-08-31 14:45:02'),
	(132, 34, 1, '2012-08-31 14:45:02'),
	(133, 125, 10, '2012-08-31 14:45:02'),
	(14, 134, 50, '2012-08-31 14:45:02'),
	(131, 134, 25, '2012-08-31 14:45:02'),
	(13, 134, 25, '2012-08-31 14:45:02'),
	(38, 135, 10, '2012-08-31 14:45:02'),
	(21, 136, 25, '2012-08-31 14:45:02'),
	(56, 137, 10, '2012-08-31 14:45:02'),
	(57, 135, 15, '2012-08-31 14:45:02'),
	(138, 134, 25, '2012-08-31 14:45:02'),
	(183, 182, 15, '2012-09-05 11:32:05'),
	(184, 182, 25, '2012-09-10 09:14:36'),
	(173, 172, 5, '2012-09-11 12:02:52'),
	(176, 172, 25, '2012-09-17 11:53:34'),
	(187, 186, 15, '2012-11-09 12:24:09'),
	(158, 147, 10, '2012-11-15 12:36:54'),
	(164, 149, 5, '2012-11-16 12:17:25'),
	(168, 150, 5, '2012-11-16 12:36:21'),
	(56, 177, 10, '2012-11-16 12:54:32'),
	(180, 177, 5, '2012-11-16 12:54:57'),
	(57, 177, 15, '2012-11-16 12:56:52'),
	(57, 177, 15, '2012-11-16 12:57:20'),
	(58, 177, 25, '2012-11-16 12:59:29'),
	(75, 188, 10, '2012-11-19 12:51:55'),
	(76, 188, 15, '2012-11-19 12:54:35'),
	(77, 188, 25, '2012-11-19 12:56:40'),
	(60, 63, 10, '2012-12-20 12:14:54'),
	(190, 189, 25, '2012-12-20 12:24:20'),
	(61, 63, 5, '2012-12-20 12:40:29'),
	(62, 63, 25, '2012-12-20 12:43:32'),
	(79, 191, 15, '2012-12-24 09:33:14'),
	(78, 191, 10, '2012-12-24 09:33:53'),
	(183, 182, 15, '2012-12-24 10:27:31'),
	(174, 172, 10, '2012-12-24 11:02:16'),
	(193, 192, 15, '2012-12-26 09:54:45'),
	(111, 106, 15, '2012-12-26 10:25:19'),
	(112, 107, 15, '2012-12-26 10:30:50'),
	(116, 107, 25, '2012-12-26 10:45:42'),
	(194, 179, 25, '2012-12-27 09:55:22'),
	(195, 188, 50, '2012-12-27 10:03:42'),
	(196, 192, 50, '2012-12-27 10:19:20'),
	(119, 118, 25, '2012-12-27 13:00:38'),
	(197, 117, 25, '2012-12-27 13:03:44'),
	(127, 148, 5, '2012-12-28 10:00:32'),
	(178, 172, 25, '2012-12-28 11:14:44'),
	(42, 152, 10, '2012-12-28 11:45:24'),
	(44, 152, 25, '2012-12-28 11:46:00'),
	(47, 198, 5, '2012-12-28 11:55:27'),
	(46, 198, 10, '2012-12-28 11:59:36'),
	(43, 198, 15, '2012-12-28 12:05:28'),
	(48, 198, 25, '2012-12-28 12:08:23'),
	(43, 198, 15, '2012-12-28 12:09:13'),
	(46, 198, 10, '2012-12-28 12:09:53'),
	(47, 198, 5, '2012-12-28 12:10:22'),
	(49, 199, 25, '2012-12-28 12:28:23'),
	(157, 147, 5, '2013-01-02 12:45:07'),
	(158, 147, 10, '2013-01-02 12:46:33'),
	(159, 147, 15, '2013-01-02 12:47:57'),
	(156, 147, 25, '2013-01-02 12:49:47'),
	(160, 148, 5, '2013-01-02 13:00:32'),
	(161, 148, 10, '2013-01-02 13:01:31'),
	(162, 148, 15, '2013-01-02 13:02:40'),
	(163, 148, 25, '2013-01-02 13:04:04'),
	(164, 149, 5, '2013-01-02 13:13:59'),
	(165, 149, 10, '2013-01-03 10:12:23'),
	(166, 149, 15, '2013-01-03 10:13:15'),
	(167, 149, 25, '2013-01-03 10:14:15'),
	(168, 150, 5, '2013-01-03 10:20:51'),
	(169, 150, 10, '2013-01-03 10:23:14'),
	(170, 150, 15, '2013-01-03 10:24:48'),
	(171, 150, 25, '2013-01-03 10:25:44'),
	(180, 177, 5, '2013-01-03 10:29:38'),
	(56, 177, 10, '2013-01-03 10:31:49'),
	(57, 177, 15, '2013-01-03 10:32:48'),
	(58, 177, 25, '2013-01-03 10:34:37'),
	(61, 63, 5, '2013-01-03 10:38:11'),
	(60, 63, 10, '2013-01-03 10:40:12'),
	(58, 177, 25, '2013-01-03 10:50:00'),
	(62, 63, 25, '2013-01-03 10:54:10'),
	(173, 172, 5, '2013-01-03 10:59:19'),
	(174, 172, 10, '2013-01-03 11:00:13'),
	(175, 172, 15, '2013-01-03 11:01:05'),
	(176, 172, 25, '2013-01-03 11:01:54'),
	(42, 152, 10, '2013-01-03 11:05:52'),
	(44, 152, 25, '2013-01-03 11:07:32'),
	(178, 152, 5, '2013-01-03 11:12:13'),
	(47, 198, 5, '2013-01-03 11:36:46'),
	(46, 198, 10, '2013-01-03 11:38:05'),
	(39, 151, 15, '2013-01-03 11:47:02'),
	(133, 148, 25, '2013-01-03 12:41:27'),
	(133, 131, 25, '2013-01-03 12:43:46'),
	(50, 66, 10, '2013-01-03 12:47:35'),
	(194, 179, 25, '2013-01-09 12:08:04'),
	(23, 151, 15, '2013-01-09 12:56:43'),
	(112, 107, 15, '2013-01-11 11:15:24'),
	(116, 107, 25, '2013-01-11 11:16:25'),
	(112, 107, 15, '2013-01-11 11:18:54'),
	(116, 107, 25, '2013-01-11 11:19:14'),
	(113, 29, 21, '2013-01-11 11:22:36'),
	(132, 28, 18, '2013-01-11 11:24:27'),
	(146, 29, 12, '2013-01-11 12:28:29'),
	(197, 117, 25, '2013-01-11 12:37:11'),
	(142, 141, 24, '2013-01-11 13:00:56'),
	(119, 118, 25, '2013-01-14 11:15:18'),
	(119, 118, 25, '2013-01-14 11:19:10'),
	(43, 198, 15, '2013-01-14 11:31:37'),
	(48, 198, 25, '2013-01-14 11:34:56'),
	(49, 199, 25, '2013-01-14 11:37:35'),
	(71, 6, 10, '2013-01-14 11:46:37'),
	(155, 154, 25, '2013-01-14 13:14:32'),
	(111, 106, 15, '2013-01-14 13:18:33'),
	(23, 151, 15, '2013-01-14 13:27:10'),
	(193, 192, 15, '2013-01-15 11:26:05'),
	(75, 188, 10, '2013-01-15 11:29:15'),
	(76, 188, 15, '2013-01-15 11:30:05'),
	(77, 188, 25, '2013-01-15 11:31:20'),
	(195, 188, 50, '2013-01-15 11:31:55'),
	(78, 191, 10, '2013-01-15 11:34:56'),
	(79, 191, 15, '2013-01-15 11:35:41'),
	(190, 189, 25, '2013-01-15 11:41:38'),
	(201, 200, 15, '2013-01-16 12:26:11'),
	(89, 179, 15, '2013-01-16 12:53:27'),
	(194, 179, 25, '2013-01-16 12:54:54'),
	(183, 182, 15, '2013-01-16 13:03:55'),
	(184, 182, 25, '2013-01-16 13:04:42'),
	(121, 117, 15, '2013-01-24 09:23:53'),
	(11, 152, 5, '2013-01-25 10:31:48'),
	(15, 131, 10, '2013-01-25 10:34:49'),
	(11, 131, 5, '2013-01-25 10:35:21'),
	(26, 131, 15, '2013-01-25 12:44:38'),
	(183, 182, 15, '2013-01-28 12:23:28'),
	(184, 182, 25, '2013-01-28 12:24:00'),
	(5, 129, 18, '2013-01-28 13:19:50'),
	(171, 150, 25, '2013-02-01 12:42:07'),
	(169, 150, 10, '2013-02-01 12:42:24'),
	(170, 150, 15, '2013-02-01 12:42:39'),
	(202, 106, 50, '2013-02-13 12:29:54'),
	(203, 151, 50, '2013-02-13 12:35:05'),
	(202, 106, 50, '2013-02-14 11:13:04'),
	(203, 151, 50, '2013-02-14 11:16:35'),
	(31, 27, 15, '2013-03-01 09:46:25'),
	(175, 172, 15, '2013-03-18 09:46:56'),
	(156, 147, 25, '2013-03-22 12:10:17'),
	(20, 127, 15, '2013-03-25 10:34:49'),
	(21, 127, 25, '2013-03-25 10:36:12'),
	(25, 118, 15, '2013-03-25 10:40:57'),
	(119, 118, 25, '2013-03-25 10:41:50'),
	(38, 152, 15, '2013-03-25 10:52:37'),
	(43, 198, 15, '2013-03-25 10:56:32'),
	(80, 16, 15, '2013-03-25 11:08:50'),
	(187, 186, 15, '2013-03-25 11:14:58'),
	(187, 189, 15, '2013-03-25 11:37:16'),
	(39, 172, 15, '2013-03-25 11:38:28'),
	(40, 172, 25, '2013-03-25 11:39:27'),
	(41, 172, 50, '2013-03-25 11:40:36'),
	(14, 147, 50, '2013-03-25 11:45:36'),
	(24, 191, 25, '2013-03-25 12:10:20'),
	(20, 127, 15, '2013-03-25 13:10:35'),
	(21, 127, 25, '2013-03-25 13:11:02'),
	(183, 182, 15, '2013-04-01 10:23:31'),
	(184, 182, 25, '2013-04-01 10:25:01'),
	(174, 172, 10, '2013-04-02 11:18:54'),
	(208, 151, 25, '2013-04-02 11:25:21'),
	(209, 192, 25, '2013-04-03 11:48:59'),
	(210, 106, 25, '2013-04-03 12:09:56'),
	(210, 106, 25, '2013-04-03 12:44:29'),
	(209, 192, 25, '2013-04-03 12:46:55'),
	(196, 192, 50, '2013-04-03 12:50:08'),
	(13, 199, 5, '2013-04-18 09:28:48'),
	(158, 147, 10, '2013-04-22 11:03:08'),
	(76, 188, 15, '2013-04-22 11:14:04');
/*!40000 ALTER TABLE `producto_compuesto_historico` ENABLE KEYS */;


-- Dumping structure for table tierrina.producto_ean13
CREATE TABLE IF NOT EXISTS `producto_ean13` (
  `idProducto` bigint(20) NOT NULL DEFAULT '0',
  `idEAN13` bigint(20) NOT NULL DEFAULT '0',
  `cantidad` double DEFAULT NULL,
  PRIMARY KEY (`idProducto`,`idEAN13`)
) ENGINE=MyISAM DEFAULT CHARSET=latin1 ROW_FORMAT=FIXED;

-- Dumping data for table tierrina.producto_ean13: 0 rows
DELETE FROM `producto_ean13`;
/*!40000 ALTER TABLE `producto_ean13` DISABLE KEYS */;
/*!40000 ALTER TABLE `producto_ean13` ENABLE KEYS */;


-- Dumping structure for table tierrina.producto_ean13_historico
CREATE TABLE IF NOT EXISTS `producto_ean13_historico` (
  `idProducto` bigint(20) NOT NULL DEFAULT '0',
  `idEAN13` bigint(20) NOT NULL DEFAULT '0',
  `cantidad` double DEFAULT NULL,
  `fecha` timestamp NOT NULL DEFAULT CURRENT_TIMESTAMP ON UPDATE CURRENT_TIMESTAMP,
  PRIMARY KEY (`idProducto`,`idEAN13`,`fecha`)
) ENGINE=MyISAM DEFAULT CHARSET=latin1 ROW_FORMAT=FIXED;

-- Dumping data for table tierrina.producto_ean13_historico: 2 rows
DELETE FROM `producto_ean13_historico`;
/*!40000 ALTER TABLE `producto_ean13_historico` DISABLE KEYS */;
INSERT INTO `producto_ean13_historico` (`idProducto`, `idEAN13`, `cantidad`, `fecha`) VALUES
	(78, 191, 10, '2012-12-24 09:30:20'),
	(31, 27, 15, '2013-01-25 12:52:04');
/*!40000 ALTER TABLE `producto_ean13_historico` ENABLE KEYS */;


-- Dumping structure for table tierrina.producto_envase
CREATE TABLE IF NOT EXISTS `producto_envase` (
  `idProducto` bigint(20) NOT NULL DEFAULT '0',
  `idEnvase` bigint(20) NOT NULL DEFAULT '0',
  `cantidad` double DEFAULT NULL,
  PRIMARY KEY (`idProducto`,`idEnvase`)
) ENGINE=MyISAM DEFAULT CHARSET=latin1;

-- Dumping data for table tierrina.producto_envase: 206 rows
DELETE FROM `producto_envase`;
/*!40000 ALTER TABLE `producto_envase` DISABLE KEYS */;
INSERT INTO `producto_envase` (`idProducto`, `idEnvase`, `cantidad`) VALUES
	(118, 57, 1),
	(110, 6, 1),
	(5, 23, 1),
	(6, 36, 1),
	(7, 10, 1),
	(8, 10, 1),
	(11, 58, 1),
	(12, 57, 1),
	(66, 59, 1),
	(14, 9, 1),
	(15, 58, 1),
	(16, 57, 1),
	(17, 11, 1),
	(18, 9, 1),
	(19, 57, 1),
	(20, 6, 1),
	(21, 8, 1),
	(22, 57, 1),
	(23, 6, 1),
	(24, 8, 1),
	(25, 6, 1),
	(26, 6, 1),
	(27, 57, 1),
	(28, 28, 1),
	(29, 29, 1),
	(30, 32, 1),
	(31, 6, 1),
	(32, 1, 1),
	(33, 1, 1),
	(34, 57, 1),
	(35, 53, 1),
	(36, 34, 1),
	(37, 33, 1),
	(38, 6, 1),
	(39, 6, 1),
	(40, 11, 1),
	(41, 9, 1),
	(42, 58, 1),
	(43, 6, 1),
	(44, 11, 1),
	(45, 9, 1),
	(46, 58, 1),
	(47, 58, 1),
	(48, 11, 1),
	(49, 11, 1),
	(50, 25, 1),
	(56, 58, 1),
	(57, 6, 1),
	(58, 11, 1),
	(59, 9, 1),
	(60, 58, 1),
	(61, 58, 1),
	(62, 11, 1),
	(63, 57, 1),
	(64, 2, 1),
	(65, 4, 1),
	(1, 3, 1),
	(3, 35, 1),
	(104, 57, 1),
	(1, 16, 1),
	(132, 23, 1),
	(202, 9, 1),
	(67, 25, 1),
	(68, 55, 1),
	(9, 42, 1),
	(9, 26, 1),
	(75, 58, 1),
	(76, 11, 1),
	(77, 8, 1),
	(78, 7, 1),
	(79, 6, 1),
	(80, 6, 1),
	(81, 57, 1),
	(82, 57, 1),
	(83, 6, 1),
	(84, 6, 1),
	(85, 6, 1),
	(86, 8, 1),
	(87, 6, 1),
	(88, 6, 1),
	(89, 11, 1),
	(90, 58, 1),
	(91, 6, 1),
	(92, 57, 1),
	(93, 57, 1),
	(94, 6, 1),
	(95, 6, 1),
	(96, 6, 1),
	(97, 6, 1),
	(98, 57, 1),
	(99, 6, 1),
	(100, 57, 1),
	(101, 6, 1),
	(102, 6, 1),
	(105, 6, 1),
	(106, 57, 1),
	(107, 57, 1),
	(108, 47, 1),
	(194, 8, 1),
	(108, 8, 32),
	(13, 10, 1),
	(2, 38, 1),
	(73, 18, 1),
	(119, 8, 1),
	(109, 8, 1),
	(111, 6, 1),
	(112, 6, 1),
	(113, 21, 1),
	(114, 4, 1),
	(114, 15, 1),
	(115, 8, 1),
	(116, 8, 1),
	(117, 57, 1),
	(120, 1, 1),
	(121, 6, 1),
	(122, 4, 1),
	(123, 33, 1),
	(124, 1, 1),
	(74, 57, 1),
	(125, 42, 1),
	(103, 57, 1),
	(126, 1, 1),
	(127, 57, 1),
	(128, 34, 1),
	(129, 28, 1),
	(130, 32, 1),
	(71, 10, 1),
	(72, 19, 1),
	(131, 57, 1),
	(133, 11, 1),
	(134, 1, 1),
	(135, 1, 1),
	(136, 57, 1),
	(137, 40, 1),
	(138, 1, 1),
	(139, 24, 1),
	(140, 1, 1),
	(141, 17, 1),
	(141, 4, 1),
	(142, 20, 1),
	(143, 1, 1),
	(144, 57, 1),
	(145, 1, 1),
	(146, 23, 1),
	(147, 57, 1),
	(148, 57, 1),
	(149, 57, 1),
	(150, 57, 1),
	(151, 57, 1),
	(152, 57, 1),
	(153, 29, 1),
	(154, 57, 1),
	(155, 8, 1),
	(156, 60, 1),
	(157, 58, 1),
	(158, 7, 1),
	(159, 6, 1),
	(160, 58, 1),
	(161, 58, 1),
	(162, 6, 1),
	(163, 8, 1),
	(164, 58, 1),
	(165, 58, 1),
	(166, 6, 1),
	(167, 8, 1),
	(168, 58, 1),
	(169, 58, 1),
	(170, 6, 1),
	(171, 8, 1),
	(172, 57, 1),
	(173, 58, 1),
	(174, 58, 1),
	(175, 6, 1),
	(176, 11, 1),
	(177, 57, 1),
	(178, 58, 1),
	(179, 57, 1),
	(180, 58, 1),
	(181, 57, 1),
	(182, 57, 1),
	(183, 6, 1),
	(184, 8, 1),
	(185, 1, 1),
	(186, 1, 1),
	(187, 6, 1),
	(188, 57, 1),
	(189, 57, 1),
	(190, 8, 1),
	(191, 57, 1),
	(192, 57, 1),
	(193, 6, 1),
	(195, 9, 1),
	(196, 9, 1),
	(197, 8, 1),
	(198, 57, 1),
	(199, 57, 1),
	(200, 57, 1),
	(201, 6, 1),
	(203, 9, 1),
	(204, 57, 1),
	(205, 57, 1),
	(206, 57, 1),
	(207, 57, 1),
	(208, 8, 1),
	(209, 8, 1),
	(210, 8, 1);
/*!40000 ALTER TABLE `producto_envase` ENABLE KEYS */;


-- Dumping structure for table tierrina.producto_envase_historico
CREATE TABLE IF NOT EXISTS `producto_envase_historico` (
  `idProducto` bigint(20) NOT NULL DEFAULT '0',
  `idEnvase` bigint(20) NOT NULL DEFAULT '0',
  `cantidad` double DEFAULT NULL,
  `fecha` timestamp NOT NULL DEFAULT CURRENT_TIMESTAMP ON UPDATE CURRENT_TIMESTAMP,
  PRIMARY KEY (`idProducto`,`idEnvase`,`fecha`)
) ENGINE=MyISAM DEFAULT CHARSET=latin1 ROW_FORMAT=FIXED;

-- Dumping data for table tierrina.producto_envase_historico: 465 rows
DELETE FROM `producto_envase_historico`;
/*!40000 ALTER TABLE `producto_envase_historico` DISABLE KEYS */;
INSERT INTO `producto_envase_historico` (`idProducto`, `idEnvase`, `cantidad`, `fecha`) VALUES
	(118, 57, 1, '2012-08-31 14:45:02'),
	(110, 6, 1, '2012-08-31 14:45:02'),
	(5, 15, 1, '2012-08-31 14:45:02'),
	(6, 36, 1, '2012-08-31 14:45:02'),
	(7, 10, 1, '2012-08-31 14:45:02'),
	(8, 10, 1, '2012-08-31 14:45:02'),
	(11, 7, 1, '2012-08-31 14:45:02'),
	(12, 6, 1, '2012-08-31 14:45:02'),
	(66, 1, 1, '2012-08-31 14:45:02'),
	(14, 9, 1, '2012-08-31 14:45:02'),
	(15, 7, 1, '2012-08-31 14:45:02'),
	(16, 6, 1, '2012-08-31 14:45:02'),
	(17, 11, 1, '2012-08-31 14:45:02'),
	(18, 9, 1, '2012-08-31 14:45:02'),
	(19, 7, 1, '2012-08-31 14:45:02'),
	(20, 6, 1, '2012-08-31 14:45:02'),
	(21, 11, 1, '2012-08-31 14:45:02'),
	(22, 9, 1, '2012-08-31 14:45:02'),
	(23, 7, 1, '2012-08-31 14:45:02'),
	(24, 6, 1, '2012-08-31 14:45:02'),
	(25, 8, 1, '2012-08-31 14:45:02'),
	(26, 9, 1, '2012-08-31 14:45:02'),
	(27, 8, 1, '2012-08-31 14:45:02'),
	(28, 28, 1, '2012-08-31 14:45:02'),
	(29, 29, 1, '2012-08-31 14:45:02'),
	(30, 32, 1, '2012-08-31 14:45:02'),
	(31, 7, 1, '2012-08-31 14:45:02'),
	(32, 1, 1, '2012-08-31 14:45:02'),
	(33, 1, 1, '2012-08-31 14:45:02'),
	(34, 57, 1, '2012-08-31 14:45:02'),
	(35, 53, 1, '2012-08-31 14:45:02'),
	(36, 34, 1, '2012-08-31 14:45:02'),
	(37, 33, 1, '2012-08-31 14:45:02'),
	(38, 7, 1, '2012-08-31 14:45:02'),
	(39, 6, 1, '2012-08-31 14:45:02'),
	(40, 11, 1, '2012-08-31 14:45:02'),
	(41, 9, 1, '2012-08-31 14:45:02'),
	(42, 7, 1, '2012-08-31 14:45:02'),
	(43, 6, 1, '2012-08-31 14:45:02'),
	(44, 11, 1, '2012-08-31 14:45:02'),
	(45, 9, 1, '2012-08-31 14:45:02'),
	(46, 7, 1, '2012-08-31 14:45:02'),
	(47, 6, 1, '2012-08-31 14:45:02'),
	(48, 11, 1, '2012-08-31 14:45:02'),
	(49, 9, 1, '2012-08-31 14:45:02'),
	(50, 12, 1, '2012-08-31 14:45:02'),
	(56, 7, 1, '2012-08-31 14:45:02'),
	(57, 6, 1, '2012-08-31 14:45:02'),
	(58, 11, 1, '2012-08-31 14:45:02'),
	(59, 9, 1, '2012-08-31 14:45:02'),
	(60, 7, 1, '2012-08-31 14:45:02'),
	(61, 7, 1, '2012-08-31 14:45:02'),
	(62, 8, 1, '2012-08-31 14:45:02'),
	(63, 7, 1, '2012-08-31 14:45:02'),
	(64, 2, 1, '2012-08-31 14:45:02'),
	(65, 4, 1, '2012-08-31 14:45:02'),
	(1, 19, 0.083, '2012-08-31 14:45:02'),
	(3, 35, 1, '2012-08-31 14:45:02'),
	(104, 1, 1, '2012-08-31 14:45:02'),
	(1, 3, 1, '2012-08-31 14:45:02'),
	(132, 42, 1, '2012-08-31 14:45:02'),
	(5, 4, 1, '2012-08-31 14:45:02'),
	(67, 25, 1, '2012-08-31 14:45:02'),
	(68, 55, 1, '2012-08-31 14:45:02'),
	(9, 42, 1, '2012-08-31 14:45:02'),
	(9, 26, 1, '2012-08-31 14:45:02'),
	(75, 7, 1, '2012-08-31 14:45:02'),
	(76, 6, 1, '2012-08-31 14:45:02'),
	(77, 11, 1, '2012-08-31 14:45:02'),
	(78, 7, 1, '2012-08-31 14:45:02'),
	(79, 6, 1, '2012-08-31 14:45:02'),
	(80, 6, 1, '2012-08-31 14:45:02'),
	(81, 6, 1, '2012-08-31 14:45:02'),
	(82, 6, 1, '2012-08-31 14:45:02'),
	(83, 6, 1, '2012-08-31 14:45:02'),
	(84, 6, 1, '2012-08-31 14:45:02'),
	(85, 6, 1, '2012-08-31 14:45:02'),
	(86, 6, 1, '2012-08-31 14:45:02'),
	(87, 6, 1, '2012-08-31 14:45:02'),
	(88, 6, 1, '2012-08-31 14:45:02'),
	(89, 6, 1, '2012-08-31 14:45:02'),
	(90, 6, 1, '2012-08-31 14:45:02'),
	(91, 6, 1, '2012-08-31 14:45:02'),
	(92, 6, 1, '2012-08-31 14:45:02'),
	(93, 6, 1, '2012-08-31 14:45:02'),
	(94, 6, 1, '2012-08-31 14:45:02'),
	(95, 6, 1, '2012-08-31 14:45:02'),
	(96, 6, 1, '2012-08-31 14:45:02'),
	(97, 6, 1, '2012-08-31 14:45:02'),
	(98, 6, 1, '2012-08-31 14:45:02'),
	(99, 6, 1, '2012-08-31 14:45:02'),
	(100, 6, 1, '2012-08-31 14:45:02'),
	(101, 6, 1, '2012-08-31 14:45:02'),
	(102, 6, 1, '2012-08-31 14:45:02'),
	(105, 6, 1, '2012-08-31 14:45:02'),
	(106, 55, 1, '2012-08-31 14:45:02'),
	(107, 57, 1, '2012-08-31 14:45:02'),
	(108, 47, 1, '2012-08-31 14:45:02'),
	(106, 8, 1, '2012-08-31 14:45:02'),
	(108, 8, 32, '2012-08-31 14:45:02'),
	(13, 8, 1, '2012-08-31 14:45:02'),
	(2, 38, 1, '2012-08-31 14:45:02'),
	(73, 18, 1, '2012-08-31 14:45:02'),
	(119, 8, 1, '2012-08-31 14:45:02'),
	(109, 8, 1, '2012-08-31 14:45:02'),
	(111, 6, 1, '2012-08-31 14:45:02'),
	(112, 45, 1, '2012-08-31 14:45:02'),
	(113, 21, 1, '2012-08-31 14:45:02'),
	(114, 15, 1, '2012-08-31 14:45:02'),
	(114, 4, 1, '2012-08-31 14:45:02'),
	(115, 8, 1, '2012-08-31 14:45:02'),
	(116, 57, 1, '2012-08-31 14:45:02'),
	(117, 8, 1, '2012-08-31 14:45:02'),
	(120, 1, 1, '2012-08-31 14:45:02'),
	(121, 9, 1, '2012-08-31 14:45:02'),
	(122, 4, 1, '2012-08-31 14:45:02'),
	(123, 33, 1, '2012-08-31 14:45:02'),
	(124, 1, 1, '2012-08-31 14:45:02'),
	(74, 57, 1, '2012-08-31 14:45:02'),
	(125, 42, 1, '2012-08-31 14:45:02'),
	(103, 1, 1, '2012-08-31 14:45:02'),
	(126, 1, 1, '2012-08-31 14:45:02'),
	(127, 7, 1, '2012-08-31 14:45:02'),
	(128, 34, 1, '2012-08-31 14:45:02'),
	(129, 28, 1, '2012-08-31 14:45:02'),
	(130, 32, 1, '2012-08-31 14:45:02'),
	(71, 10, 1, '2012-08-31 14:45:02'),
	(72, 19, 1, '2012-08-31 14:45:02'),
	(131, 57, 1, '2012-08-31 14:45:02'),
	(133, 24, 1, '2012-08-31 14:45:02'),
	(134, 57, 1, '2012-08-31 14:45:02'),
	(135, 57, 1, '2012-08-31 14:45:02'),
	(136, 57, 1, '2012-08-31 14:45:02'),
	(137, 57, 1, '2012-08-31 14:45:02'),
	(138, 9, 1, '2012-08-31 14:45:02'),
	(182, 57, 1, '2012-09-05 11:29:32'),
	(183, 6, 1, '2012-09-05 11:32:05'),
	(184, 8, 1, '2012-09-10 09:14:36'),
	(173, 7, 1, '2012-09-11 12:02:52'),
	(176, 8, 1, '2012-09-17 11:53:34'),
	(118, 57, 1, '2012-09-27 11:25:47'),
	(145, 57, 1, '2012-10-04 11:26:42'),
	(185, 1, 1, '2012-10-04 12:32:10'),
	(186, 57, 1, '2012-11-09 12:21:54'),
	(187, 6, 1, '2012-11-09 12:24:08'),
	(186, 57, 1, '2012-11-09 12:24:43'),
	(186, 57, 1, '2012-11-15 12:21:09'),
	(158, 7, 1, '2012-11-15 12:36:54'),
	(107, 57, 1, '2012-11-16 12:09:50'),
	(164, 7, 1, '2012-11-16 12:17:25'),
	(168, 7, 1, '2012-11-16 12:36:21'),
	(177, 57, 1, '2012-11-16 12:49:06'),
	(56, 7, 1, '2012-11-16 12:54:32'),
	(180, 7, 1, '2012-11-16 12:54:57'),
	(57, 6, 1, '2012-11-16 12:56:52'),
	(57, 6, 1, '2012-11-16 12:57:20'),
	(58, 11, 1, '2012-11-16 12:59:29'),
	(124, 1, 1, '2012-11-19 12:21:58'),
	(134, 1, 1, '2012-11-19 12:43:24'),
	(188, 57, 1, '2012-11-19 12:50:49'),
	(75, 7, 1, '2012-11-19 12:51:55'),
	(76, 6, 1, '2012-11-19 12:54:35'),
	(77, 11, 1, '2012-11-19 12:56:40'),
	(100, 57, 1, '2012-12-05 11:11:28'),
	(100, 57, 1, '2012-12-05 11:13:02'),
	(82, 57, 1, '2012-12-17 10:04:44'),
	(3, 35, 1, '2012-12-18 12:06:18'),
	(129, 28, 1, '2012-12-18 13:21:51'),
	(2, 38, 1, '2012-12-20 10:50:12'),
	(5, 15, 1, '2012-12-20 10:55:26'),
	(5, 4, 1, '2012-12-20 10:55:26'),
	(7, 10, 1, '2012-12-20 10:58:34'),
	(8, 10, 1, '2012-12-20 10:59:27'),
	(30, 32, 1, '2012-12-20 11:14:26'),
	(37, 33, 1, '2012-12-20 11:51:12'),
	(63, 57, 1, '2012-12-20 12:10:44'),
	(60, 7, 1, '2012-12-20 12:14:54'),
	(63, 57, 1, '2012-12-20 12:15:21'),
	(189, 57, 1, '2012-12-20 12:20:01'),
	(190, 8, 1, '2012-12-20 12:24:20'),
	(61, 7, 1, '2012-12-20 12:40:29'),
	(62, 8, 1, '2012-12-20 12:43:32'),
	(65, 4, 1, '2012-12-20 12:48:07'),
	(68, 55, 1, '2012-12-20 12:54:15'),
	(191, 57, 1, '2012-12-21 09:52:38'),
	(78, 7, 1, '2012-12-24 09:30:20'),
	(79, 6, 1, '2012-12-24 09:33:14'),
	(78, 7, 1, '2012-12-24 09:33:53'),
	(80, 6, 1, '2012-12-24 09:39:39'),
	(84, 6, 1, '2012-12-24 09:52:38'),
	(83, 6, 1, '2012-12-24 09:53:43'),
	(85, 6, 1, '2012-12-24 09:56:58'),
	(87, 6, 1, '2012-12-24 09:59:53'),
	(88, 6, 1, '2012-12-24 10:01:05'),
	(90, 58, 1, '2012-12-24 10:09:29'),
	(91, 6, 1, '2012-12-24 10:12:43'),
	(182, 57, 1, '2012-12-24 10:26:02'),
	(183, 6, 1, '2012-12-24 10:27:31'),
	(174, 7, 1, '2012-12-24 11:02:16'),
	(93, 6, 1, '2012-12-24 11:10:58'),
	(94, 6, 1, '2012-12-24 11:16:03'),
	(181, 57, 1, '2012-12-26 09:14:29'),
	(95, 6, 1, '2012-12-26 09:35:31'),
	(96, 6, 1, '2012-12-26 09:39:39'),
	(192, 57, 1, '2012-12-26 09:52:08'),
	(193, 6, 1, '2012-12-26 09:54:45'),
	(103, 57, 1, '2012-12-26 10:05:04'),
	(104, 57, 1, '2012-12-26 10:07:36'),
	(106, 57, 1, '2012-12-26 10:14:58'),
	(107, 57, 1, '2012-12-26 10:19:44'),
	(111, 6, 1, '2012-12-26 10:25:19'),
	(112, 6, 1, '2012-12-26 10:30:50'),
	(107, 57, 1, '2012-12-26 10:31:11'),
	(116, 8, 1, '2012-12-26 10:45:42'),
	(194, 8, 1, '2012-12-27 09:55:22'),
	(195, 9, 1, '2012-12-27 10:03:42'),
	(196, 9, 1, '2012-12-27 10:19:20'),
	(117, 57, 1, '2012-12-27 12:29:47'),
	(118, 57, 1, '2012-12-27 12:38:22'),
	(117, 57, 1, '2012-12-27 12:40:22'),
	(119, 8, 1, '2012-12-27 13:00:38'),
	(197, 8, 1, '2012-12-27 13:03:44'),
	(120, 1, 1, '2012-12-27 13:10:41'),
	(122, 4, 1, '2012-12-27 13:21:03'),
	(123, 33, 1, '2012-12-28 09:56:25'),
	(127, 7, 1, '2012-12-28 10:00:32'),
	(128, 34, 1, '2012-12-28 10:09:21'),
	(137, 40, 1, '2012-12-28 10:30:59'),
	(140, 1, 1, '2012-12-28 10:35:19'),
	(178, 8, 1, '2012-12-28 11:14:44'),
	(186, 1, 1, '2012-12-28 11:34:04'),
	(82, 57, 1, '2012-12-28 11:36:04'),
	(42, 7, 1, '2012-12-28 11:45:24'),
	(44, 11, 1, '2012-12-28 11:46:00'),
	(198, 57, 1, '2012-12-28 11:50:25'),
	(47, 58, 1, '2012-12-28 11:55:27'),
	(46, 7, 1, '2012-12-28 11:59:36'),
	(198, 57, 1, '2012-12-28 12:00:00'),
	(43, 6, 1, '2012-12-28 12:05:28'),
	(48, 11, 1, '2012-12-28 12:08:23'),
	(43, 6, 1, '2012-12-28 12:09:13'),
	(46, 7, 1, '2012-12-28 12:09:53'),
	(47, 58, 1, '2012-12-28 12:10:22'),
	(199, 57, 1, '2012-12-28 12:24:05'),
	(49, 8, 1, '2012-12-28 12:28:23'),
	(147, 57, 1, '2013-01-02 12:43:45'),
	(157, 58, 1, '2013-01-02 12:45:07'),
	(158, 58, 1, '2013-01-02 12:46:33'),
	(159, 6, 1, '2013-01-02 12:47:57'),
	(156, 8, 1, '2013-01-02 12:49:47'),
	(148, 57, 1, '2013-01-02 12:59:01'),
	(160, 58, 1, '2013-01-02 13:00:32'),
	(161, 58, 1, '2013-01-02 13:01:31'),
	(162, 6, 1, '2013-01-02 13:02:40'),
	(163, 8, 1, '2013-01-02 13:04:04'),
	(149, 57, 1, '2013-01-02 13:06:36'),
	(164, 58, 1, '2013-01-02 13:13:59'),
	(165, 58, 1, '2013-01-03 10:12:23'),
	(166, 6, 1, '2013-01-03 10:13:15'),
	(167, 8, 1, '2013-01-03 10:14:15'),
	(150, 57, 1, '2013-01-03 10:18:04'),
	(168, 58, 1, '2013-01-03 10:20:51'),
	(169, 58, 1, '2013-01-03 10:23:14'),
	(170, 6, 1, '2013-01-03 10:24:48'),
	(171, 8, 1, '2013-01-03 10:25:44'),
	(177, 57, 1, '2013-01-03 10:27:52'),
	(180, 58, 1, '2013-01-03 10:29:38'),
	(56, 58, 1, '2013-01-03 10:31:49'),
	(57, 6, 1, '2013-01-03 10:32:48'),
	(58, 8, 1, '2013-01-03 10:34:37'),
	(63, 57, 1, '2013-01-03 10:36:35'),
	(61, 58, 1, '2013-01-03 10:38:11'),
	(60, 58, 1, '2013-01-03 10:40:12'),
	(58, 11, 1, '2013-01-03 10:50:00'),
	(62, 11, 1, '2013-01-03 10:54:10'),
	(172, 57, 1, '2013-01-03 10:57:46'),
	(173, 58, 1, '2013-01-03 10:59:19'),
	(174, 58, 1, '2013-01-03 11:00:13'),
	(175, 6, 1, '2013-01-03 11:01:05'),
	(176, 11, 1, '2013-01-03 11:01:54'),
	(152, 57, 1, '2013-01-03 11:04:20'),
	(42, 58, 1, '2013-01-03 11:05:52'),
	(44, 11, 1, '2013-01-03 11:07:32'),
	(178, 58, 1, '2013-01-03 11:12:13'),
	(198, 57, 1, '2013-01-03 11:16:19'),
	(47, 58, 1, '2013-01-03 11:36:46'),
	(46, 58, 1, '2013-01-03 11:38:05'),
	(39, 6, 1, '2013-01-03 11:47:02'),
	(131, 57, 1, '2013-01-03 11:53:17'),
	(131, 57, 1, '2013-01-03 12:14:07'),
	(133, 11, 1, '2013-01-03 12:41:27'),
	(133, 11, 1, '2013-01-03 12:43:46'),
	(50, 25, 1, '2013-01-03 12:47:35'),
	(66, 59, 1, '2013-01-03 12:49:44'),
	(194, 8, 1, '2013-01-09 12:08:04'),
	(151, 57, 1, '2013-01-09 12:49:32'),
	(23, 6, 1, '2013-01-09 12:56:43'),
	(24, 57, 1, '2013-01-10 11:23:43'),
	(19, 57, 1, '2013-01-10 11:27:24'),
	(138, 1, 1, '2013-01-11 11:09:06'),
	(144, 57, 1, '2013-01-11 11:09:59'),
	(32, 1, 1, '2013-01-11 11:11:04'),
	(37, 33, 1, '2013-01-11 11:11:52'),
	(36, 34, 1, '2013-01-11 11:13:04'),
	(107, 57, 1, '2013-01-11 11:14:28'),
	(112, 6, 1, '2013-01-11 11:15:24'),
	(116, 8, 1, '2013-01-11 11:16:25'),
	(29, 29, 1, '2013-01-11 11:18:00'),
	(107, 57, 1, '2013-01-11 11:18:30'),
	(112, 6, 1, '2013-01-11 11:18:54'),
	(116, 8, 1, '2013-01-11 11:19:14'),
	(113, 21, 1, '2013-01-11 11:22:36'),
	(28, 28, 1, '2013-01-11 11:23:33'),
	(132, 23, 1, '2013-01-11 11:24:27'),
	(153, 29, 1, '2013-01-11 11:25:25'),
	(146, 23, 1, '2013-01-11 12:28:29'),
	(117, 57, 1, '2013-01-11 12:36:00'),
	(197, 8, 1, '2013-01-11 12:37:11'),
	(129, 28, 1, '2013-01-11 12:39:18'),
	(123, 33, 1, '2013-01-11 12:40:35'),
	(128, 34, 1, '2013-01-11 12:41:30'),
	(120, 1, 1, '2013-01-11 12:42:26'),
	(130, 32, 1, '2013-01-11 12:54:40'),
	(135, 1, 1, '2013-01-11 12:58:15'),
	(141, 4, 1, '2013-01-11 12:59:59'),
	(141, 17, 1, '2013-01-11 12:59:59'),
	(142, 20, 1, '2013-01-11 13:00:56'),
	(137, 40, 1, '2013-01-11 13:02:42'),
	(143, 1, 1, '2013-01-11 13:03:48'),
	(119, 8, 1, '2013-01-14 11:15:18'),
	(118, 57, 1, '2013-01-14 11:17:02'),
	(119, 8, 1, '2013-01-14 11:19:10'),
	(145, 1, 1, '2013-01-14 11:20:46'),
	(122, 4, 1, '2013-01-14 11:21:57'),
	(126, 1, 1, '2013-01-14 11:24:34'),
	(126, 1, 1, '2013-01-14 11:28:18'),
	(124, 1, 1, '2013-01-14 11:29:32'),
	(43, 6, 1, '2013-01-14 11:31:37'),
	(48, 11, 1, '2013-01-14 11:34:56'),
	(199, 57, 1, '2013-01-14 11:35:58'),
	(49, 11, 1, '2013-01-14 11:37:35'),
	(6, 36, 1, '2013-01-14 11:38:53'),
	(3, 35, 1, '2013-01-14 11:41:46'),
	(71, 10, 1, '2013-01-14 11:46:37'),
	(68, 55, 1, '2013-01-14 12:59:39'),
	(104, 57, 1, '2013-01-14 13:02:42'),
	(125, 42, 1, '2013-01-14 13:04:02'),
	(82, 57, 1, '2013-01-14 13:05:46'),
	(154, 57, 1, '2013-01-14 13:13:53'),
	(155, 8, 1, '2013-01-14 13:14:32'),
	(85, 6, 1, '2013-01-14 13:15:26'),
	(106, 57, 1, '2013-01-14 13:17:26'),
	(111, 6, 1, '2013-01-14 13:18:33'),
	(185, 1, 1, '2013-01-14 13:19:53'),
	(100, 57, 1, '2013-01-14 13:21:01'),
	(136, 57, 1, '2013-01-14 13:22:45'),
	(151, 57, 1, '2013-01-14 13:24:12'),
	(23, 6, 1, '2013-01-14 13:27:10'),
	(192, 57, 1, '2013-01-15 11:25:17'),
	(193, 6, 1, '2013-01-15 11:26:05'),
	(98, 57, 1, '2013-01-15 11:26:49'),
	(188, 57, 1, '2013-01-15 11:28:02'),
	(75, 58, 1, '2013-01-15 11:29:15'),
	(76, 6, 1, '2013-01-15 11:30:05'),
	(77, 8, 1, '2013-01-15 11:31:20'),
	(195, 9, 1, '2013-01-15 11:31:55'),
	(134, 1, 1, '2013-01-15 11:32:47'),
	(191, 57, 1, '2013-01-15 11:33:42'),
	(78, 7, 1, '2013-01-15 11:34:56'),
	(79, 6, 1, '2013-01-15 11:35:41'),
	(186, 1, 1, '2013-01-15 11:36:32'),
	(90, 58, 1, '2013-01-15 11:37:37'),
	(81, 57, 1, '2013-01-15 11:38:32'),
	(92, 57, 1, '2013-01-15 11:39:58'),
	(189, 57, 1, '2013-01-15 11:40:56'),
	(190, 8, 1, '2013-01-15 11:41:38'),
	(200, 57, 1, '2013-01-16 12:23:31'),
	(201, 6, 1, '2013-01-16 12:26:11'),
	(140, 1, 1, '2013-01-16 12:29:20'),
	(179, 57, 1, '2013-01-16 12:34:16'),
	(89, 11, 1, '2013-01-16 12:53:27'),
	(194, 8, 1, '2013-01-16 12:54:54'),
	(19, 57, 1, '2013-01-16 13:01:00'),
	(182, 57, 1, '2013-01-16 13:02:55'),
	(183, 6, 1, '2013-01-16 13:03:55'),
	(184, 8, 1, '2013-01-16 13:04:42'),
	(94, 6, 1, '2013-01-16 13:05:54'),
	(93, 57, 1, '2013-01-16 13:07:59'),
	(181, 57, 1, '2013-01-16 13:09:29'),
	(172, 57, 1, '2013-01-16 13:11:45'),
	(121, 6, 1, '2013-01-24 09:23:53'),
	(11, 58, 1, '2013-01-25 10:31:48'),
	(15, 58, 1, '2013-01-25 10:34:49'),
	(11, 58, 1, '2013-01-25 10:35:21'),
	(26, 6, 1, '2013-01-25 12:44:38'),
	(27, 57, 1, '2013-01-25 12:48:44'),
	(31, 6, 1, '2013-01-25 12:52:04'),
	(91, 6, 1, '2013-01-25 13:01:57'),
	(22, 57, 1, '2013-01-25 13:07:02'),
	(19, 57, 1, '2013-01-25 13:07:44'),
	(182, 57, 1, '2013-01-28 12:22:37'),
	(183, 6, 1, '2013-01-28 12:23:28'),
	(184, 8, 1, '2013-01-28 12:24:00'),
	(19, 57, 1, '2013-01-28 12:32:23'),
	(22, 57, 1, '2013-01-28 12:36:42'),
	(5, 23, 1, '2013-01-28 13:19:50'),
	(131, 57, 1, '2013-01-31 10:16:03'),
	(171, 8, 1, '2013-02-01 12:42:07'),
	(169, 58, 1, '2013-02-01 12:42:24'),
	(170, 6, 1, '2013-02-01 12:42:39'),
	(202, 9, 1, '2013-02-13 12:29:54'),
	(203, 9, 1, '2013-02-13 12:35:05'),
	(202, 9, 1, '2013-02-14 11:13:04'),
	(203, 9, 1, '2013-02-14 11:16:35'),
	(31, 6, 1, '2013-03-01 09:46:25'),
	(86, 8, 1, '2013-03-06 10:08:56'),
	(175, 6, 1, '2013-03-18 09:46:56'),
	(127, 57, 1, '2013-03-20 11:05:42'),
	(156, 60, 1, '2013-03-22 12:10:17'),
	(20, 6, 1, '2013-03-25 10:34:49'),
	(21, 8, 1, '2013-03-25 10:36:12'),
	(25, 6, 1, '2013-03-25 10:40:57'),
	(118, 57, 1, '2013-03-25 10:41:26'),
	(119, 8, 1, '2013-03-25 10:41:50'),
	(38, 6, 1, '2013-03-25 10:52:37'),
	(43, 6, 1, '2013-03-25 10:56:32'),
	(16, 57, 1, '2013-03-25 11:01:24'),
	(80, 6, 1, '2013-03-25 11:08:50'),
	(187, 6, 1, '2013-03-25 11:14:58'),
	(187, 6, 1, '2013-03-25 11:37:16'),
	(39, 6, 1, '2013-03-25 11:38:28'),
	(40, 11, 1, '2013-03-25 11:39:27'),
	(41, 9, 1, '2013-03-25 11:40:36'),
	(14, 9, 1, '2013-03-25 11:45:36'),
	(24, 8, 1, '2013-03-25 12:10:20'),
	(12, 57, 1, '2013-03-25 12:22:56'),
	(204, 57, 1, '2013-03-25 13:07:22'),
	(204, 57, 1, '2013-03-25 13:07:57'),
	(205, 57, 1, '2013-03-25 13:09:22'),
	(127, 57, 1, '2013-03-25 13:10:07'),
	(20, 6, 1, '2013-03-25 13:10:35'),
	(21, 8, 1, '2013-03-25 13:11:02'),
	(206, 57, 1, '2013-03-25 13:13:17'),
	(207, 57, 1, '2013-03-25 13:14:38'),
	(143, 1, 1, '2013-03-26 12:39:20'),
	(143, 1, 1, '2013-03-26 12:40:17'),
	(100, 57, 1, '2013-03-27 11:21:45'),
	(185, 1, 1, '2013-03-27 11:22:10'),
	(183, 6, 1, '2013-04-01 10:23:31'),
	(182, 57, 1, '2013-04-01 10:24:35'),
	(184, 8, 1, '2013-04-01 10:25:01'),
	(182, 57, 1, '2013-04-01 10:29:26'),
	(138, 1, 1, '2013-04-01 13:21:56'),
	(174, 58, 1, '2013-04-02 11:18:54'),
	(208, 8, 1, '2013-04-02 11:25:21'),
	(209, 8, 1, '2013-04-03 11:48:59'),
	(210, 8, 1, '2013-04-03 12:09:56'),
	(210, 8, 1, '2013-04-03 12:44:29'),
	(209, 8, 1, '2013-04-03 12:46:55'),
	(196, 9, 1, '2013-04-03 12:50:08'),
	(114, 4, 1, '2013-04-05 11:41:56'),
	(114, 15, 1, '2013-04-05 11:41:56'),
	(13, 10, 1, '2013-04-18 09:28:48'),
	(158, 7, 1, '2013-04-22 11:03:08'),
	(76, 11, 1, '2013-04-22 11:14:04');
/*!40000 ALTER TABLE `producto_envase_historico` ENABLE KEYS */;


-- Dumping structure for table tierrina.producto_materiaprima
CREATE TABLE IF NOT EXISTS `producto_materiaprima` (
  `idProducto` bigint(20) NOT NULL DEFAULT '0',
  `idMateriaPrima` bigint(20) NOT NULL DEFAULT '0',
  `cantidad` double DEFAULT NULL,
  PRIMARY KEY (`idProducto`,`idMateriaPrima`)
) ENGINE=MyISAM DEFAULT CHARSET=latin1 ROW_FORMAT=FIXED;

-- Dumping data for table tierrina.producto_materiaprima: 117 rows
DELETE FROM `producto_materiaprima`;
/*!40000 ALTER TABLE `producto_materiaprima` DISABLE KEYS */;
INSERT INTO `producto_materiaprima` (`idProducto`, `idMateriaPrima`, `cantidad`) VALUES
	(2, 23, 1),
	(6, 23, 0.5),
	(7, 23, 5),
	(8, 23, 10),
	(206, 160, 1),
	(153, 19, 0.7),
	(109, 77, 25),
	(151, 109, 1),
	(17, 69, 25),
	(18, 69, 50),
	(188, 81, 1),
	(177, 71, 1),
	(19, 155, 1),
	(22, 155, 1),
	(172, 77, 1),
	(154, 100, 1),
	(27, 110, 1),
	(28, 19, 0.5),
	(29, 19, 0.7),
	(30, 19, 1),
	(148, 69, 1),
	(32, 19, 0.5),
	(33, 69, 0.5),
	(34, 69, 0.2),
	(35, 2, 0.4),
	(36, 19, 0.5),
	(37, 19, 1),
	(207, 161, 1),
	(152, 113, 1),
	(12, 108, 15),
	(204, 158, 1),
	(45, 78, 50),
	(199, 114, 1),
	(200, 154, 1),
	(186, 143, 1),
	(182, 99, 1),
	(185, 142, 1),
	(181, 140, 1),
	(189, 98, 1),
	(191, 143, 1),
	(63, 136, 1),
	(64, 112, 2.5),
	(65, 112, 0.5),
	(1, 23, 1),
	(68, 139, 15),
	(3, 23, 1),
	(127, 69, 0.15),
	(66, 112, 1),
	(9, 1, 0.2),
	(10, 1, 0.4),
	(192, 72, 1),
	(205, 159, 1),
	(81, 123, 15),
	(82, 110, 15),
	(83, 145, 15),
	(84, 144, 15),
	(85, 146, 15),
	(86, 146, 25),
	(87, 149, 15),
	(88, 150, 15),
	(179, 108, 1),
	(90, 115, 10),
	(91, 76, 15),
	(92, 98, 15),
	(93, 140, 15),
	(94, 151, 15),
	(95, 147, 15),
	(96, 148, 15),
	(97, 25, 15),
	(98, 72, 15),
	(99, 35, 15),
	(100, 142, 15),
	(101, 36, 15),
	(102, 37, 15),
	(104, 152, 1),
	(105, 30, 15),
	(198, 128, 1),
	(107, 69, 0.5),
	(107, 19, 0.5),
	(108, 10, 0.5),
	(106, 142, 1),
	(108, 19, 803),
	(114, 23, 0.5),
	(125, 69, 0.2),
	(16, 123, 1),
	(115, 99, 25),
	(117, 69, 0.2),
	(117, 19, 0.8),
	(118, 19, 0.75),
	(118, 70, 0.25),
	(120, 69, 1),
	(127, 19, 0.85),
	(122, 77, 0.5),
	(123, 69, 1),
	(124, 113, 1),
	(74, 117, 1),
	(103, 111, 1),
	(126, 77, 1),
	(128, 69, 0.5),
	(129, 69, 0.5),
	(130, 69, 1),
	(125, 117, 1),
	(140, 108, 1),
	(131, 113, 1),
	(33, 19, 0.5),
	(134, 81, 1),
	(135, 70, 1),
	(136, 109, 15),
	(137, 71, 0.5),
	(138, 19, 1),
	(141, 71, 0.5),
	(143, 71, 1),
	(144, 19, 1),
	(145, 77, 1),
	(147, 19, 1),
	(149, 70, 1),
	(150, 20, 1);
/*!40000 ALTER TABLE `producto_materiaprima` ENABLE KEYS */;


-- Dumping structure for table tierrina.producto_materiaprima_historico
CREATE TABLE IF NOT EXISTS `producto_materiaprima_historico` (
  `idProducto` bigint(20) NOT NULL DEFAULT '0',
  `idMateriaPrima` bigint(20) NOT NULL DEFAULT '0',
  `cantidad` double DEFAULT NULL,
  `fecha` timestamp NOT NULL DEFAULT CURRENT_TIMESTAMP ON UPDATE CURRENT_TIMESTAMP,
  PRIMARY KEY (`idProducto`,`idMateriaPrima`,`fecha`)
) ENGINE=MyISAM DEFAULT CHARSET=latin1 ROW_FORMAT=FIXED;

-- Dumping data for table tierrina.producto_materiaprima_historico: 296 rows
DELETE FROM `producto_materiaprima_historico`;
/*!40000 ALTER TABLE `producto_materiaprima_historico` DISABLE KEYS */;
INSERT INTO `producto_materiaprima_historico` (`idProducto`, `idMateriaPrima`, `cantidad`, `fecha`) VALUES
	(2, 23, 1, '2012-08-31 14:45:02'),
	(6, 23, 0.5, '2012-08-31 14:45:02'),
	(7, 23, 5, '2012-08-31 14:45:02'),
	(8, 23, 10, '2012-08-31 14:45:02'),
	(11, 19, 10, '2012-08-31 14:45:02'),
	(12, 19, 15, '2012-08-31 14:45:02'),
	(136, 70, 1, '2012-08-31 14:45:02'),
	(15, 69, 10, '2012-08-31 14:45:02'),
	(16, 69, 15, '2012-08-31 14:45:02'),
	(17, 69, 25, '2012-08-31 14:45:02'),
	(18, 69, 50, '2012-08-31 14:45:02'),
	(19, 70, 10, '2012-08-31 14:45:02'),
	(20, 70, 15, '2012-08-31 14:45:02'),
	(137, 71, 1, '2012-08-31 14:45:02'),
	(22, 70, 50, '2012-08-31 14:45:02'),
	(23, 20, 10, '2012-08-31 14:45:02'),
	(24, 20, 15, '2012-08-31 14:45:02'),
	(25, 20, 25, '2012-08-31 14:45:02'),
	(26, 20, 50, '2012-08-31 14:45:02'),
	(27, 20, 25, '2012-08-31 14:45:02'),
	(28, 19, 0.5, '2012-08-31 14:45:02'),
	(29, 19, 0.7, '2012-08-31 14:45:02'),
	(30, 19, 1, '2012-08-31 14:45:02'),
	(31, 19, 5, '2012-08-31 14:45:02'),
	(32, 19, 0.5, '2012-08-31 14:45:02'),
	(33, 105, 1, '2012-08-31 14:45:02'),
	(34, 69, 0.2, '2012-08-31 14:45:02'),
	(35, 2, 0.4, '2012-08-31 14:45:02'),
	(36, 19, 0.5, '2012-08-31 14:45:02'),
	(37, 19, 1, '2012-08-31 14:45:02'),
	(135, 106, 1, '2012-08-31 14:45:02'),
	(39, 77, 15, '2012-08-31 14:45:02'),
	(40, 77, 25, '2012-08-31 14:45:02'),
	(41, 77, 50, '2012-08-31 14:45:02'),
	(42, 78, 10, '2012-08-31 14:45:02'),
	(43, 78, 1, '2012-08-31 14:45:02'),
	(44, 78, 25, '2012-08-31 14:45:02'),
	(45, 78, 50, '2012-08-31 14:45:02'),
	(46, 70, 10, '2012-08-31 14:45:02'),
	(47, 101, 15, '2012-08-31 14:45:02'),
	(48, 101, 25, '2012-08-31 14:45:02'),
	(49, 101, 50, '2012-08-31 14:45:02'),
	(50, 3, 25, '2012-08-31 14:45:02'),
	(58, 71, 25, '2012-08-31 14:45:02'),
	(59, 71, 50, '2012-08-31 14:45:02'),
	(60, 4, 10, '2012-08-31 14:45:02'),
	(61, 4, 5, '2012-08-31 14:45:02'),
	(62, 4, 25, '2012-08-31 14:45:02'),
	(63, 71, 5, '2012-08-31 14:45:02'),
	(64, 68, 2.5, '2012-08-31 14:45:02'),
	(65, 68, 0.5, '2012-08-31 14:45:02'),
	(1, 23, 1, '2012-08-31 14:45:02'),
	(68, 80, 15, '2012-08-31 14:45:02'),
	(3, 23, 1, '2012-08-31 14:45:02'),
	(5, 23, 0.5, '2012-08-31 14:45:02'),
	(66, 68, 1, '2012-08-31 14:45:02'),
	(9, 1, 0.2, '2012-08-31 14:45:02'),
	(10, 1, 0.4, '2012-08-31 14:45:02'),
	(75, 81, 10, '2012-08-31 14:45:02'),
	(76, 8, 15, '2012-08-31 14:45:02'),
	(77, 8, 25, '2012-08-31 14:45:02'),
	(78, 86, 10, '2012-08-31 14:45:02'),
	(79, 17, 15, '2012-08-31 14:45:02'),
	(80, 17, 15, '2012-08-31 14:45:02'),
	(81, 82, 1, '2012-08-31 14:45:02'),
	(82, 12, 15, '2012-08-31 14:45:02'),
	(83, 13, 15, '2012-08-31 14:45:02'),
	(84, 14, 15, '2012-08-31 14:45:02'),
	(85, 11, 15, '2012-08-31 14:45:02'),
	(86, 12, 15, '2012-08-31 14:45:02'),
	(87, 15, 15, '2012-08-31 14:45:02'),
	(88, 16, 15, '2012-08-31 14:45:02'),
	(89, 73, 15, '2012-08-31 14:45:02'),
	(90, 18, 15, '2012-08-31 14:45:02'),
	(91, 76, 15, '2012-08-31 14:45:02'),
	(92, 98, 15, '2012-08-31 14:45:02'),
	(93, 26, 15, '2012-08-31 14:45:02'),
	(94, 27, 15, '2012-08-31 14:45:02'),
	(95, 23, 15, '2012-08-31 14:45:02'),
	(96, 24, 15, '2012-08-31 14:45:02'),
	(97, 25, 15, '2012-08-31 14:45:02'),
	(98, 72, 15, '2012-08-31 14:45:02'),
	(99, 35, 15, '2012-08-31 14:45:02'),
	(100, 75, 15, '2012-08-31 14:45:02'),
	(101, 36, 15, '2012-08-31 14:45:02'),
	(102, 37, 15, '2012-08-31 14:45:02'),
	(104, 90, 1, '2012-08-31 14:45:02'),
	(105, 30, 15, '2012-08-31 14:45:02'),
	(106, 18, 0.5, '2012-08-31 14:45:02'),
	(106, 17, 0.5, '2012-08-31 14:45:02'),
	(107, 20, 0.5, '2012-08-31 14:45:02'),
	(107, 19, 0.5, '2012-08-31 14:45:02'),
	(108, 10, 0.5, '2012-08-31 14:45:02'),
	(106, 20, 25, '2012-08-31 14:45:02'),
	(108, 19, 803, '2012-08-31 14:45:02'),
	(114, 23, 0.5, '2012-08-31 14:45:02'),
	(125, 114, 1, '2012-08-31 14:45:02'),
	(109, 77, 25, '2012-08-31 14:45:02'),
	(115, 99, 25, '2012-08-31 14:45:02'),
	(116, 70, 0.2, '2012-08-31 14:45:02'),
	(116, 19, 0.8, '2012-08-31 14:45:02'),
	(118, 19, 0.75, '2012-08-31 14:45:02'),
	(118, 70, 0.25, '2012-08-31 14:45:02'),
	(120, 70, 1, '2012-08-31 14:45:02'),
	(121, 23, 50, '2012-08-31 14:45:02'),
	(122, 77, 0.5, '2012-08-31 14:45:02'),
	(123, 69, 1, '2012-08-31 14:45:02'),
	(124, 101, 1, '2012-08-31 14:45:02'),
	(134, 110, 1, '2012-08-31 14:45:02'),
	(103, 89, 1, '2012-08-31 14:45:02'),
	(126, 77, 1, '2012-08-31 14:45:02'),
	(127, 69, 5, '2012-08-31 14:45:02'),
	(128, 69, 0.5, '2012-08-31 14:45:02'),
	(129, 69, 0.5, '2012-08-31 14:45:02'),
	(130, 69, 1, '2012-08-31 14:45:02'),
	(125, 69, 0.2, '2012-08-31 14:45:02'),
	(74, 102, 1, '2012-08-31 14:45:02'),
	(182, 99, 1, '2012-09-05 11:29:32'),
	(118, 70, 0.25, '2012-09-27 11:25:47'),
	(118, 19, 0.75, '2012-09-27 11:25:47'),
	(145, 77, 1, '2012-10-04 11:26:42'),
	(185, 142, 1, '2012-10-04 12:32:10'),
	(186, 143, 1, '2012-11-09 12:21:54'),
	(186, 143, 1, '2012-11-09 12:24:43'),
	(186, 143, 1, '2012-11-15 12:21:09'),
	(107, 69, 0.5, '2012-11-16 12:09:50'),
	(107, 19, 0.5, '2012-11-16 12:09:50'),
	(177, 71, 1, '2012-11-16 12:49:06'),
	(124, 113, 1, '2012-11-19 12:21:58'),
	(134, 81, 1, '2012-11-19 12:43:24'),
	(188, 81, 1, '2012-11-19 12:50:49'),
	(100, 119, 15, '2012-12-05 11:11:28'),
	(100, 142, 15, '2012-12-05 11:13:02'),
	(82, 110, 1, '2012-12-17 10:04:44'),
	(3, 23, 1, '2012-12-18 12:06:18'),
	(129, 69, 0.5, '2012-12-18 13:21:51'),
	(2, 23, 1, '2012-12-20 10:50:12'),
	(5, 23, 0.5, '2012-12-20 10:55:26'),
	(7, 23, 5, '2012-12-20 10:58:34'),
	(8, 23, 10, '2012-12-20 10:59:27'),
	(30, 19, 1, '2012-12-20 11:14:26'),
	(37, 19, 1, '2012-12-20 11:51:12'),
	(63, 136, 1, '2012-12-20 12:10:44'),
	(63, 136, 1, '2012-12-20 12:15:21'),
	(189, 98, 1, '2012-12-20 12:20:01'),
	(65, 112, 0.5, '2012-12-20 12:48:07'),
	(68, 139, 15, '2012-12-20 12:54:15'),
	(191, 143, 1, '2012-12-21 09:52:38'),
	(80, 123, 15, '2012-12-24 09:39:39'),
	(84, 144, 15, '2012-12-24 09:52:38'),
	(83, 145, 15, '2012-12-24 09:53:43'),
	(85, 146, 15, '2012-12-24 09:56:58'),
	(87, 149, 15, '2012-12-24 09:59:53'),
	(88, 150, 15, '2012-12-24 10:01:05'),
	(90, 115, 10, '2012-12-24 10:09:29'),
	(91, 76, 15, '2012-12-24 10:12:43'),
	(182, 99, 1, '2012-12-24 10:26:02'),
	(93, 140, 15, '2012-12-24 11:10:58'),
	(94, 151, 15, '2012-12-24 11:16:03'),
	(181, 140, 1, '2012-12-26 09:14:29'),
	(95, 147, 15, '2012-12-26 09:35:31'),
	(96, 148, 15, '2012-12-26 09:39:39'),
	(192, 72, 1, '2012-12-26 09:52:08'),
	(103, 111, 1, '2012-12-26 10:05:04'),
	(104, 152, 1, '2012-12-26 10:07:36'),
	(106, 142, 1, '2012-12-26 10:14:58'),
	(107, 69, 0.5, '2012-12-26 10:19:44'),
	(107, 19, 0.5, '2012-12-26 10:19:44'),
	(107, 69, 0.5, '2012-12-26 10:31:11'),
	(107, 19, 0.5, '2012-12-26 10:31:12'),
	(117, 69, 0.75, '2012-12-27 12:29:47'),
	(117, 19, 0.25, '2012-12-27 12:29:47'),
	(118, 70, 0.25, '2012-12-27 12:38:22'),
	(118, 19, 0.75, '2012-12-27 12:38:22'),
	(117, 69, 0.75, '2012-12-27 12:40:22'),
	(117, 19, 0.25, '2012-12-27 12:40:22'),
	(120, 69, 1, '2012-12-27 13:10:41'),
	(122, 77, 0.5, '2012-12-27 13:21:03'),
	(123, 69, 1, '2012-12-28 09:56:25'),
	(128, 69, 0.5, '2012-12-28 10:09:21'),
	(137, 71, 0.5, '2012-12-28 10:30:59'),
	(140, 108, 1, '2012-12-28 10:35:19'),
	(186, 143, 1, '2012-12-28 11:34:04'),
	(82, 110, 15, '2012-12-28 11:36:04'),
	(198, 128, 1, '2012-12-28 11:50:25'),
	(198, 128, 1, '2012-12-28 12:00:00'),
	(199, 114, 1, '2012-12-28 12:24:05'),
	(147, 19, 1, '2013-01-02 12:43:45'),
	(148, 69, 1, '2013-01-02 12:59:01'),
	(149, 70, 1, '2013-01-02 13:06:36'),
	(150, 20, 1, '2013-01-03 10:18:04'),
	(177, 71, 1, '2013-01-03 10:27:52'),
	(63, 136, 1, '2013-01-03 10:36:35'),
	(172, 77, 1, '2013-01-03 10:57:46'),
	(152, 113, 1, '2013-01-03 11:04:20'),
	(198, 128, 1, '2013-01-03 11:16:19'),
	(131, 134, 1, '2013-01-03 11:53:17'),
	(131, 113, 1, '2013-01-03 12:14:07'),
	(66, 112, 1, '2013-01-03 12:49:44'),
	(151, 109, 1, '2013-01-09 12:49:32'),
	(24, 99, 1, '2013-01-10 11:23:43'),
	(19, 70, 10, '2013-01-10 11:27:24'),
	(138, 19, 1, '2013-01-11 11:09:06'),
	(144, 19, 1, '2013-01-11 11:09:59'),
	(32, 19, 0.5, '2013-01-11 11:11:04'),
	(37, 19, 1, '2013-01-11 11:11:52'),
	(36, 19, 0.5, '2013-01-11 11:13:04'),
	(107, 69, 0.5, '2013-01-11 11:14:28'),
	(107, 19, 0.5, '2013-01-11 11:14:28'),
	(29, 19, 0.7, '2013-01-11 11:18:00'),
	(107, 69, 0.5, '2013-01-11 11:18:30'),
	(107, 19, 0.5, '2013-01-11 11:18:30'),
	(28, 19, 0.5, '2013-01-11 11:23:33'),
	(153, 19, 0.7, '2013-01-11 11:25:25'),
	(117, 69, 0.2, '2013-01-11 12:36:00'),
	(117, 19, 0.8, '2013-01-11 12:36:00'),
	(129, 69, 0.5, '2013-01-11 12:39:18'),
	(123, 69, 1, '2013-01-11 12:40:35'),
	(128, 69, 0.5, '2013-01-11 12:41:30'),
	(120, 69, 1, '2013-01-11 12:42:26'),
	(130, 69, 1, '2013-01-11 12:54:40'),
	(135, 70, 1, '2013-01-11 12:58:15'),
	(141, 71, 0.5, '2013-01-11 12:59:59'),
	(137, 71, 0.5, '2013-01-11 13:02:42'),
	(143, 71, 1, '2013-01-11 13:03:48'),
	(118, 19, 0.75, '2013-01-14 11:17:02'),
	(118, 70, 0.25, '2013-01-14 11:17:02'),
	(145, 77, 1, '2013-01-14 11:20:46'),
	(122, 77, 0.5, '2013-01-14 11:21:57'),
	(126, 77, 1, '2013-01-14 11:24:34'),
	(126, 77, 1, '2013-01-14 11:28:18'),
	(124, 113, 1, '2013-01-14 11:29:32'),
	(199, 114, 1, '2013-01-14 11:35:58'),
	(6, 23, 0.5, '2013-01-14 11:38:53'),
	(3, 23, 1, '2013-01-14 11:41:46'),
	(68, 139, 15, '2013-01-14 12:59:39'),
	(104, 152, 1, '2013-01-14 13:02:42'),
	(125, 69, 0.2, '2013-01-14 13:04:02'),
	(125, 117, 1, '2013-01-14 13:04:02'),
	(82, 110, 15, '2013-01-14 13:05:46'),
	(154, 100, 1, '2013-01-14 13:13:53'),
	(85, 146, 15, '2013-01-14 13:15:26'),
	(106, 142, 1, '2013-01-14 13:17:26'),
	(185, 142, 1, '2013-01-14 13:19:53'),
	(100, 142, 15, '2013-01-14 13:21:01'),
	(136, 109, 15, '2013-01-14 13:22:45'),
	(151, 109, 1, '2013-01-14 13:24:12'),
	(192, 72, 1, '2013-01-15 11:25:17'),
	(98, 72, 15, '2013-01-15 11:26:49'),
	(188, 81, 1, '2013-01-15 11:28:02'),
	(134, 81, 1, '2013-01-15 11:32:47'),
	(191, 143, 1, '2013-01-15 11:33:42'),
	(186, 143, 1, '2013-01-15 11:36:32'),
	(90, 115, 10, '2013-01-15 11:37:37'),
	(81, 123, 15, '2013-01-15 11:38:32'),
	(92, 98, 15, '2013-01-15 11:39:58'),
	(189, 98, 1, '2013-01-15 11:40:56'),
	(200, 154, 1, '2013-01-16 12:23:31'),
	(140, 108, 1, '2013-01-16 12:29:20'),
	(179, 108, 1, '2013-01-16 12:34:16'),
	(19, 76, 1, '2013-01-16 13:01:00'),
	(182, 99, 1, '2013-01-16 13:02:55'),
	(94, 151, 15, '2013-01-16 13:05:54'),
	(93, 140, 15, '2013-01-16 13:07:59'),
	(181, 140, 1, '2013-01-16 13:09:29'),
	(172, 77, 1, '2013-01-16 13:11:45'),
	(27, 110, 1, '2013-01-25 12:48:44'),
	(91, 76, 15, '2013-01-25 13:01:57'),
	(22, 76, 1, '2013-01-25 13:07:02'),
	(19, 155, 1, '2013-01-25 13:07:44'),
	(182, 121, 1, '2013-01-28 12:22:37'),
	(19, 155, 1, '2013-01-28 12:32:23'),
	(22, 155, 1, '2013-01-28 12:36:42'),
	(131, 113, 1, '2013-01-31 10:16:03'),
	(86, 146, 25, '2013-03-06 10:08:56'),
	(127, 69, 0.15, '2013-03-20 11:05:42'),
	(127, 19, 0.85, '2013-03-20 11:05:42'),
	(118, 19, 0.75, '2013-03-25 10:41:26'),
	(118, 70, 0.25, '2013-03-25 10:41:26'),
	(16, 123, 1, '2013-03-25 11:01:24'),
	(12, 108, 15, '2013-03-25 12:22:56'),
	(204, 158, 1, '2013-03-25 13:07:22'),
	(204, 158, 1, '2013-03-25 13:07:57'),
	(205, 159, 1, '2013-03-25 13:09:22'),
	(127, 69, 0.15, '2013-03-25 13:10:07'),
	(127, 19, 0.85, '2013-03-25 13:10:07'),
	(206, 160, 1, '2013-03-25 13:13:17'),
	(207, 161, 1, '2013-03-25 13:14:38'),
	(143, 71, 1, '2013-03-26 12:39:20'),
	(143, 71, 1, '2013-03-26 12:40:17'),
	(100, 142, 15, '2013-03-27 11:21:45'),
	(185, 142, 1, '2013-03-27 11:22:10'),
	(182, 121, 1, '2013-04-01 10:24:35'),
	(182, 99, 1, '2013-04-01 10:29:26'),
	(138, 19, 1, '2013-04-01 13:21:56'),
	(114, 23, 0.5, '2013-04-05 11:41:56');
/*!40000 ALTER TABLE `producto_materiaprima_historico` ENABLE KEYS */;


-- Dumping structure for table tierrina.producto_merma
CREATE TABLE IF NOT EXISTS `producto_merma` (
  `idMerma` bigint(20) NOT NULL DEFAULT '0',
  `idProducto` bigint(20) NOT NULL DEFAULT '0',
  `idUbicacion` bigint(20) NOT NULL DEFAULT '0',
  `fecha` date DEFAULT NULL,
  `cantidad` double(15,2) DEFAULT NULL,
  `responsable` varchar(100) DEFAULT NULL,
  `motivo` text,
  PRIMARY KEY (`idMerma`)
) ENGINE=MyISAM DEFAULT CHARSET=latin1;

-- Dumping data for table tierrina.producto_merma: 0 rows
DELETE FROM `producto_merma`;
/*!40000 ALTER TABLE `producto_merma` DISABLE KEYS */;
/*!40000 ALTER TABLE `producto_merma` ENABLE KEYS */;


-- Dumping structure for table tierrina.producto_registrosalida
CREATE TABLE IF NOT EXISTS `producto_registrosalida` (
  `PRODUCTO_idProducto` bigint(20) NOT NULL DEFAULT '0',
  `registroSalidas_idRegistroSalida` bigint(20) NOT NULL DEFAULT '0',
  KEY `FK171588BA8193FD3A` (`PRODUCTO_idProducto`),
  KEY `FK171588BA4CAE9E99` (`registroSalidas_idRegistroSalida`)
) ENGINE=MyISAM DEFAULT CHARSET=latin1;

-- Dumping data for table tierrina.producto_registrosalida: 0 rows
DELETE FROM `producto_registrosalida`;
/*!40000 ALTER TABLE `producto_registrosalida` DISABLE KEYS */;
/*!40000 ALTER TABLE `producto_registrosalida` ENABLE KEYS */;


-- Dumping structure for table tierrina.producto_ubicacion
CREATE TABLE IF NOT EXISTS `producto_ubicacion` (
  `PRODUCTO_idProducto` bigint(20) NOT NULL DEFAULT '0',
  `ubicaciones_idUbicacion` bigint(20) NOT NULL DEFAULT '0',
  KEY `FKD7CE10604F841CD1` (`ubicaciones_idUbicacion`),
  KEY `FKD7CE10608193FD3A` (`PRODUCTO_idProducto`)
) ENGINE=MyISAM DEFAULT CHARSET=latin1;

-- Dumping data for table tierrina.producto_ubicacion: 0 rows
DELETE FROM `producto_ubicacion`;
/*!40000 ALTER TABLE `producto_ubicacion` DISABLE KEYS */;
/*!40000 ALTER TABLE `producto_ubicacion` ENABLE KEYS */;


-- Dumping structure for table tierrina.provincia
CREATE TABLE IF NOT EXISTS `provincia` (
  `idProvincia` bigint(20) NOT NULL DEFAULT '0',
  `nombre` varchar(50) COLLATE latin1_spanish_ci NOT NULL DEFAULT '',
  PRIMARY KEY (`idProvincia`)
) ENGINE=InnoDB DEFAULT CHARSET=latin1 COLLATE=latin1_spanish_ci;

-- Dumping data for table tierrina.provincia: ~51 rows (approximately)
DELETE FROM `provincia`;
/*!40000 ALTER TABLE `provincia` DISABLE KEYS */;
INSERT INTO `provincia` (`idProvincia`, `nombre`) VALUES
	(0, ' No aplica'),
	(1, 'Alava'),
	(2, 'Albacete'),
	(3, 'Alicante'),
	(4, 'Almería'),
	(5, 'Asturias'),
	(6, 'Ávila'),
	(7, 'Bajadoz'),
	(8, 'Barcelona'),
	(9, 'Burgos'),
	(10, 'Cáceres'),
	(11, 'Cádiz'),
	(12, 'Cantabria'),
	(13, 'Ciudad Real'),
	(14, 'Córdoba'),
	(15, 'Cuenca'),
	(16, 'Gerona'),
	(17, 'Granada'),
	(18, 'Guadalajara'),
	(19, 'Guipúzcoa'),
	(20, 'Huelva'),
	(21, 'Huesca'),
	(22, 'Islas Baleares'),
	(23, 'Jaén'),
	(24, 'La Coruña'),
	(25, 'La Rioja'),
	(26, 'Las Palmas'),
	(27, 'León'),
	(28, 'Lugo'),
	(29, 'Madrid'),
	(30, 'Málaga'),
	(31, 'Murcia'),
	(32, 'Navarra'),
	(33, 'Orense'),
	(34, 'Palencia'),
	(35, 'Pontevedra'),
	(36, 'Salamanca'),
	(37, 'Santa Cruz de Tenerife'),
	(38, 'Segovia'),
	(39, 'Sevilla'),
	(40, 'Soria'),
	(41, 'Tarragona'),
	(42, 'Teruel'),
	(43, 'Toledo'),
	(44, 'Valencia'),
	(45, 'Valladolid'),
	(46, 'Vizcaya'),
	(47, 'Zamora'),
	(48, 'Zaragoza'),
	(49, 'Castellón'),
	(50, 'Lérida');
/*!40000 ALTER TABLE `provincia` ENABLE KEYS */;


-- Dumping structure for table tierrina.referenciabancaria
CREATE TABLE IF NOT EXISTS `referenciabancaria` (
  `idDatoBancario` bigint(20) NOT NULL AUTO_INCREMENT,
  `idBanco` bigint(20) NOT NULL DEFAULT '0',
  `idFormaPago` bigint(20) NOT NULL DEFAULT '0',
  `idFormaPagoDesde` bigint(20) NOT NULL DEFAULT '0',
  `empresa_idUsuario` bigint(20) NOT NULL DEFAULT '0',
  `numCuenta` varchar(50) COLLATE latin1_spanish_ci NOT NULL DEFAULT '000000000000000000000000',
  `fechaVencimiento` date DEFAULT NULL,
  `fechaPago` date DEFAULT NULL,
  `oficina` varchar(255) COLLATE latin1_spanish_ci DEFAULT NULL,
  `diasFormaPago` int(10) NOT NULL DEFAULT '0',
  `diaPago` int(2) NOT NULL DEFAULT '1',
  PRIMARY KEY (`idDatoBancario`),
  KEY `FK3C0C89B918B1F06` (`empresa_idUsuario`),
  KEY `idBanco` (`idBanco`),
  KEY `idFormaPago` (`idFormaPago`)
) ENGINE=InnoDB AUTO_INCREMENT=426 DEFAULT CHARSET=latin1 COLLATE=latin1_spanish_ci;

-- Dumping data for table tierrina.referenciabancaria: ~163 rows (approximately)
DELETE FROM `referenciabancaria`;
/*!40000 ALTER TABLE `referenciabancaria` DISABLE KEYS */;
INSERT INTO `referenciabancaria` (`idDatoBancario`, `idBanco`, `idFormaPago`, `idFormaPagoDesde`, `empresa_idUsuario`, `numCuenta`, `fechaVencimiento`, `fechaPago`, `oficina`, `diasFormaPago`, `diaPago`) VALUES
	(9, 1, 0, 1, 9, '000000000000000000000000', '2011-01-01', '2011-01-01', NULL, 0, 1),
	(18, 1, 0, 1, 18, '000000000000000000000000', '2011-01-01', '2011-01-01', NULL, 0, 1),
	(28, 1, 7, 1, 28, '000000000000000000000000', '2011-01-01', '2011-01-01', NULL, 0, 1),
	(29, 1, 7, 1, 29, '000000000000000000000000', '2011-01-01', '2011-01-01', NULL, 0, 1),
	(30, 1, 7, 1, 30, '000000000000000000000000', '2011-01-01', '2011-01-01', NULL, 0, 1),
	(32, 1, 8, 1, 32, '000000000000000000000000', '2011-01-01', '2011-01-01', NULL, 0, 1),
	(35, 1, 0, 1, 35, '000000000000000000000000', '2011-01-01', '2011-01-01', NULL, 0, 1),
	(36, 0, 0, 1, 36, '000000000000000000000000', '2011-01-01', '2011-01-01', NULL, 0, 1),
	(37, 1, 0, 1, 37, '000000000000000000000000', '2011-01-01', '2011-01-01', NULL, 0, 1),
	(39, 1, 0, 1, 39, '000000000000000000000000', '2011-01-01', '2011-01-01', NULL, 0, 1),
	(40, 1, 0, 1, 40, '000000000000000000000000', '2011-01-01', '2011-01-01', NULL, 0, 1),
	(42, 1, 0, 1, 42, '000000000000000000000000', '2011-01-01', '2011-01-01', NULL, 0, 1),
	(44, 0, 0, 1, 44, '000000000000000000000000', '2011-01-01', '2011-01-01', NULL, 0, 1),
	(45, 1, 0, 1, 45, '000000000000000000000000', '2011-01-01', '2011-01-01', NULL, 0, 1),
	(46, 0, 0, 1, 46, '000000000000000000000000', '2011-01-01', '2011-01-01', NULL, 0, 1),
	(48, 1, 0, 1, 48, '000000000000000000000000', '2011-01-01', '2011-01-01', NULL, 0, 1),
	(49, 1, 0, 1, 49, '000000000000000000000000', '2011-01-01', '2011-01-01', NULL, 0, 1),
	(50, 1, 0, 1, 50, '000000000000000000000000', '2011-01-01', '2011-01-01', NULL, 0, 1),
	(51, 1, 0, 1, 51, '000000000000000000000000', '2011-01-01', '2011-01-01', NULL, 0, 1),
	(52, 1, 0, 1, 52, '000000000000000000000000', '2011-01-01', '2011-01-01', NULL, 0, 1),
	(53, 1, 0, 1, 53, '000000000000000000000000', '2011-01-01', '2011-01-01', NULL, 0, 1),
	(54, 3, 0, 1, 54, '000001820847960210048415', '2011-01-01', '2011-01-01', NULL, 0, 1),
	(55, 0, 0, 1, 60, '000000000000000000000000', '2011-01-01', '2011-01-01', NULL, 0, 1),
	(56, 1, 0, 1, 56, '000000000000000000000000', '2011-01-01', '2011-01-01', NULL, 0, 1),
	(57, 1, 0, 1, 57, '000000000000000000000000', '2011-01-01', '2011-01-01', NULL, 0, 1),
	(58, 0, 0, 1, 58, '000000000000000000000000', '2011-01-01', '2011-01-01', NULL, 0, 1),
	(59, 1, 0, 1, 59, '000000000000000000000000', '2011-01-01', '2011-01-01', NULL, 0, 1),
	(60, 0, 0, 1, 60, '000000000000000000000000', '2011-01-01', '2011-01-01', NULL, 0, 1),
	(61, 1, 7, 1, 61, '000020480186183400002003', '2011-01-01', '2011-01-01', NULL, 0, 1),
	(62, 1, 7, 1, 62, '000000000000000000000000', '2011-01-01', '2011-01-01', NULL, 0, 1),
	(68, 0, 0, 1, 132, '000000000000000000000000', NULL, NULL, NULL, 0, 1),
	(81, 0, 0, 1, 145, '000000000000000000000000', NULL, NULL, NULL, 0, 1),
	(82, 3, 6, 1, 146, '000000000000000000000000', NULL, NULL, NULL, 0, 1),
	(84, 0, 0, 1, 148, '000000000000000000000000', NULL, NULL, NULL, 0, 1),
	(85, 0, 0, 1, 149, '000000000000000000000000', NULL, NULL, NULL, 0, 1),
	(90, 0, 0, 1, 154, '000000000000000000000000', NULL, NULL, NULL, 0, 1),
	(91, 0, 0, 1, 155, '000000000000000000000000', NULL, NULL, NULL, 0, 1),
	(94, 0, 0, 1, 158, '000000000000000000000000', NULL, NULL, NULL, 0, 1),
	(95, 0, 0, 1, 159, '000000000000000000000000', NULL, NULL, NULL, 0, 1),
	(96, 0, 0, 1, 160, '000000000000000000000000', NULL, NULL, NULL, 0, 1),
	(97, 0, 0, 1, 161, '000000000000000000000000', NULL, NULL, NULL, 0, 1),
	(105, 131, 7, 1, 172, '000001318815492717000443', NULL, NULL, NULL, 30, 1),
	(107, 0, 9, 1, 77, '000000000000000000000000', NULL, NULL, NULL, 30, 1),
	(119, 49, 7, 1, 175, '000000494885812493746281', NULL, NULL, NULL, 30, 1),
	(122, 0, 1, 1, 176, '000000000000000000000000', NULL, NULL, NULL, 0, 1),
	(125, 0, 0, 1, 41, '000000000000000000000000', NULL, NULL, NULL, 0, 1),
	(127, 0, 7, 1, 184, '000000000000000000000000', NULL, NULL, NULL, 15, 1),
	(128, 0, 12, 1, 63, '000000000000000000000000', NULL, NULL, NULL, 0, 1),
	(129, 49, 7, 1, 1, '000000496735182216246170', NULL, NULL, NULL, 30, 0),
	(130, 2048, 8, 1, 185, '000020480186183400002003', NULL, NULL, NULL, 20, 1),
	(131, 0, 9, 1, 2, '000000000000000000000000', NULL, NULL, NULL, 60, 1),
	(132, 0, 9, 1, 3, '000000000000000000000000', NULL, NULL, NULL, 60, 1),
	(133, 0, 9, 1, 6, '000000000000000000000000', NULL, NULL, NULL, 60, 0),
	(134, 0, 9, 1, 5, '000000000000000000000000', NULL, NULL, NULL, 60, 0),
	(135, 0, 9, 1, 4, '000000000000000000000000', NULL, NULL, NULL, 60, 0),
	(137, 2048, 11, 1, 164, '000020480186183400002003', NULL, NULL, NULL, 35, 1),
	(138, 0, 9, 1, 7, '000000000000000000000000', NULL, NULL, NULL, 30, 1),
	(139, 0, 9, 1, 8, '000000000000000000000000', NULL, NULL, NULL, 60, 1),
	(140, 0, 9, 1, 10, '000000000000000000000000', NULL, NULL, NULL, 30, 0),
	(142, 0, 2, 1, 12, '000000000000000000000000', NULL, NULL, NULL, 30, 0),
	(143, 0, 2, 1, 13, '000000000000000000000000', NULL, NULL, NULL, 30, 0),
	(144, 0, 2, 1, 17, '000000000000000000000000', NULL, NULL, NULL, 30, 0),
	(145, 0, 2, 1, 186, '000000000000000000000000', NULL, NULL, NULL, 30, 0),
	(146, 0, 2, 1, 15, '000000000000000000000000', NULL, NULL, NULL, 20, 0),
	(147, 0, 9, 1, 187, '000000000000000000000000', NULL, NULL, NULL, 60, 0),
	(148, 0, 9, 1, 188, '000000000000000000000000', NULL, NULL, NULL, 60, 0),
	(149, 0, 9, 1, 189, '000000000000000000000000', NULL, NULL, NULL, 60, 0),
	(152, 0, 2, 1, 64, '000000000000000000000000', NULL, NULL, NULL, 30, 0),
	(155, 0, 11, 2, 14, '000000000000000000000000', NULL, NULL, NULL, 45, 0),
	(156, 2095, 7, 1, 19, '000020950109109107922810', NULL, NULL, NULL, 30, 0),
	(157, 0, 11, 1, 16, '000000000000000000000000', NULL, NULL, NULL, 30, 0),
	(159, 0, 1, 1, 20, '000000000000000000000000', NULL, NULL, NULL, 20, 1),
	(160, 0, 9, 1, 21, '000000000000000000000000', NULL, NULL, NULL, 30, 0),
	(161, 0, 9, 1, 22, '000000000000000000000000', NULL, NULL, NULL, 15, 0),
	(162, 0, 1, 1, 23, '000000000000000000000000', NULL, NULL, NULL, 30, 0),
	(163, 0, 2, 1, 23, '000000000000000000000000', NULL, NULL, NULL, 30, 0),
	(164, 0, 12, 1, 24, '000000000000000000000000', NULL, NULL, NULL, 1, 0),
	(165, 182, 7, 1, 25, '000001826310800010007923', NULL, NULL, NULL, 30, 0),
	(166, 0, 9, 1, 26, '000000000000000000000000', NULL, NULL, NULL, 30, 0),
	(168, 0, 2, 1, 38, '000000000000000000000000', NULL, NULL, NULL, 15, 0),
	(169, 0, 8, 1, 38, '000000000000000000000000', NULL, NULL, NULL, 15, 0),
	(170, 0, 9, 1, 192, '000000000000000000000000', NULL, NULL, NULL, 60, 0),
	(171, 49, 7, 1, 11, '000000495022312716000102', NULL, NULL, NULL, 60, 0),
	(172, 0, 8, 1, 11, '000000000000000000000000', NULL, NULL, NULL, 15, 0),
	(173, 0, 9, 1, 31, '000000000000000000000000', NULL, NULL, NULL, 30, 0),
	(174, 0, 2, 1, 67, '000000000000000000000000', NULL, NULL, NULL, 15, 0),
	(175, 0, 9, 1, 33, '000000000000000000000000', NULL, NULL, NULL, 45, 0),
	(176, 0, 2, 1, 68, '000000000000000000000000', NULL, NULL, NULL, 30, 0),
	(177, 0, 9, 1, 193, '000000000000000000000000', NULL, NULL, NULL, 30, 0),
	(178, 0, 9, 1, 194, '000000000000000000000000', NULL, NULL, NULL, 30, 0),
	(179, 0, 9, 1, 195, '000000000000000000000000', NULL, NULL, NULL, 30, 0),
	(181, 0, 2, 1, 196, '000000000000000000000000', NULL, NULL, NULL, 10, 0),
	(182, 0, 12, 1, 197, '000000000000000000000000', NULL, NULL, NULL, 0, 0),
	(183, 0, 1, 1, 70, '000000000000000000000000', NULL, NULL, NULL, 20, 0),
	(186, 0, 1, 1, 73, '000000000000000000000000', NULL, NULL, NULL, 15, 0),
	(187, 0, 2, 1, 73, '000000000000000000000000', NULL, NULL, NULL, 15, 0),
	(192, 72, 7, 1, 76, '000000720646950000400837', NULL, NULL, NULL, 30, 1),
	(195, 0, 12, 1, 152, '000000000000000000000000', NULL, NULL, NULL, 20, 0),
	(196, 0, 8, 1, 153, '000000000000000000000000', NULL, NULL, NULL, 25, 0),
	(201, 2100, 7, 1, 156, '000021008666370200003643', NULL, NULL, NULL, 30, 0),
	(202, 0, 9, 1, 43, '000000000000000000000000', NULL, NULL, NULL, 30, 0),
	(203, 49, 7, 3, 157, '000000495427012116594272', NULL, NULL, NULL, 30, 0),
	(206, 0, 8, 1, 93, '000000000000000000000000', NULL, NULL, NULL, 60, 0),
	(207, 2048, 8, 1, 94, '000020480186183400002003', NULL, NULL, NULL, 60, 0),
	(208, 0, 8, 1, 95, '000000000000000000000000', NULL, NULL, NULL, 60, 0),
	(209, 2048, 8, 1, 199, '000020480148113400001021', NULL, NULL, NULL, 10, 0),
	(211, 0, 2, 1, 200, '000000000000000000000000', NULL, NULL, NULL, 10, 0),
	(212, 0, 1, 1, 200, '000000000000000000000000', NULL, NULL, NULL, 10, 0),
	(213, 30, 7, 1, 98, '000000307017940100079271', NULL, NULL, NULL, 30, 0),
	(214, 0, 1, 1, 201, '000000000000000000000000', NULL, NULL, NULL, 20, 0),
	(215, 2066, 7, 1, 101, '000020660110290200003445', NULL, NULL, NULL, 45, 0),
	(216, 2048, 8, 1, 102, '000020480186183400002003', NULL, NULL, NULL, 30, 1),
	(217, 2080, 7, 1, 203, '000020800251570041394580', NULL, NULL, NULL, 30, 0),
	(220, 0, 2, 1, 204, '000000000000000000000000', NULL, NULL, NULL, 10, 0),
	(221, 182, 7, 1, 205, '000001821212450203720000', NULL, NULL, NULL, 30, 0),
	(222, 0, 2, 1, 206, '000000000000000000000000', NULL, NULL, NULL, 10, 0),
	(224, 0, 2, 1, 208, '000000000000000000000000', NULL, NULL, NULL, 20, 0),
	(228, 81, 7, 1, 111, '000000815035980001083410', NULL, NULL, NULL, 30, 0),
	(230, 0, 7, 1, 114, '000000000000000000000000', NULL, NULL, NULL, 30, 0),
	(231, 0, 1, 1, 116, '000000000000000000000000', NULL, NULL, NULL, 10, 0),
	(232, 2048, 7, 1, 116, '000020480000273404004933', NULL, NULL, NULL, 30, 0),
	(233, 2100, 7, 1, 209, '000021006103440200002820', NULL, NULL, NULL, 30, 0),
	(236, 0, 2, 1, 118, '000000000000000000000000', NULL, NULL, NULL, 15, 0),
	(237, 0, 12, 1, 119, '000000000000000000000000', NULL, NULL, NULL, 0, 0),
	(238, 81, 7, 1, 121, '000000815227810001110716', NULL, NULL, NULL, 90, 1),
	(239, 2048, 7, 1, 122, '000020480139913400021200', NULL, NULL, NULL, 30, 0),
	(240, 2048, 8, 1, 211, '000020480186183400002003', NULL, NULL, NULL, 15, 0),
	(241, 0, 2, 1, 124, '000000000000000000000000', NULL, NULL, NULL, 15, 0),
	(242, 3035, 7, 1, 212, '000030350285972850009109', NULL, NULL, NULL, 30, 0),
	(243, 2048, 7, 1, 213, '000020480131283404000348', NULL, NULL, NULL, 30, 0),
	(244, 2048, 8, 2, 138, '000020480186183400002003', NULL, NULL, NULL, 30, 1),
	(245, 0, 2, 1, 125, '000000000000000000000000', NULL, NULL, NULL, 20, 0),
	(248, 2048, 8, 1, 128, '000020480186183400002003', NULL, NULL, NULL, 20, 0),
	(249, 81, 7, 1, 100, '000000815714530001467847', NULL, NULL, NULL, 20, 0),
	(250, 3059, 7, 1, 129, '000030590071032110208721', NULL, NULL, NULL, 30, 0),
	(251, 75, 7, 3, 105, '000000750017240611712077', NULL, NULL, NULL, 30, 0),
	(252, 30, 7, 1, 130, '000000301009130001418271', NULL, NULL, NULL, 30, 0),
	(253, 0, 9, 1, 131, '000000000000000000000000', NULL, NULL, NULL, 25, 0),
	(254, 2048, 8, 1, 34, '000020480186183400002003', NULL, NULL, NULL, 15, 15),
	(255, 2048, 8, 1, 214, '000020480186183400002003', NULL, NULL, NULL, 30, 0),
	(256, 2048, 8, 1, 133, '000020480186183400002003', NULL, NULL, NULL, 15, 0),
	(257, 0, 9, 1, 133, '000000000000000000000000', NULL, NULL, NULL, 30, 0),
	(258, 0, 1, 1, 134, '000000000000000000000000', NULL, NULL, NULL, 0, 0),
	(259, 0, 2, 1, 135, '000000000000000000000000', NULL, NULL, NULL, 20, 0),
	(260, 0, 12, 1, 136, '000000000000000000000000', NULL, NULL, NULL, 0, 0),
	(261, 75, 7, 2, 137, '000000753119090600219315', NULL, NULL, NULL, 30, 1),
	(262, 128, 7, 1, 215, '000001280061110500007555', NULL, NULL, NULL, 20, 0),
	(263, 3082, 7, 1, 139, '000030821233155101511821', NULL, NULL, NULL, 30, 0),
	(264, 2048, 0, 1, 140, '000020480186180340002003', NULL, NULL, NULL, 30, 1),
	(265, 75, 7, 1, 216, '000000750214670600776254', NULL, NULL, NULL, 30, 0),
	(266, 0, 2, 1, 141, '000000000000000000000000', NULL, NULL, NULL, 30, 0),
	(267, 0, 9, 1, 141, '000000000000000000000000', NULL, NULL, NULL, 30, 0),
	(268, 0, 1, 1, 142, '000000000000000000000000', NULL, NULL, NULL, 20, 0),
	(269, 0, 2, 1, 143, '000000000000000000000000', NULL, NULL, NULL, 60, 0),
	(270, 0, 2, 1, 144, '000000000000000000000000', NULL, NULL, NULL, 30, 0),
	(271, 49, 7, 1, 217, '000000490091042715334974', NULL, NULL, NULL, 15, 0),
	(272, 0, 2, 1, 218, '000000000000000000000000', NULL, NULL, NULL, 10, 0),
	(273, 0, 1, 1, 218, '000000000000000000000000', NULL, NULL, NULL, 10, 0),
	(274, 0, 1, 1, 210, '000000000000000000000000', NULL, NULL, NULL, 7, 0),
	(275, 2048, 8, 1, 219, '000020480186183400002003', NULL, NULL, NULL, 30, 0),
	(277, 2101, 7, 1, 221, '000021010001160012875886', NULL, NULL, NULL, 30, 0),
	(278, 0, 1, 1, 222, '000000000000000000000000', NULL, NULL, NULL, 15, 0),
	(279, 0, 1, 1, 223, '000000000000000000000000', NULL, NULL, NULL, 0, 0),
	(280, 75, 7, 1, 224, '000000750624800500020726', NULL, NULL, NULL, 30, 0),
	(281, 49, 7, 1, 225, '000000494885812493746281', NULL, NULL, NULL, 30, 0),
	(282, 2080, 7, 1, 226, '000020805041133040014064', NULL, NULL, NULL, 30, 0),
	(284, 182, 7, 1, 227, '000001825180170101501770', NULL, NULL, NULL, 30, 0),
	(285, 131, 7, 1, 228, '000001318815492717000443', NULL, NULL, NULL, 30, 0),
	(286, 2103, 7, 1, 229, '000021031217730030000022', NULL, NULL, NULL, 30, 0),
	(287, 2080, 7, 1, 230, '000020800521453040010980', NULL, NULL, NULL, 30, 0),
	(288, 0, 2, 1, 231, '000000000000000000000000', NULL, NULL, NULL, 15, 0),
	(289, 0, 13, 1, 232, '000000000000000000000000', NULL, NULL, NULL, 0, 0),
	(290, 0, 13, 1, 233, '000000000000000000000000', NULL, NULL, NULL, 0, 0),
	(291, 0, 13, 1, 234, '000000000000000000000000', NULL, NULL, NULL, 0, 0),
	(292, 0, 13, 1, 235, '000000000000000000000000', NULL, NULL, NULL, 0, 0),
	(293, 0, 13, 1, 236, '000000000000000000000000', NULL, NULL, NULL, 0, 0),
	(295, 2048, 7, 1, 112, '000020480095010340013102', NULL, NULL, NULL, 30, 0),
	(296, 2096, 7, 1, 126, '000020960579813283353104', NULL, NULL, NULL, 30, 0),
	(297, 0, 2, 1, 127, '000000000000000000000000', NULL, NULL, NULL, 15, 0),
	(298, 0, 9, 1, 238, '000000000000000000000000', NULL, NULL, NULL, 1, 0),
	(299, 2024, 7, 1, 108, '000020240126313300000954', NULL, NULL, NULL, 30, 0),
	(301, 0, 8, 1, 109, '000000000000000000000000', NULL, NULL, NULL, 30, 0),
	(302, 0, 9, 1, 190, '000000000000000000000000', NULL, NULL, NULL, 60, 0),
	(303, 0, 9, 1, 191, '000000000000000000000000', NULL, NULL, NULL, 60, 0),
	(304, 0, 10, 1, 162, '000000000000000000000000', NULL, NULL, NULL, 0, 0),
	(305, 0, 9, 1, 162, '000000000000000000000000', NULL, NULL, NULL, 60, 0),
	(306, 0, 9, 1, 65, '000000000000000000000000', NULL, NULL, NULL, 30, 0),
	(307, 0, 9, 1, 163, '000000000000000000000000', NULL, NULL, NULL, 30, 0),
	(308, 0, 12, 1, 147, '000000000000000000000000', NULL, NULL, NULL, 0, 0),
	(309, 0, 8, 1, 72, '000000000000000000000000', NULL, NULL, NULL, 30, 0),
	(310, 0, 8, 1, 198, '000000000000000000000000', NULL, NULL, NULL, 60, 0),
	(311, 0, 9, 1, 74, '000000000000000000000000', NULL, NULL, NULL, 30, 0),
	(312, 0, 2, 1, 74, '000000000000000000000000', NULL, NULL, NULL, 30, 0),
	(313, 0, 9, 1, 75, '000000000000000000000000', NULL, NULL, NULL, 30, 0),
	(314, 0, 9, 1, 150, '000000000000000000000000', NULL, NULL, NULL, 30, 0),
	(315, 0, 8, 1, 151, '000000000000000000000000', NULL, NULL, NULL, 30, 0),
	(316, 0, 2, 1, 78, '000000000000000000000000', NULL, NULL, NULL, 10, 0),
	(317, 0, 9, 1, 79, '000000000000000000000000', NULL, NULL, NULL, 30, 0),
	(318, 0, 9, 1, 81, '000000000000000000000000', NULL, NULL, NULL, 15, 0),
	(319, 0, 9, 2, 80, '000000000000000000000000', NULL, NULL, NULL, 30, 1),
	(320, 0, 8, 1, 97, '000000000000000000000000', NULL, NULL, NULL, 30, 0),
	(321, 0, 9, 1, 87, '000000000000000000000000', NULL, NULL, NULL, 60, 0),
	(322, 0, 9, 1, 104, '000000000000000000000000', NULL, NULL, NULL, 30, 0),
	(323, 0, 2, 1, 104, '000000000000000000000000', NULL, NULL, NULL, 30, 0),
	(324, 2100, 7, 1, 207, '000021004800222200029190', NULL, NULL, NULL, 30, 0),
	(325, 2048, 7, 1, 110, '000020480000233400088260', NULL, NULL, NULL, 30, 0),
	(326, 0, 7, 1, 220, '000000000000000000000000', NULL, NULL, NULL, 20, 0),
	(327, 0, 12, 1, 239, '000000000000000000000000', NULL, NULL, NULL, 1, 0),
	(328, 0, 13, 1, 165, '000000000000000000000000', NULL, NULL, NULL, 0, 0),
	(329, 0, 9, 1, 88, '000000000000000000000000', NULL, NULL, NULL, 30, 1),
	(330, 0, 1, 0, 243, '000000000000000000000000', NULL, NULL, NULL, 0, 0),
	(331, 0, 1, 0, 244, '000000000000000000000000', NULL, NULL, NULL, 0, 0),
	(332, 0, 12, 0, 245, '000000000000000000000000', NULL, NULL, NULL, 0, 0),
	(333, 0, 1, 1, 267, '000000000000000000000000', NULL, NULL, NULL, 0, 0),
	(334, 2103, 7, 2, 268, '000021030282360030005350', NULL, NULL, NULL, 15, 1),
	(336, 2048, 8, 1, 269, '000020480186183400002003', NULL, NULL, NULL, 1, 0),
	(337, 75, 7, 1, 270, '000000750041770501351701', NULL, NULL, NULL, 15, 0),
	(338, 2048, 8, 2, 273, '000020480186183400002003', NULL, NULL, NULL, 15, 0),
	(339, 0, 12, 1, 246, '000000000000000000000000', NULL, NULL, NULL, 1, 0),
	(340, 0, 1, 1, 276, '000000000000000000000000', NULL, NULL, NULL, 0, 0),
	(341, 0, 12, 1, 278, '000000000000000000000000', NULL, NULL, NULL, 1, 0),
	(342, 2100, 8, 3, 202, '000021004912232200038368', NULL, NULL, NULL, 45, 0),
	(343, 0, 12, 1, 280, '000000000000000000000000', NULL, NULL, NULL, 1, 0),
	(344, 0, 12, 1, 281, '000000000000000000000000', NULL, NULL, NULL, 1, 0),
	(345, 0, 9, 3, 282, '000000000000000000000000', NULL, NULL, NULL, 10, 0),
	(346, 0, 13, 1, 283, '000000000000000000000000', NULL, NULL, NULL, 1, 0),
	(347, 0, 13, 3, 284, '000000000000000000000000', NULL, NULL, NULL, 1, 0),
	(348, 0, 1, 1, 285, '000000000000000000000000', NULL, NULL, NULL, 1, 0),
	(349, 0, 1, 1, 287, '000000000000000000000000', NULL, NULL, NULL, 1, 0),
	(350, 0, 1, 1, 288, '000000000000000000000000', NULL, NULL, NULL, 1, 0),
	(351, 0, 12, 1, 289, '000000000000000000000000', NULL, NULL, NULL, 1, 0),
	(352, 2038, 7, 1, 290, '000020382275196000019274', NULL, NULL, NULL, 15, 0),
	(353, 0, 13, 3, 291, '000000000000000000000000', NULL, NULL, NULL, 1, 0),
	(354, 0, 12, 1, 292, '000000000000000000000000', NULL, NULL, NULL, 1, 0),
	(355, 2048, 8, 1, 293, '000020480186113400001021', NULL, NULL, NULL, 15, 0),
	(356, 182, 7, 3, 294, '000001826512410201558276', NULL, NULL, NULL, 30, 0),
	(357, 0, 1, 3, 298, '000000000000000000000000', NULL, NULL, NULL, 0, 0),
	(358, 0, 8, 3, 299, '000000000000000000000000', NULL, NULL, NULL, 15, 0),
	(359, 0, 1, 0, 307, '000000000000000000000000', NULL, NULL, NULL, 0, 0),
	(360, 0, 1, 0, 308, '000000000000000000000000', NULL, NULL, NULL, 0, 0),
	(361, 0, 1, 0, 310, '000000000000000000000000', NULL, NULL, NULL, 0, 0),
	(362, 2048, 8, 2, 311, '000020480186183400002003', NULL, NULL, NULL, 30, 0),
	(363, 2048, 8, 2, 312, '000020480186183400002003', NULL, NULL, NULL, 15, 0),
	(364, 0, 13, 1, 313, '000000000000000000000000', NULL, NULL, NULL, 1, 0),
	(365, 81, 7, 2, 314, '000000817300970001152716', NULL, NULL, NULL, 30, 1),
	(366, 2100, 7, 2, 315, '000021004715940200050953', NULL, NULL, NULL, 30, 1),
	(367, 2048, 8, 3, 316, '000020480186113400001021', NULL, NULL, NULL, 15, 1),
	(368, 0, 1, 1, 317, '000000000000000000000000', NULL, NULL, NULL, 1, 0),
	(369, 0, 12, 3, 318, '000000000000000000000000', NULL, NULL, NULL, 1, 0),
	(370, 2048, 8, 3, 319, '000020480186183400002003', NULL, NULL, NULL, 1, 0),
	(371, 0, 1, 0, 108, '0', NULL, NULL, NULL, 0, 1),
	(372, 0, 9, 2, 320, '000000000000000000000000', NULL, NULL, NULL, 30, 0),
	(373, 0, 7, 2, 321, '000000000000000000000000', NULL, NULL, NULL, 15, 0),
	(374, 0, 12, 1, 41, '000000000000000000000000', NULL, NULL, NULL, 1, 0),
	(375, 0, 9, 1, 323, '000000000000000000000000', NULL, NULL, NULL, 1, 0),
	(376, 0, 1, 3, 324, '000000000000000000000000', NULL, NULL, NULL, 1, 0),
	(377, 0, 1, 3, 325, '000000000000000000000000', NULL, NULL, NULL, 1, 0),
	(378, 2091, 7, 2, 326, '000020910119513040020979', NULL, NULL, NULL, 15, 0),
	(379, 2080, 7, 2, 327, '000020800365460040009022', NULL, NULL, NULL, 15, 0),
	(380, 2048, 8, 2, 328, '000020480186183400002003', NULL, NULL, NULL, 10, 0),
	(381, 49, 7, 2, 329, '000000495285872716005946', NULL, NULL, NULL, 30, 0),
	(382, 0, 12, 3, 197, '000000000000000000000000', NULL, NULL, NULL, 1, 0),
	(383, 2048, 8, 3, 197, '000020480186183400002003', NULL, NULL, NULL, 5, 0),
	(384, 0, 1, 1, 330, '000000000000000000000000', NULL, NULL, NULL, 5, 0),
	(385, 2048, 8, 2, 331, '000020480186183400002003', NULL, NULL, NULL, 15, 0),
	(386, 0, 12, 2, 332, '000000000000000000000000', NULL, NULL, NULL, 20, 0),
	(387, 81, 7, 2, 333, '000000815307710001102920', NULL, NULL, NULL, 20, 0),
	(388, 30, 7, 3, 335, '000000305173460386829273', NULL, NULL, NULL, 29, 0),
	(389, 0, 9, 1, 336, '000000000000000000000000', NULL, NULL, NULL, 15, 0),
	(390, 0, 9, 1, 253, '000000000000000000000000', NULL, NULL, NULL, 5, 0),
	(391, 0, 1, 3, 338, '000000000000000000000000', NULL, NULL, NULL, 10, 0),
	(392, 0, 1, 3, 339, '000000000000000000000000', NULL, NULL, NULL, 5, 0),
	(393, 0, 1, 1, 341, '000000000000000000000000', NULL, NULL, NULL, 1, 0),
	(394, 0, 10, 0, 342, '000000000000000000000000', NULL, NULL, NULL, 0, 0),
	(395, 0, 1, 1, 343, '000000000000000000000000', NULL, NULL, NULL, 1, 0),
	(396, 0, 1, 1, 344, '000000000000000000000000', NULL, NULL, NULL, 1, 0),
	(397, 2090, 7, 3, 319, '000020901111150000491117', NULL, NULL, NULL, 30, 0),
	(398, 72, 7, 3, 76, '000000720646930000101242', NULL, NULL, NULL, 30, 0),
	(399, 0, 12, 1, 345, '000000000000000000000000', NULL, NULL, NULL, 1, 0),
	(400, 2048, 8, 3, 326, '000020480186183400002003', NULL, NULL, NULL, 25, 0),
	(401, 2048, 8, 3, 346, '000020480186183400002003', NULL, NULL, NULL, 30, 0),
	(402, 0, 1, 1, 347, '000000000000000000000000', NULL, NULL, NULL, 1, 0),
	(403, 0, 1, 1, 348, '000000000000000000000000', NULL, NULL, NULL, 30, 0),
	(404, 0, 12, 1, 349, '000000000000000000000000', NULL, NULL, NULL, 1, 0),
	(405, 0, 12, 1, 350, '000000000000000000000000', NULL, NULL, NULL, 1, 0),
	(406, 0, 12, 1, 351, '000000000000000000000000', NULL, NULL, NULL, 1, 0),
	(407, 0, 12, 1, 352, '000000000000000000000000', NULL, NULL, NULL, 1, 0),
	(408, 0, 12, 1, 353, '000000000000000000000000', NULL, NULL, NULL, 1, 0),
	(409, 0, 12, 1, 354, '000000000000000000000000', NULL, NULL, NULL, 1, 0),
	(410, 2048, 8, 1, 355, '000020480186113400001021', NULL, NULL, NULL, 1, 0),
	(411, 0, 1, 1, 356, '000000000000000000000000', NULL, NULL, NULL, 1, 0),
	(412, 0, 1, 3, 357, '000000000000000000000000', NULL, NULL, NULL, 1, 0),
	(413, 0, 7, 1, 358, '000000000000000000000000', NULL, NULL, NULL, 1, 0),
	(414, 0, 1, 1, 359, '000000000000000000000000', NULL, NULL, NULL, 30, 0),
	(415, 0, 12, 1, 360, '000000000000000000000000', NULL, NULL, NULL, 30, 0),
	(416, 0, 12, 1, 360, '000000000000000000000000', NULL, NULL, NULL, 1, 0),
	(417, 0, 12, 1, 352, '000000000000000000000000', NULL, NULL, NULL, 30, 0),
	(418, 0, 12, 1, 353, '000000000000000000000000', NULL, NULL, NULL, 30, 0),
	(419, 0, 12, 1, 350, '000000000000000000000000', NULL, NULL, NULL, 30, 0),
	(420, 0, 12, 1, 356, '000000000000000000000000', NULL, NULL, NULL, 30, 0),
	(421, 0, 12, 1, 361, '000000000000000000000000', NULL, NULL, NULL, 30, 0),
	(422, 0, 12, 1, 351, '000000000000000000000000', NULL, NULL, NULL, 30, 0),
	(423, 0, 12, 1, 362, '000000000000000000000000', NULL, NULL, NULL, 30, 0),
	(424, 0, 12, 1, 363, '000000000000000000000000', NULL, NULL, NULL, 30, 0),
	(425, 0, 1, 0, 16, '0', NULL, NULL, NULL, 0, 1);
/*!40000 ALTER TABLE `referenciabancaria` ENABLE KEYS */;


-- Dumping structure for table tierrina.registroentrada
CREATE TABLE IF NOT EXISTS `registroentrada` (
  `idEntrada` bigint(20) NOT NULL AUTO_INCREMENT,
  `codigoOrden` varchar(20) COLLATE latin1_spanish_ci DEFAULT NULL,
  `idEntradaPadre` bigint(20) DEFAULT NULL,
  `idProducto` bigint(20) DEFAULT '0',
  `idCategoria` bigint(20) DEFAULT NULL,
  `idFormatoEntrega` bigint(20) DEFAULT NULL,
  `idCosecha` bigint(20) DEFAULT NULL,
  `idTipoRegistro` char(1) COLLATE latin1_spanish_ci DEFAULT NULL,
  `idCategoriaEntrada` bigint(20) DEFAULT NULL,
  `idEnvase` bigint(20) DEFAULT '0',
  `idClienteDevolucion` bigint(20) DEFAULT '0',
  `codigoEntrada` varchar(25) COLLATE latin1_spanish_ci DEFAULT NULL,
  `fecha` datetime DEFAULT NULL,
  `fechaCaducidad` date DEFAULT NULL,
  `fechaLlegada` date DEFAULT NULL,
  `lote` varchar(50) COLLATE latin1_spanish_ci NOT NULL DEFAULT '""',
  `habilitado` char(1) COLLATE latin1_spanish_ci NOT NULL DEFAULT 'S',
  `cantidad` double(10,2) DEFAULT NULL,
  `saldo` double(10,2) DEFAULT NULL,
  `notasincidencias` longtext COLLATE latin1_spanish_ci,
  `numeroPallets` bigint(20) DEFAULT NULL,
  `numeroBultos` bigint(20) DEFAULT NULL,
  `temperatura` double(10,2) NOT NULL DEFAULT '0.00',
  `humedad` double(10,2) NOT NULL DEFAULT '0.00',
  `costoUnitario` double(10,2) DEFAULT NULL,
  `costoTotal` double(10,2) DEFAULT NULL,
  `idTipoUbicacion` bigint(20) DEFAULT NULL,
  `usuarioResponsable` varchar(20) COLLATE latin1_spanish_ci DEFAULT NULL,
  `listoDistribuir` char(1) COLLATE latin1_spanish_ci NOT NULL DEFAULT 'N',
  `reaprovecha` char(1) COLLATE latin1_spanish_ci NOT NULL DEFAULT 'N',
  PRIMARY KEY (`idEntrada`),
  KEY `idProducto` (`idProducto`),
  KEY `idCategoria` (`idCategoria`),
  KEY `idFormatoEntrega` (`idFormatoEntrega`)
) ENGINE=InnoDB AUTO_INCREMENT=282 DEFAULT CHARSET=latin1 COLLATE=latin1_spanish_ci;

-- Dumping data for table tierrina.registroentrada: ~77 rows (approximately)
DELETE FROM `registroentrada`;
/*!40000 ALTER TABLE `registroentrada` DISABLE KEYS */;
INSERT INTO `registroentrada` (`idEntrada`, `codigoOrden`, `idEntradaPadre`, `idProducto`, `idCategoria`, `idFormatoEntrega`, `idCosecha`, `idTipoRegistro`, `idCategoriaEntrada`, `idEnvase`, `idClienteDevolucion`, `codigoEntrada`, `fecha`, `fechaCaducidad`, `fechaLlegada`, `lote`, `habilitado`, `cantidad`, `saldo`, `notasincidencias`, `numeroPallets`, `numeroBultos`, `temperatura`, `humedad`, `costoUnitario`, `costoTotal`, `idTipoUbicacion`, `usuarioResponsable`, `listoDistribuir`, `reaprovecha`) VALUES
	(1, 'O130417-1', 1, 3, 2, NULL, 3, 'M', 2, NULL, 0, 'E130417-1', '2013-04-17 00:00:00', '2014-10-09', '2013-04-18', 'AE 64/11', 'N', 360.00, 360.00, '', 1, 12, 0.00, 0.00, 0.00, 0.00, NULL, 'Maria', 'N', 'N'),
	(2, 'O130417-1', 2, 3, 2, NULL, 3, 'M', 2, NULL, 0, 'E130417-2', '2013-04-17 00:00:00', '2014-10-09', '2013-04-17', 'AE 68/11', 'N', 496.00, 496.00, '', 1, 10, 0.00, 0.00, 0.00, 0.00, NULL, 'Maria', 'N', 'N'),
	(3, 'O130419-2', 3, 2, 2, NULL, 1, 'M', 2, NULL, 0, 'E130419-3', '2013-04-19 00:00:00', '2014-10-11', '2013-04-19', 'IE 06/12', 'S', 18710.00, 17932.00, '', 22, 327, 0.00, 0.00, 0.00, 0.00, NULL, 'Maria', 'N', 'N'),
	(4, 'O130419-2', 4, 2, 5, NULL, 1, 'M', 5, NULL, 0, 'E130419-4', '2013-04-19 00:00:00', '2014-10-11', '2013-04-19', 'I4 06/12', 'S', 2489.00, 2494.00, '', 3, 50, 0.00, 0.00, 0.00, 0.00, NULL, 'Maria', 'N', 'N'),
	(5, 'O130419-3', 5, 2, 2, NULL, 1, 'M', 2, NULL, 0, 'E130419-5', '2013-04-19 00:00:00', '2014-10-11', '2013-04-19', 'IE 03/12', 'S', 11178.00, 11178.05, '', 13, 224, 0.00, 0.00, 0.00, 0.00, NULL, 'Maria', 'N', 'N'),
	(6, 'O130419-3', 6, 2, 3, NULL, 1, 'M', 3, NULL, 0, 'E130419-6', '2013-04-19 00:00:00', '2014-10-11', '2013-04-19', 'IS 03/12', 'S', 2005.00, 2005.00, '', 2, 40, 0.00, 0.00, 0.00, 0.00, NULL, 'Maria', 'N', 'N'),
	(7, 'O130419-3', 7, 2, 4, NULL, 1, 'M', 4, NULL, 0, 'E130419-7', '2013-04-19 00:00:00', '2014-10-11', '2013-04-19', 'IT 03/12', 'S', 1002.00, 1002.00, '', 1, 20, 0.00, 0.00, 0.00, 0.00, NULL, 'Maria', 'N', 'N'),
	(8, 'O130419-3', 8, 2, 5, NULL, 1, 'M', 5, NULL, 0, 'E130419-8', '2013-04-19 00:00:00', '2014-10-15', '2013-04-19', 'I4 03/12', 'S', 50.00, 50.00, '', 1, 1, 0.00, 0.00, 0.00, 0.00, NULL, 'Maria', 'N', 'N'),
	(9, 'O130419-4', 9, 2, 2, NULL, 1, 'M', 2, NULL, 0, 'E130419-9', '2013-04-19 00:00:00', '2014-10-11', '2013-04-19', 'IE 05/12', 'S', 6721.00, 1786.02, '', 9, 190, 0.00, 0.00, 0.00, 0.00, NULL, 'Maria', 'N', 'N'),
	(10, 'O130419-4', 10, 2, 3, NULL, 1, 'M', 3, NULL, 0, 'E130419-10', '2013-04-19 00:00:00', '2014-10-11', '2013-04-20', 'IS 05/12', 'S', 5332.00, 5332.02, '', 6, 108, 0.00, 0.00, 0.00, 0.00, NULL, 'Maria', 'N', 'N'),
	(11, 'O130419-4', 11, 2, 4, NULL, 1, 'M', 4, NULL, 0, 'E130419-11', '2013-04-19 00:00:00', '2014-10-11', '2013-04-19', 'IT 05/12', 'S', 1623.00, 1623.00, '', 2, 33, 0.00, 0.00, 0.00, 0.00, NULL, 'Maria', 'N', 'N'),
	(12, 'O130419-4', 12, 2, 5, NULL, 1, 'M', 5, NULL, 0, 'E130419-12', '2013-04-19 00:00:00', '2014-10-11', '2013-04-19', 'I4 05/12', 'S', 4168.00, 4168.00, '', 5, 84, 0.00, 0.00, 0.00, 0.00, NULL, 'Maria', 'N', 'N'),
	(13, 'O130419-5', 13, 2, 3, NULL, 1, 'M', 3, NULL, 0, 'E130419-13', '2013-04-19 00:00:00', '2014-10-11', '2013-04-19', 'IS 02/12', 'S', 3279.00, 3279.00, '', 4, 70, 0.00, 0.00, 0.00, 0.00, NULL, 'Maria', 'N', 'N'),
	(14, 'O130419-5', 14, 2, 4, NULL, 1, 'M', 4, NULL, 0, 'E130419-14', '2013-04-19 00:00:00', '2014-10-11', '2013-04-20', 'IT 02/12', 'S', 1747.00, 1446.99, '', 3, 60, 0.00, 0.00, 0.00, 0.00, NULL, 'Maria', 'N', 'N'),
	(15, 'O130419-5', 15, 2, 5, NULL, 1, 'M', 5, NULL, 0, 'E130419-15', '2013-04-19 00:00:00', '2014-10-11', '2013-04-19', 'I4 02/12', 'S', 3073.00, 2448.00, '', 4, 60, 0.00, 0.00, 0.00, 0.00, NULL, 'Maria', 'N', 'N'),
	(16, 'O130420-6', 16, 2, 2, NULL, 1, 'M', 2, NULL, 0, 'E130420-16', '2013-04-20 00:00:00', '2014-10-12', '2013-04-20', 'IE 04/12', 'S', 310.00, 310.00, '', 2, 6, 0.00, 0.00, 0.00, 0.00, NULL, 'Maria', 'N', 'N'),
	(17, 'O130420-6', 17, 2, 3, NULL, 1, 'M', 3, NULL, 0, 'E130420-17', '2013-04-20 00:00:00', '2014-10-12', '2013-04-20', 'IS 04/12', 'S', 1002.00, 1002.00, '', 1, 20, 0.00, 0.00, 0.00, 0.00, NULL, 'Maria', 'N', 'N'),
	(18, 'O130420-6', 18, 2, 4, NULL, 1, 'M', 4, NULL, 0, 'E130420-18', '2013-04-20 00:00:00', '2014-10-12', '2013-04-20', 'IT 04/12', 'S', 450.00, 450.00, '', 1, 9, 0.00, 0.00, 0.00, 0.00, NULL, 'Maria', 'N', 'N'),
	(19, 'O130420-6', 19, 2, 5, NULL, 1, 'M', 5, NULL, 0, 'E130420-19', '2013-04-20 00:00:00', '2014-10-12', '2013-04-20', 'I4 04/12', 'S', 500.00, 500.00, '', 1, 10, 0.00, 0.00, 0.00, 0.00, NULL, 'Maria', 'N', 'N'),
	(20, 'O130420-7', 20, 2, 2, NULL, 1, 'M', 2, NULL, 0, 'E130420-20', '2013-04-20 00:00:00', '2014-10-12', '2013-04-24', 'IE 01/12', 'S', 1199.00, 1199.01, '', 3, 25, 0.00, 0.00, 0.00, 0.00, NULL, 'Maria', 'N', 'N'),
	(21, 'O130420-7', 21, 2, 3, NULL, 1, 'M', 3, NULL, 0, 'E130420-21', '2013-04-20 00:00:00', '2014-10-12', '2013-04-20', 'IS 01/12', 'S', 1518.00, 968.00, '', 3, 30, 0.00, 0.00, 0.00, 0.00, NULL, 'Maria', 'N', 'N'),
	(22, 'O130420-7', 22, 2, 4, NULL, 1, 'M', 4, NULL, 0, 'E130420-22', '2013-04-20 00:00:00', '2014-10-12', '2013-04-20', 'IT 01/12', 'S', 634.00, 9.00, '', 1, 12, 0.00, 0.00, 0.00, 0.00, NULL, 'Maria', 'N', 'N'),
	(23, 'O130420-8', 23, 2, 5, NULL, 1, 'M', 5, NULL, 0, 'E130420-23', '2013-04-20 00:00:00', '2014-10-12', '2013-04-20', 'I4 05/11', 'S', 556.00, 556.00, '', 2, 12, 0.00, 0.00, 0.00, 0.00, NULL, 'Maria', 'N', 'N'),
	(24, 'O130420-9', 24, 2, 3, NULL, 1, 'M', 3, NULL, 0, 'E130420-24', '2013-04-20 00:00:00', '2014-10-14', '2013-04-21', 'IS 06/11', 'S', 1027.00, 1026.99, '', 3, 21, 0.00, 0.00, 0.00, 0.00, NULL, 'Maria', 'N', 'N'),
	(25, 'O130420-10', 25, 2, 3, NULL, 1, 'M', 3, NULL, 0, 'E130420-25', '2013-04-20 00:00:00', '2014-10-12', '2013-04-20', 'IS 08/11', 'S', 423.00, 423.00, '', 1, 9, 0.00, 0.00, 0.00, 0.00, NULL, 'Maria', 'N', 'N'),
	(26, 'O130420-11', 26, 3, 2, NULL, 3, 'M', 2, NULL, 0, 'E130420-26', '2013-04-20 00:00:00', '2014-10-12', '2013-04-20', 'AE 41/12', 'S', 400.00, 400.00, '', 1, 8, 0.00, 0.00, 0.00, 0.00, NULL, 'Maria', 'N', 'N'),
	(27, 'O130420-11', 27, 3, 3, NULL, 3, 'M', 3, NULL, 0, 'E130420-27', '2013-04-20 00:00:00', '2014-10-17', '2013-04-20', 'A2 11/12', 'S', 118.00, 118.00, '', 1, 3, 0.00, 0.00, 0.00, 0.00, NULL, 'Maria', 'N', 'N'),
	(28, 'O130420-12', 28, 3, 2, NULL, 3, 'M', 2, NULL, 0, 'E130420-28', '2013-04-20 00:00:00', '2014-10-12', '2013-04-20', 'AE 43/12', 'S', 405.00, 405.00, '', 1, 9, 0.00, 0.00, 0.00, 0.00, NULL, 'Maria', 'N', 'N'),
	(29, 'O130420-13', 29, 3, 2, NULL, 3, 'M', 2, NULL, 0, 'E130420-29', '2013-04-20 00:00:00', '2014-10-12', '2013-04-22', 'AE 37/12', 'S', 964.00, 863.99, '', 3, 10, 0.00, 0.00, 0.00, 0.00, NULL, 'Maria', 'N', 'N'),
	(30, 'O130420-14', 30, 3, 2, NULL, 3, 'M', 2, NULL, 0, 'E130420-30', '2013-04-20 00:00:00', '2014-10-12', '2013-04-20', 'AE 30/12', 'S', 73.00, 73.00, '', 1, 2, 0.00, 0.00, 0.00, 0.00, NULL, 'Maria', 'N', 'N'),
	(31, 'O130420-15', 31, 3, 2, NULL, 3, 'M', 2, NULL, 0, 'E130420-31', '2013-04-20 00:00:00', '2014-10-12', '2013-04-20', 'AE 27/12', 'S', 227.00, 227.00, '', 2, 5, 0.00, 0.00, 0.00, 0.00, NULL, 'Maria', 'N', 'N'),
	(32, 'O130420-16', 32, NULL, NULL, NULL, 0, 'E', NULL, 28, 0, 'E130420-32', '2013-04-20 00:00:00', '2014-10-12', '2013-04-20', '01', 'S', 3403.00, 3403.00, '', 1, 3, 0.00, 0.00, 0.00, 0.00, NULL, 'Maria', 'N', 'N'),
	(33, 'O130420-16', 33, NULL, NULL, NULL, 0, 'E', NULL, 29, 0, 'E130420-33', '2013-04-20 00:00:00', '2014-10-12', '2013-04-22', '02', 'S', 937.00, 916.00, '', 1, 2, 0.00, 0.00, 0.00, 0.00, NULL, 'Maria', 'N', 'N'),
	(34, 'O130420-16', 34, NULL, NULL, NULL, 0, 'E', NULL, 41, 0, 'E130420-34', '2013-04-20 00:00:00', '2014-10-12', '2013-04-21', '03', 'S', 1740.00, 1740.00, '', 1, 2, 0.00, 0.00, 0.00, 0.00, NULL, 'Maria', 'N', 'N'),
	(35, 'O130420-16', 35, NULL, NULL, NULL, 0, 'E', NULL, 40, 0, 'E130420-35', '2013-04-20 00:00:00', '2014-10-12', '2013-04-20', '04', 'S', 2009.00, 2009.00, '', 1, 2, 0.00, 0.00, 0.00, 0.00, NULL, 'Maria', 'N', 'N'),
	(36, 'O130420-16', 36, NULL, NULL, NULL, 0, 'E', NULL, 36, 0, 'E130420-36', '2013-04-20 00:00:00', '2014-10-12', '2013-04-20', '05', 'S', 1374.00, 1074.00, '', 1, 2, 0.00, 0.00, 0.00, 0.00, NULL, 'Maria', 'N', 'N'),
	(37, 'O130420-16', 37, NULL, NULL, NULL, 0, 'E', NULL, 35, 0, 'E130420-37', '2013-04-20 00:00:00', '2014-10-12', '2013-04-20', '06', 'S', 2771.00, 2771.00, '', 1, 3, 0.00, 0.00, 0.00, 0.00, NULL, 'Maria', 'N', 'N'),
	(38, 'O130420-16', 38, NULL, NULL, NULL, 0, 'E', NULL, 33, 0, 'E130420-38', '2013-04-20 00:00:00', '2014-10-12', '2013-04-20', '07', 'S', 1718.00, 1718.00, '', 1, 2, 0.00, 0.00, 0.00, 0.00, NULL, 'Maria', 'N', 'N'),
	(39, 'O130420-16', 39, NULL, NULL, NULL, 0, 'E', NULL, 34, 0, 'E130420-39', '2013-04-20 00:00:00', '2014-10-12', '2013-04-20', '07', 'S', 1170.00, 1170.00, '', 1, 2, 0.00, 0.00, 0.00, 0.00, NULL, 'Maria', 'N', 'N'),
	(40, 'O130420-17', 40, NULL, NULL, NULL, 0, 'E', NULL, 57, 0, 'E130420-40', '2013-04-20 00:00:00', '2014-10-12', '2013-04-20', '01', 'S', 20000.00, 20000.00, '', 1, 1, 0.00, 0.00, 0.00, 0.00, NULL, 'Maria', 'N', 'N'),
	(41, 'O130420-18', 41, NULL, NULL, NULL, 0, 'E', NULL, 60, 0, 'E130420-41', '2013-04-20 00:00:00', '2014-10-12', '2013-04-20', '01', 'S', 9962.00, 9765.00, '', 2, 2, 0.00, 0.00, 0.00, 0.00, NULL, 'Maria', 'N', 'N'),
	(42, 'O130420-19', 42, NULL, NULL, NULL, 0, 'E', NULL, 23, 0, 'E130420-42', '2013-04-20 00:00:00', '2014-10-12', '2013-04-20', '01', 'S', 1380.00, 1380.00, '', 2, 2, 0.00, 0.00, 0.00, 0.00, NULL, 'Maria', 'N', 'N'),
	(43, 'O130420-19', 43, NULL, NULL, NULL, 0, 'E', NULL, 25, 0, 'E130420-43', '2013-04-20 00:00:00', '2014-10-12', '2013-04-20', '02', 'S', 775.00, 769.00, '', 1, 1, 0.00, 0.00, 0.00, 0.00, NULL, 'Maria', 'N', 'N'),
	(44, 'O130422-20', 44, NULL, NULL, NULL, 0, 'E', NULL, 10, 0, 'E130422-44', '2013-04-22 00:00:00', '2014-10-14', '2013-04-22', '01', 'S', 4478.00, 4442.00, '', 1, 1, 0.00, 0.00, 0.00, 0.00, NULL, 'Maria', 'N', 'N'),
	(45, 'O130422-20', 45, NULL, NULL, NULL, 0, 'E', NULL, 7, 0, 'E130422-45', '2013-04-22 00:00:00', '2014-10-14', '2013-04-22', '02', 'S', 7420.00, 7419.00, '', 1, 1, 0.00, 0.00, 0.00, 0.00, NULL, 'Maria', 'N', 'N'),
	(46, 'O130422-20', 46, NULL, NULL, NULL, 0, 'E', NULL, 6, 0, 'E130422-46', '2013-04-22 00:00:00', '2014-10-14', '2013-04-22', '03', 'S', 7163.00, 7054.00, '', 1, 1, 0.00, 0.00, 0.00, 0.00, NULL, 'Maria', 'N', 'N'),
	(47, 'O130422-20', 47, NULL, NULL, NULL, 0, 'E', NULL, 11, 0, 'E130422-47', '2013-04-22 00:00:00', '2014-10-14', '2013-04-22', '04', 'S', 924.00, 904.00, '', 1, 1, 0.00, 0.00, 0.00, 0.00, NULL, 'Maria', 'N', 'N'),
	(48, 'O130422-20', 48, NULL, NULL, NULL, 0, 'E', NULL, 8, 0, 'E130422-48', '2013-04-22 00:00:00', '2014-10-14', '2013-04-22', '05', 'S', 3360.00, 3276.00, '', 1, 1, 0.00, 0.00, 0.00, 0.00, NULL, 'Maria', 'N', 'N'),
	(49, 'O130422-21', 49, 6, 2, NULL, 3, 'M', 2, NULL, 0, 'E130422-49', '2013-04-22 00:00:00', '2014-10-14', '2013-04-22', 'FV 01/12', 'S', 1000.00, 939.00, '', 1, 20, 0.00, 0.00, 0.00, 0.00, NULL, 'Maria', 'N', 'N'),
	(50, 'O130422-22', 50, 3, 2, NULL, 3, 'M', 2, NULL, 0, 'E130422-50', '2013-04-22 00:00:00', '2014-10-14', '2013-04-22', 'AE 42/12', 'S', 595.00, 495.00, '', 1, 12, 0.00, 0.00, 0.00, 0.00, NULL, 'Maria', 'N', 'N'),
	(51, 'O130422-23', 51, 8, 2, NULL, 3, 'M', 2, NULL, 0, 'E130422-51', '2013-04-22 00:00:00', '2014-10-14', '2013-04-22', 'ARox 10/12', 'S', 253.00, 118.00, '', 1, 6, 0.00, 0.00, 2.40, 6072.00, NULL, 'Maria', 'N', 'N'),
	(52, 'O130422-23', 52, 3, 2, NULL, 3, 'M', 2, NULL, 0, 'E130422-52', '2013-04-22 00:00:00', '2014-10-14', '2013-04-22', 'AE 45/12', 'S', 40.00, 40.00, '', 1, 1, 0.00, 0.00, 5.50, 220.00, NULL, 'Maria', 'N', 'N'),
	(53, 'O130422-24', 53, 3, 2, NULL, 3, 'M', 2, NULL, 0, 'E130422-53', '2013-04-22 00:00:00', '2014-10-15', '2013-04-22', 'AE 39/12', 'S', 458.00, 383.00, '', 1, 10, 0.00, 0.00, 0.00, 0.00, NULL, 'Maria', 'N', 'N'),
	(54, 'O130422-25', 54, NULL, NULL, NULL, 0, 'E', NULL, 4, 0, 'E130422-54', '2013-04-22 00:00:00', '2014-10-14', '2013-04-22', '01', 'S', 10000.00, 9878.00, '', 1, 1, 0.00, 0.00, 0.00, 0.00, NULL, 'Maria', 'N', 'N'),
	(55, 'O130422-25', 55, NULL, NULL, NULL, 0, 'E', NULL, 3, 0, 'E130422-55', '2013-04-22 00:00:00', '2014-10-14', '2013-04-22', '02', 'S', 13000.00, 12927.00, '', 1, 1, 0.00, 0.00, 0.00, 0.00, NULL, 'Maria', 'N', 'N'),
	(56, 'O130422-25', 56, NULL, NULL, NULL, 0, 'E', NULL, 2, 0, 'E130422-56', '2013-04-22 00:00:00', '2014-10-14', '2013-04-22', '03', 'S', 1200.00, 1188.00, '', 1, 1, 0.00, 0.00, 0.00, 0.00, NULL, 'Maria', 'N', 'N'),
	(57, 'O130422-25', 57, NULL, NULL, NULL, 0, 'E', NULL, 59, 0, 'E130422-57', '2013-04-22 00:00:00', '2014-10-14', '2013-04-22', '04', 'S', 300.00, 269.00, '', 1, 1, 0.00, 0.00, 0.00, 0.00, NULL, 'Maria', 'N', 'N'),
	(58, 'O130422-26', 58, NULL, NULL, NULL, 0, 'E', NULL, 15, 0, 'E130422-58', '2013-04-22 00:00:00', '2014-10-14', '2013-04-22', '01', 'S', 10100.00, 10003.00, '', 2, 2, 0.00, 0.00, 0.00, 0.00, NULL, 'Maria', 'N', 'N'),
	(59, 'O130422-26', 59, NULL, NULL, NULL, 0, 'E', NULL, 16, 0, 'E130422-59', '2013-04-22 00:00:00', '2014-10-14', '2013-04-22', '02', 'S', 3949.00, 3876.00, '', 2, 2, 0.00, 0.00, 0.00, 0.00, NULL, 'Maria', 'N', 'N'),
	(60, 'O130422-26', 60, NULL, NULL, NULL, 0, 'E', NULL, 17, 0, 'E130422-60', '2013-04-22 00:00:00', '2014-10-14', '2013-04-22', '03', 'S', 7350.00, 7325.00, '', 2, 2, 0.00, 0.00, 0.00, 0.00, NULL, 'Maria', 'N', 'N'),
	(61, 'O130422-26', 61, NULL, NULL, NULL, 0, 'E', NULL, 21, 0, 'E130422-61', '2013-04-22 00:00:00', '2014-10-14', '2013-04-22', '04', 'S', 197.00, 193.00, '', 1, 1, 0.00, 0.00, 0.00, 0.00, NULL, 'Maria', 'N', 'N'),
	(62, 'O130422-26', 62, NULL, NULL, NULL, 0, 'E', NULL, 20, 0, 'E130422-62', '2013-04-22 00:00:00', '2014-10-14', '2013-04-22', '05', 'S', 198.00, 197.00, '', 1, 1, 0.00, 0.00, 0.00, 0.00, NULL, 'Maria', 'N', 'N'),
	(63, 'O130422-26', 63, NULL, NULL, NULL, 0, 'E', NULL, 19, 0, 'E130422-63', '2013-04-22 00:00:00', '2014-10-14', '2013-04-22', '06', 'S', 205.00, 198.00, '', 1, 1, 0.00, 0.00, 0.00, 0.00, NULL, 'Maria', 'N', 'N'),
	(64, 'O130422-27', 64, 1, 2, NULL, 3, 'M', 2, NULL, 0, 'E130422-64', '2013-04-22 00:00:00', '2014-10-14', '2013-04-22', 'DO 548/12', 'S', 908.00, 649.00, '', 2, 19, 0.00, 0.00, 0.00, 0.00, NULL, 'Maria', 'N', 'N'),
	(65, 'O130422-28', 65, 2, 2, NULL, 1, 'M', 2, NULL, 0, 'E130422-65', '2013-04-22 00:00:00', '2014-10-14', '2013-04-22', 'IE 13/11', 'S', 100.00, 40.00, '', 1, 2, 0.00, 0.00, 0.00, 0.00, NULL, 'Maria', 'N', 'N'),
	(66, 'O130423-29', 66, 1, 2, NULL, 3, 'M', 2, NULL, 0, 'E130423-66', '2013-04-23 00:00:00', '2014-10-15', '2013-04-23', 'DO 398/12', 'S', 193.00, 192.50, '', 1, 4, 0.00, 0.00, 0.00, 0.00, NULL, 'Maria', 'N', 'N'),
	(67, 'O130423-30', 67, 1, 2, NULL, 3, 'M', 2, NULL, 0, 'E130423-67', '2013-04-23 00:00:00', '2014-10-16', '2013-04-23', 'DO 152/12', 'S', 72.00, 0.00, '', 1, 2, 0.00, 0.00, 0.00, 0.00, NULL, 'Maria', 'N', 'N'),
	(68, 'O130423-31', 68, 1, 2, NULL, 3, 'M', 2, NULL, 0, 'E130423-68', '2013-04-23 00:00:00', '2014-10-15', '2013-04-23', 'DO 572/12', 'S', 104.00, 104.00, '', 1, 3, 0.00, 0.00, 0.00, 0.00, NULL, 'Maria', 'N', 'N'),
	(69, 'O130423-32', 69, 1, 2, NULL, 3, 'M', 2, NULL, 0, 'E130423-69', '2013-04-23 00:00:00', '2014-10-15', '2013-04-23', 'DO 412/12', 'S', 15.00, 15.00, '', 1, 1, 0.00, 0.00, 0.00, 0.00, NULL, 'Maria', 'N', 'N'),
	(70, 'O130423-33', 70, 1, 2, NULL, 3, 'M', 2, NULL, 0, 'E130423-70', '2013-04-23 00:00:00', '2014-10-15', '2013-04-23', 'DO 368/12', 'S', 645.00, 645.00, '', 1, 12, 0.00, 0.00, 0.00, 0.00, NULL, 'Maria', 'N', 'N'),
	(71, 'O130423-34', 71, 1, 2, NULL, 3, 'M', 2, NULL, 0, 'E130423-71', '2013-04-23 00:00:00', '2014-10-16', '2013-04-23', 'DO 524/12', 'S', 113.00, 113.00, '', 1, 3, 0.00, 0.00, 0.00, 0.00, NULL, 'Maria', 'N', 'N'),
	(72, 'O130423-35', 72, 4, 2, NULL, 3, 'M', 2, NULL, 0, 'E130423-72', '2013-04-23 00:00:00', '2014-10-17', '2013-04-23', 'VA 04/12', 'S', 136.00, 136.00, '', 1, 3, 0.00, 0.00, 0.00, 0.00, NULL, 'Maria', 'N', 'N'),
	(73, 'O130423-36', 73, 4, 2, NULL, 3, 'M', 2, NULL, 0, 'E130423-73', '2013-04-23 00:00:00', '2014-10-17', '2013-04-23', 'VA 3/12', 'S', 44.00, 32.00, '', 1, 1, 0.00, 0.00, 0.00, 0.00, NULL, 'Maria', 'N', 'N'),
	(74, 'O130423-37', 74, 4, 2, NULL, 3, 'M', 2, NULL, 0, 'E130423-74', '2013-04-23 00:00:00', '2014-10-16', '2013-04-24', 'VA 15/12', 'S', 64.00, 64.00, '', 1, 2, 0.00, 0.00, 0.00, 0.00, NULL, 'Maria', 'N', 'N'),
	(75, 'O130423-38', 75, 4, 2, NULL, 3, 'M', 2, NULL, 0, 'E130423-75', '2013-04-23 00:00:00', '2014-10-15', '2013-04-25', 'VA 07/12', 'S', 370.00, 370.00, '', 1, 8, 0.00, 0.00, 0.00, 0.00, NULL, 'Maria', 'N', 'N'),
	(76, 'O130423-39', 76, 4, 2, NULL, 3, 'M', 2, NULL, 0, 'E130423-76', '2013-04-23 00:00:00', '2014-10-15', '2013-04-23', 'VA 20/12', 'S', 255.00, 0.00, '', 1, 2, 0.00, 0.00, 0.00, 0.00, NULL, 'Maria', 'N', 'N'),
	(77, 'O130423-40', 77, 4, 2, NULL, 3, 'M', 2, NULL, 0, 'E130423-77', '2013-04-23 00:00:00', '2014-10-15', '2013-04-23', 'VA 22/12', 'S', 305.00, 305.00, '', 1, 7, 0.00, 0.00, 0.00, 0.00, NULL, 'Maria', 'N', 'N'),
	(78, 'O130423-41', 78, 4, 2, NULL, 3, 'M', 2, NULL, 0, 'E130423-78', '2013-04-23 00:00:00', '2014-10-16', '2013-04-23', 'VA 08/12', 'S', 29.00, 28.50, '', 1, 1, 0.00, 0.00, 0.00, 0.00, NULL, 'Maria', 'N', 'N'),
	(79, 'O130423-42', 79, 38, 2, NULL, 3, 'M', 2, NULL, 0, 'E130423-79', '2013-04-23 00:00:00', '2014-10-15', '2013-04-26', 'GP 3/11', 'S', 1575.00, 1575.00, '', 2, 63, 0.00, 0.00, 0.00, 0.00, NULL, 'Maria', 'N', 'N'),
	(80, 'O130423-42', 80, 100, NULL, NULL, NULL, 'P', NULL, NULL, 0, 'E130423-80', '2013-04-23 00:00:00', '2014-10-15', '2013-04-23', 'GP 3/11', 'S', 38.00, 37.00, 'null', 1, 38, 0.00, 0.00, 0.00, 0.00, NULL, 'Maria', 'S', 'N'),
	(81, 'O130423-43', 81, 51, 2, NULL, 3, 'M', 2, NULL, 0, 'E130423-81', '2013-04-23 00:00:00', '2014-10-15', '2013-04-24', 'Gui 1/11', 'S', 200.00, 200.00, '', 1, 4, 0.00, 0.00, 0.00, 0.00, NULL, 'Maria', 'N', 'N'),
	(82, 'O130423-44', 82, 41, 2, NULL, 3, 'M', 2, NULL, 0, 'E130423-82', '2013-04-23 00:00:00', '2014-10-15', '2013-04-24', 'AR 5/12', 'S', 1006.00, 1006.00, '', 1, 40, 0.00, 0.00, 0.00, 0.00, NULL, 'Maria', 'N', 'N'),
	(83, 'O130423-44', 83, 187, NULL, NULL, NULL, 'P', NULL, NULL, 0, 'E130423-83', '2013-04-23 00:00:00', '2014-10-15', '2013-04-23', 'AR 5/12', 'S', 25.00, 25.00, 'null', 1, 25, 0.00, 0.00, 0.00, 0.00, NULL, 'Maria', 'S', 'N'),
	(84, 'O130423-44', 84, 40, 2, NULL, 3, 'M', 2, NULL, 0, 'E130423-84', '2013-04-23 00:00:00', '2014-10-15', '2013-04-23', 'GK 6/12', 'S', 35.00, 35.00, '', 1, 1, 0.00, 0.00, 0.00, 0.00, NULL, 'Maria', 'N', 'N'),
	(85, 'O130423-44', 85, 136, NULL, NULL, NULL, 'P', NULL, NULL, 0, 'E130423-85', '2013-04-23 00:00:00', '2014-10-15', '2013-04-23', 'GK 6/12', 'S', 148.00, 148.00, 'null', 1, 148, 0.00, 0.00, 0.00, 0.00, NULL, 'Maria', 'S', 'N'),
	(86, 'O130423-44', 86, 10, 2, NULL, 3, 'M', 2, NULL, 0, 'E130423-86', '2013-04-23 00:00:00', '2014-10-15', '2013-04-23', 'AP 2/12', 'S', 9.00, 9.00, '', 1, 1, 0.00, 0.00, 0.00, 0.00, NULL, 'Maria', 'N', 'N'),
	(87, 'O130423-44', 87, 80, NULL, NULL, NULL, 'P', NULL, NULL, 0, 'E130423-87', '2013-04-23 00:00:00', '2014-10-15', '2013-04-23', 'AP 2/12', 'S', 7.00, 7.00, 'null', 1, 7, 0.00, 0.00, 0.00, 0.00, NULL, 'Maria', 'S', 'N'),
	(88, 'O130423-45', 88, 19, 2, NULL, 3, 'M', 2, NULL, 0, 'E130423-88', '2013-04-23 00:00:00', '2014-10-15', '2013-04-23', 'FN 10/11', 'S', 391.00, 391.00, '', 1, 1, 0.00, 0.00, 0.00, 0.00, NULL, 'Maria', 'N', 'N'),
	(89, 'O130423-45', 89, 12, NULL, NULL, NULL, 'P', NULL, NULL, 0, 'E130423-89', '2013-04-23 00:00:00', '2014-10-15', '2013-04-23', 'FN 10/11', 'S', 36.00, 36.00, 'null', 1, 36, 0.00, 0.00, 0.00, 0.00, NULL, 'Maria', 'S', 'N'),
	(90, 'O130423-46', 90, 79, NULL, NULL, NULL, 'P', NULL, NULL, 0, 'E130423-90', '2013-04-23 00:00:00', '2014-10-15', '2013-04-23', 'AM 01/12', 'S', 2.00, 2.00, 'null', 1, 2, 0.00, 0.00, 0.00, 0.00, NULL, 'Maria', 'S', 'N'),
	(91, 'O130423-47', 91, 33, 2, NULL, 3, 'M', 2, NULL, 0, 'E130423-91', '2013-04-23 00:00:00', '2014-10-15', '2013-04-25', 'LP 04/11', 'S', 903.00, 903.00, '', 1, 18, 0.00, 0.00, 0.00, 0.00, NULL, 'Maria', 'N', 'N'),
	(92, 'O130423-48', 92, 38, 2, NULL, 3, 'M', 2, NULL, 0, 'E130423-92', '2013-04-23 00:00:00', '2014-10-16', '2013-04-23', 'GP 2/12', 'S', 603.00, 603.00, '', 1, 12, 0.00, 0.00, 0.00, 0.00, NULL, 'Maria', 'N', 'N'),
	(93, 'O130423-48', 93, 98, NULL, NULL, NULL, 'P', NULL, NULL, 0, 'E130423-93', '2013-04-23 00:00:00', '2014-10-15', '2013-04-23', 'LP 1/12', 'S', 30.00, 30.00, 'null', 1, 30, 0.00, 0.00, 0.00, 0.00, NULL, 'Maria', 'S', 'N'),
	(94, 'O130423-49', 94, 82, NULL, NULL, NULL, 'P', NULL, NULL, 0, 'E130423-94', '2013-04-23 00:00:00', '2014-10-15', '2013-04-23', 'AC 3/12', 'S', 28.00, 26.00, 'null', 1, 28, 0.00, 0.00, 0.00, 0.00, NULL, 'Maria', 'S', 'N'),
	(95, 'O130423-49', 95, 17, 2, NULL, 3, 'M', 2, NULL, 0, 'E130423-95', '2013-04-23 00:00:00', '2014-10-16', '2013-04-23', 'AC 3/12', 'S', 6.00, 6.00, '', 1, 1, 0.00, 0.00, 0.00, 0.00, NULL, 'Maria', 'N', 'N'),
	(96, 'O130423-50', 96, 91, NULL, NULL, NULL, 'P', NULL, NULL, 0, 'E130423-96', '2013-04-23 00:00:00', '2014-10-15', '2013-04-23', 'SO 03/12', 'S', 6.00, 6.00, 'null', 1, 6, 0.00, 0.00, 0.00, 0.00, NULL, 'Maria', 'S', 'N'),
	(97, 'O130423-50', 97, 20, 2, NULL, 3, 'M', 2, NULL, 0, 'E130423-97', '2013-04-23 00:00:00', '2014-10-15', '2013-04-27', 'SO 03/12', 'S', 8.00, 8.00, '', 1, 1, 0.00, 0.00, 0.00, 0.00, NULL, 'Maria', 'N', 'N'),
	(98, 'O130423-51', 98, 42, 3, NULL, 3, 'M', 3, NULL, 0, 'E130423-98', '2013-04-23 00:00:00', '2014-10-15', '2013-04-23', 'JG 01/12', 'S', 965.00, 965.00, '', 1, 38, 0.00, 0.00, 0.00, 0.00, NULL, 'Maria', 'N', 'N'),
	(99, 'O130423-52', 99, 206, NULL, NULL, NULL, 'P', NULL, NULL, 0, 'E130423-99', '2013-04-23 00:00:00', '2014-10-15', '2013-04-23', '01', 'S', 4.00, 2.00, 'null', 1, 4, 0.00, 0.00, 0.00, 0.00, NULL, 'Maria', 'S', 'N'),
	(100, 'O130423-52', 100, 207, NULL, NULL, NULL, 'P', NULL, NULL, 0, 'E130423-100', '2013-04-23 00:00:00', '2014-10-15', '2013-04-23', '02', 'S', 3.00, 2.00, 'null', 1, 3, 0.00, 0.00, 0.00, 0.00, NULL, 'Maria', 'S', 'N'),
	(101, 'O130423-53', 101, 3, 2, NULL, 3, 'M', 2, NULL, 0, 'E130423-101', '2013-04-23 00:00:00', '2014-10-15', '2013-04-23', 'AE 64/11', 'S', 570.00, 0.00, '', 1, 12, 0.00, 0.00, 0.00, 0.00, NULL, 'Maria', 'N', 'N'),
	(102, 'O130423-54', 102, NULL, NULL, NULL, 0, 'E', NULL, 18, 0, 'E130423-102', '2013-04-23 00:00:00', '2014-10-15', '2013-04-23', '01', 'S', 500.00, 500.00, '', 1, 1, 0.00, 0.00, 0.00, 0.00, NULL, 'Maria', 'N', 'N'),
	(103, 'O130424-55', 103, 3, 2, NULL, 3, 'M', 2, NULL, 0, 'E130424-103', '2013-04-24 00:00:00', '2014-10-17', '2013-04-24', 'AE 46/12', 'S', 450.00, 450.00, '', 1, 9, 0.00, 0.00, 5.50, 2475.00, NULL, 'Maria', 'N', 'N'),
	(104, 'O130424-56', 104, 3, 2, NULL, 3, 'M', 2, NULL, 0, 'E130424-104', '2013-04-24 00:00:00', '2014-10-17', '2013-04-24', 'AE 39/12', 'S', 458.00, 458.00, '', 1, 9, 0.00, 0.00, 0.00, 0.00, NULL, 'Maria', 'N', 'N'),
	(105, 'O130424-57', 105, 103, NULL, NULL, NULL, 'P', NULL, NULL, 0, 'E130424-105', '2013-04-24 00:00:00', '2014-10-16', '2013-04-24', '01/12', 'S', 166.00, 166.00, 'null', 1, 166, 0.00, 0.00, 0.00, 0.00, NULL, 'Maria', 'S', 'N'),
	(106, 'O130424-57', 106, 104, NULL, NULL, NULL, 'P', NULL, NULL, 0, 'E130424-106', '2013-04-24 00:00:00', '2014-10-16', '2013-04-24', '01/12', 'S', 9.00, 9.00, 'null', 1, 9, 0.00, 0.00, 0.00, 0.00, NULL, 'Maria', 'S', 'N');
/*!40000 ALTER TABLE `registroentrada` ENABLE KEYS */;


-- Dumping structure for table tierrina.registroentrada_bulto
CREATE TABLE IF NOT EXISTS `registroentrada_bulto` (
  `codigoEntrada` varchar(20) COLLATE latin1_spanish_ci NOT NULL,
  `numBulto` bigint(20) NOT NULL DEFAULT '0',
  `peso` double(10,2) NOT NULL DEFAULT '0.00',
  `numBultosPalet` bigint(20) NOT NULL DEFAULT '0',
  `pBruto` double(10,2) NOT NULL DEFAULT '0.00',
  `pNeto` double(10,2) NOT NULL DEFAULT '0.00',
  `responsable` varchar(50) COLLATE latin1_spanish_ci DEFAULT '',
  PRIMARY KEY (`codigoEntrada`,`numBulto`)
) ENGINE=InnoDB DEFAULT CHARSET=latin1 COLLATE=latin1_spanish_ci;

-- Dumping data for table tierrina.registroentrada_bulto: ~37 rows (approximately)
DELETE FROM `registroentrada_bulto`;
/*!40000 ALTER TABLE `registroentrada_bulto` DISABLE KEYS */;
INSERT INTO `registroentrada_bulto` (`codigoEntrada`, `numBulto`, `peso`, `numBultosPalet`, `pBruto`, `pNeto`, `responsable`) VALUES
	('E130419-3', 1, 850.45, 20, 1001.00, 1001.00, ''),
	('E130419-3', 2, 850.45, 20, 999.00, 999.00, ''),
	('E130419-3', 3, 850.45, 20, 1000.00, 1000.00, ''),
	('E130419-3', 4, 850.45, 20, 1000.00, 1000.00, ''),
	('E130419-3', 5, 850.45, 20, 1003.00, 1003.00, ''),
	('E130419-3', 6, 850.45, 20, 1001.00, 1001.00, ''),
	('E130419-3', 7, 850.45, 20, 1000.00, 1000.00, ''),
	('E130419-3', 8, 850.45, 20, 998.00, 998.00, ''),
	('E130419-3', 9, 850.45, 20, 1000.00, 1000.00, ''),
	('E130419-3', 10, 850.45, 20, 999.00, 999.00, ''),
	('E130419-3', 11, 850.45, 1, 548.00, 548.00, ''),
	('E130419-3', 12, 850.45, 1, 548.00, 548.00, ''),
	('E130419-3', 13, 850.45, 1, 497.00, 497.00, ''),
	('E130419-3', 14, 850.45, 1, 499.00, 499.00, ''),
	('E130419-3', 15, 850.45, 1, 545.00, 545.00, ''),
	('E130419-3', 16, 850.45, 20, 1002.00, 1002.00, ''),
	('E130419-3', 17, 850.45, 20, 1001.00, 1001.00, ''),
	('E130419-3', 18, 850.45, 20, 999.00, 999.00, ''),
	('E130419-3', 19, 850.45, 20, 1002.00, 1002.00, ''),
	('E130419-3', 20, 850.45, 20, 1000.00, 1000.00, ''),
	('E130419-3', 21, 850.45, 20, 1000.00, 1000.00, ''),
	('E130419-3', 22, 850.45, 2, 100.00, 100.00, ''),
	('E130419-4', 1, 829.67, 20, 996.00, 996.00, ''),
	('E130419-4', 2, 829.67, 20, 999.00, 999.00, ''),
	('E130419-4', 3, 829.67, 10, 499.00, 499.00, ''),
	('E130423-100', 1, 3.00, 0, 3.00, 3.00, ''),
	('E130423-80', 1, 38.00, 0, 38.00, 38.00, ''),
	('E130423-83', 1, 25.00, 0, 25.00, 25.00, ''),
	('E130423-85', 1, 148.00, 0, 148.00, 148.00, ''),
	('E130423-87', 1, 7.00, 0, 7.00, 7.00, ''),
	('E130423-89', 1, 36.00, 0, 36.00, 36.00, ''),
	('E130423-90', 1, 2.00, 0, 2.00, 2.00, ''),
	('E130423-93', 1, 30.00, 0, 30.00, 30.00, ''),
	('E130423-94', 1, 28.00, 0, 28.00, 28.00, ''),
	('E130423-96', 1, 6.00, 0, 6.00, 6.00, ''),
	('E130423-99', 1, 4.00, 0, 4.00, 4.00, ''),
	('E130424-105', 1, 166.00, 0, 166.00, 166.00, '');
/*!40000 ALTER TABLE `registroentrada_bulto` ENABLE KEYS */;


-- Dumping structure for table tierrina.registroentrada_estado
CREATE TABLE IF NOT EXISTS `registroentrada_estado` (
  `idEntrada` bigint(20) NOT NULL DEFAULT '0',
  `idEstado` bigint(20) NOT NULL DEFAULT '0',
  `usuarioResponsable` varchar(100) COLLATE latin1_spanish_ci NOT NULL DEFAULT '',
  PRIMARY KEY (`idEntrada`,`idEstado`)
) ENGINE=InnoDB DEFAULT CHARSET=latin1 COLLATE=latin1_spanish_ci;

-- Dumping data for table tierrina.registroentrada_estado: ~0 rows (approximately)
DELETE FROM `registroentrada_estado`;
/*!40000 ALTER TABLE `registroentrada_estado` DISABLE KEYS */;
/*!40000 ALTER TABLE `registroentrada_estado` ENABLE KEYS */;


-- Dumping structure for table tierrina.registroentrada_estado_tmp
CREATE TABLE IF NOT EXISTS `registroentrada_estado_tmp` (
  `idEntrada` bigint(20) NOT NULL DEFAULT '0',
  `idEstado` bigint(20) NOT NULL DEFAULT '0',
  `usuarioResponsable` varchar(100) COLLATE latin1_spanish_ci NOT NULL DEFAULT '',
  PRIMARY KEY (`idEntrada`,`idEstado`)
) ENGINE=InnoDB DEFAULT CHARSET=latin1 COLLATE=latin1_spanish_ci ROW_FORMAT=FIXED;

-- Dumping data for table tierrina.registroentrada_estado_tmp: ~0 rows (approximately)
DELETE FROM `registroentrada_estado_tmp`;
/*!40000 ALTER TABLE `registroentrada_estado_tmp` DISABLE KEYS */;
/*!40000 ALTER TABLE `registroentrada_estado_tmp` ENABLE KEYS */;


-- Dumping structure for table tierrina.registroentrada_incidencia
CREATE TABLE IF NOT EXISTS `registroentrada_incidencia` (
  `idEntrada` bigint(20) NOT NULL DEFAULT '0',
  `idIncidencia` bigint(20) NOT NULL DEFAULT '0',
  `estado` set('S','N') DEFAULT 'N',
  `usuarioResponsable` varchar(100) NOT NULL DEFAULT '',
  PRIMARY KEY (`idEntrada`,`idIncidencia`),
  KEY `idIncidencia` (`idIncidencia`)
) ENGINE=InnoDB DEFAULT CHARSET=latin1;

-- Dumping data for table tierrina.registroentrada_incidencia: ~0 rows (approximately)
DELETE FROM `registroentrada_incidencia`;
/*!40000 ALTER TABLE `registroentrada_incidencia` DISABLE KEYS */;
/*!40000 ALTER TABLE `registroentrada_incidencia` ENABLE KEYS */;


-- Dumping structure for table tierrina.registroentrada_incidencia_tmp
CREATE TABLE IF NOT EXISTS `registroentrada_incidencia_tmp` (
  `idEntrada` bigint(20) NOT NULL DEFAULT '0',
  `idIncidencia` bigint(20) NOT NULL DEFAULT '0',
  `estado` set('S','N') DEFAULT 'N',
  `usuarioResponsable` varchar(100) NOT NULL DEFAULT '',
  PRIMARY KEY (`idEntrada`,`idIncidencia`),
  KEY `idIncidencia` (`idIncidencia`)
) ENGINE=InnoDB DEFAULT CHARSET=latin1 ROW_FORMAT=FIXED;

-- Dumping data for table tierrina.registroentrada_incidencia_tmp: ~0 rows (approximately)
DELETE FROM `registroentrada_incidencia_tmp`;
/*!40000 ALTER TABLE `registroentrada_incidencia_tmp` DISABLE KEYS */;
/*!40000 ALTER TABLE `registroentrada_incidencia_tmp` ENABLE KEYS */;


-- Dumping structure for table tierrina.registroentrada_subregistro
CREATE TABLE IF NOT EXISTS `registroentrada_subregistro` (
  `idRegistroEntrada` bigint(20) DEFAULT NULL
) ENGINE=MyISAM DEFAULT CHARSET=latin1;

-- Dumping data for table tierrina.registroentrada_subregistro: 0 rows
DELETE FROM `registroentrada_subregistro`;
/*!40000 ALTER TABLE `registroentrada_subregistro` DISABLE KEYS */;
/*!40000 ALTER TABLE `registroentrada_subregistro` ENABLE KEYS */;


-- Dumping structure for table tierrina.registroentrada_tmp
CREATE TABLE IF NOT EXISTS `registroentrada_tmp` (
  `idEntrada` bigint(20) NOT NULL AUTO_INCREMENT,
  `codigoOrden` varchar(20) COLLATE latin1_spanish_ci DEFAULT NULL,
  `idEntradaPadre` bigint(20) DEFAULT NULL,
  `idProducto` bigint(20) DEFAULT '0',
  `idCategoria` bigint(20) DEFAULT NULL,
  `idFormatoEntrega` bigint(20) DEFAULT NULL,
  `idCosecha` bigint(20) DEFAULT NULL,
  `idTipoRegistro` char(1) COLLATE latin1_spanish_ci DEFAULT NULL,
  `idCategoriaEntrada` bigint(20) DEFAULT NULL,
  `idEnvase` bigint(20) DEFAULT '0',
  `idClienteDevolucion` bigint(20) DEFAULT '0',
  `codigoEntrada` varchar(25) COLLATE latin1_spanish_ci DEFAULT NULL,
  `fecha` datetime DEFAULT NULL,
  `fechaCaducidad` date DEFAULT NULL,
  `fechaLlegada` date DEFAULT NULL,
  `lote` varchar(50) COLLATE latin1_spanish_ci DEFAULT NULL,
  `habilitado` char(1) COLLATE latin1_spanish_ci NOT NULL DEFAULT 'S',
  `cantidad` double(10,2) DEFAULT NULL,
  `saldo` double(10,2) DEFAULT NULL,
  `notasincidencias` longtext COLLATE latin1_spanish_ci,
  `numeroPallets` bigint(20) DEFAULT NULL,
  `numeroBultos` bigint(20) DEFAULT NULL,
  `temperatura` float(10,2) NOT NULL DEFAULT '0.00',
  `humedad` double(10,2) NOT NULL DEFAULT '0.00',
  `costoUnitario` double(10,2) DEFAULT NULL,
  `costoTotal` double(10,2) DEFAULT NULL,
  `idTipoUbicacion` bigint(20) DEFAULT NULL,
  `usuarioResponsable` varchar(20) COLLATE latin1_spanish_ci DEFAULT NULL,
  `listoDistribuir` char(1) COLLATE latin1_spanish_ci NOT NULL DEFAULT 'N',
  `reaprovechar` char(1) COLLATE latin1_spanish_ci NOT NULL DEFAULT 'N',
  PRIMARY KEY (`idEntrada`),
  KEY `idProducto` (`idProducto`),
  KEY `idCategoria` (`idCategoria`),
  KEY `idFormatoEntrega` (`idFormatoEntrega`)
) ENGINE=InnoDB AUTO_INCREMENT=280 DEFAULT CHARSET=latin1 COLLATE=latin1_spanish_ci ROW_FORMAT=DYNAMIC;

-- Dumping data for table tierrina.registroentrada_tmp: ~0 rows (approximately)
DELETE FROM `registroentrada_tmp`;
/*!40000 ALTER TABLE `registroentrada_tmp` DISABLE KEYS */;
/*!40000 ALTER TABLE `registroentrada_tmp` ENABLE KEYS */;


-- Dumping structure for table tierrina.registrosalida
CREATE TABLE IF NOT EXISTS `registrosalida` (
  `idRegistroSalida` bigint(20) NOT NULL DEFAULT '0',
  `idAlbaran` bigint(20) DEFAULT NULL,
  `idCliente_idUsuario` bigint(20) DEFAULT NULL,
  `idCliente` bigint(20) DEFAULT NULL,
  `idProducto` bigint(20) NOT NULL DEFAULT '0',
  `idVehiculo` bigint(20) DEFAULT NULL,
  `idComercial` bigint(20) DEFAULT NULL,
  `codigoSalida` varchar(20) COLLATE latin1_spanish_ci DEFAULT NULL,
  `codigoEntrada` varchar(20) COLLATE latin1_spanish_ci DEFAULT NULL,
  `fecha` date DEFAULT NULL,
  `fechaCaducidad` date DEFAULT NULL,
  `pesoNeto` double(10,2) DEFAULT NULL,
  `pesoBruto` double(10,2) DEFAULT NULL,
  `numeroBultos` bigint(20) DEFAULT NULL,
  `cantidad` double(10,2) DEFAULT NULL,
  `cantidadUnitaria` double(10,2) DEFAULT NULL,
  `precioUnitario` double(10,2) DEFAULT NULL,
  `habilitado` char(1) COLLATE latin1_spanish_ci DEFAULT 'S',
  `destino` varchar(50) COLLATE latin1_spanish_ci DEFAULT NULL,
  `albaran` bigint(20) DEFAULT NULL,
  `notasvehiculo` longtext COLLATE latin1_spanish_ci,
  `notasincidencias` longtext COLLATE latin1_spanish_ci,
  `notasinstrucciones` longtext COLLATE latin1_spanish_ci,
  `usuarioResponsable` varchar(20) COLLATE latin1_spanish_ci DEFAULT NULL,
  PRIMARY KEY (`idRegistroSalida`),
  KEY `FK3EA1C7FB320777C` (`idCliente_idUsuario`),
  KEY `idVehiculo` (`idVehiculo`)
) ENGINE=InnoDB DEFAULT CHARSET=latin1 COLLATE=latin1_spanish_ci;

-- Dumping data for table tierrina.registrosalida: ~12 rows (approximately)
DELETE FROM `registrosalida`;
/*!40000 ALTER TABLE `registrosalida` DISABLE KEYS */;
INSERT INTO `registrosalida` (`idRegistroSalida`, `idAlbaran`, `idCliente_idUsuario`, `idCliente`, `idProducto`, `idVehiculo`, `idComercial`, `codigoSalida`, `codigoEntrada`, `fecha`, `fechaCaducidad`, `pesoNeto`, `pesoBruto`, `numeroBultos`, `cantidad`, `cantidadUnitaria`, `precioUnitario`, `habilitado`, `destino`, `albaran`, `notasvehiculo`, `notasincidencias`, `notasinstrucciones`, `usuarioResponsable`) VALUES
	(1, 1, NULL, 0, 167, NULL, NULL, 'S20130424-1', NULL, '2013-04-24', NULL, 300.00, NULL, 1, 12.00, 12.00, 2.70, 'S', NULL, NULL, NULL, NULL, NULL, NULL),
	(2, 2, NULL, 0, 114, NULL, NULL, 'S20130424-2', NULL, '2013-04-24', NULL, 0.50, NULL, 1, 7.00, 1.00, 6.63, 'S', NULL, NULL, NULL, NULL, NULL, NULL),
	(3, 2, NULL, 0, 141, NULL, NULL, 'S20130424-3', NULL, '2013-04-24', NULL, 0.50, NULL, 1, 7.00, 1.00, 6.63, 'S', NULL, NULL, NULL, NULL, NULL, NULL),
	(4, 2, NULL, 0, 206, NULL, NULL, 'S20130424-4', NULL, '2013-04-24', NULL, 1.00, NULL, 1, 7.00, 2.00, 5.28, 'S', NULL, NULL, NULL, NULL, NULL, NULL),
	(5, 2, NULL, 0, 207, NULL, NULL, 'S20130424-5', NULL, '2013-04-24', NULL, 0.35, NULL, 1, 7.00, 1.00, 2.47, 'S', NULL, NULL, NULL, NULL, NULL, NULL),
	(6, 2, NULL, 0, 66, NULL, NULL, 'S20130424-6', NULL, '2013-04-24', NULL, 1.00, NULL, 1, 7.00, 1.00, 10.16, 'S', NULL, NULL, NULL, NULL, NULL, NULL),
	(7, 2, NULL, 0, 72, NULL, NULL, 'S20130424-7', NULL, '2013-04-24', NULL, 12.00, NULL, 1, 7.00, 1.00, 1.00, 'S', NULL, NULL, NULL, NULL, NULL, NULL),
	(8, 3, NULL, 0, 100, NULL, NULL, 'S20130424-8', NULL, '2013-04-24', NULL, 15.00, NULL, 1, 6.00, 1.00, 1.25, 'S', NULL, NULL, NULL, NULL, NULL, NULL),
	(9, 3, NULL, 0, 175, NULL, NULL, 'S20130424-9', NULL, '2013-04-24', NULL, 30.00, NULL, 1, 6.00, 2.00, 4.98, 'S', NULL, NULL, NULL, NULL, NULL, NULL),
	(10, 3, NULL, 0, 82, NULL, NULL, 'S20130424-10', NULL, '2013-04-24', NULL, 30.00, NULL, 1, 6.00, 2.00, 1.90, 'S', NULL, NULL, NULL, NULL, NULL, NULL),
	(11, 3, NULL, 0, 57, NULL, NULL, 'S20130424-11', NULL, '2013-04-24', NULL, 15.00, NULL, 1, 6.00, 1.00, 7.50, 'S', NULL, NULL, NULL, NULL, NULL, NULL),
	(12, 4, NULL, 0, 67, NULL, NULL, 'S20130424-12', NULL, '2013-04-24', NULL, 20.00, NULL, 1, 2.00, 2.00, 18.75, 'S', NULL, NULL, NULL, NULL, NULL, NULL);
/*!40000 ALTER TABLE `registrosalida` ENABLE KEYS */;


-- Dumping structure for table tierrina.registrosalida_producto
CREATE TABLE IF NOT EXISTS `registrosalida_producto` (
  `REGISTROSALIDA_idRegistroSalida` bigint(20) NOT NULL DEFAULT '0',
  `productoBeans_idProducto` bigint(20) NOT NULL DEFAULT '0',
  KEY `FK39A6F524143C40D6` (`REGISTROSALIDA_idRegistroSalida`),
  KEY `FK39A6F52463A6D157` (`productoBeans_idProducto`)
) ENGINE=MyISAM DEFAULT CHARSET=latin1;

-- Dumping data for table tierrina.registrosalida_producto: 0 rows
DELETE FROM `registrosalida_producto`;
/*!40000 ALTER TABLE `registrosalida_producto` DISABLE KEYS */;
/*!40000 ALTER TABLE `registrosalida_producto` ENABLE KEYS */;


-- Dumping structure for table tierrina.registroubicacion
CREATE TABLE IF NOT EXISTS `registroubicacion` (
  `idRegistroUbicacion` bigint(20) NOT NULL DEFAULT '0',
  `idUbicacion` int(8) unsigned DEFAULT NULL,
  `idRegistro` bigint(20) unsigned DEFAULT NULL,
  `codigoEntrada` varchar(100) DEFAULT NULL,
  `responsable` varchar(100) DEFAULT NULL,
  PRIMARY KEY (`idRegistroUbicacion`)
) ENGINE=MyISAM DEFAULT CHARSET=latin1;

-- Dumping data for table tierrina.registroubicacion: 0 rows
DELETE FROM `registroubicacion`;
/*!40000 ALTER TABLE `registroubicacion` DISABLE KEYS */;
/*!40000 ALTER TABLE `registroubicacion` ENABLE KEYS */;


-- Dumping structure for table tierrina.registroubicacion_tmp
CREATE TABLE IF NOT EXISTS `registroubicacion_tmp` (
  `idRegistroUbicacion` bigint(20) NOT NULL DEFAULT '0',
  `idUbicacion` int(8) unsigned DEFAULT NULL,
  `idRegistro` bigint(20) unsigned DEFAULT NULL,
  `codigoEntrada` varchar(100) DEFAULT NULL,
  `responsable` varchar(100) DEFAULT NULL,
  PRIMARY KEY (`idRegistroUbicacion`)
) ENGINE=MyISAM DEFAULT CHARSET=latin1;

-- Dumping data for table tierrina.registroubicacion_tmp: 0 rows
DELETE FROM `registroubicacion_tmp`;
/*!40000 ALTER TABLE `registroubicacion_tmp` DISABLE KEYS */;
/*!40000 ALTER TABLE `registroubicacion_tmp` ENABLE KEYS */;


-- Dumping structure for table tierrina.registro_ubicacion
CREATE TABLE IF NOT EXISTS `registro_ubicacion` (
  `idRegistroUbicacion` bigint(20) unsigned DEFAULT NULL,
  `idRegistro` bigint(20) unsigned DEFAULT NULL,
  `idUbicacion` bigint(20) unsigned DEFAULT NULL,
  `responsable` varchar(50) DEFAULT NULL
) ENGINE=MyISAM DEFAULT CHARSET=latin1;

-- Dumping data for table tierrina.registro_ubicacion: 0 rows
DELETE FROM `registro_ubicacion`;
/*!40000 ALTER TABLE `registro_ubicacion` DISABLE KEYS */;
/*!40000 ALTER TABLE `registro_ubicacion` ENABLE KEYS */;


-- Dumping structure for table tierrina.requisito_homologacion
CREATE TABLE IF NOT EXISTS `requisito_homologacion` (
  `idRequisito` bigint(20) NOT NULL DEFAULT '0',
  `nombre` varchar(200) NOT NULL DEFAULT '',
  PRIMARY KEY (`idRequisito`)
) ENGINE=MyISAM DEFAULT CHARSET=latin1;

-- Dumping data for table tierrina.requisito_homologacion: 5 rows
DELETE FROM `requisito_homologacion`;
/*!40000 ALTER TABLE `requisito_homologacion` DISABLE KEYS */;
INSERT INTO `requisito_homologacion` (`idRequisito`, `nombre`) VALUES
	(0, 'No aplica'),
	(1, 'Fotocopia de Registro Sanitario'),
	(2, 'Carta de compromiso de transporte en condiciones controladas: modelo de registro R03-P02'),
	(3, 'Certificación de poseer y aplicar APPCC y/o fotocopia de otros certificados de Calidad (ISO 9000, 14000, etc.)'),
	(4, 'Inscripción en el Registro del Consejo Regulador');
/*!40000 ALTER TABLE `requisito_homologacion` ENABLE KEYS */;


-- Dumping structure for table tierrina.rol
CREATE TABLE IF NOT EXISTS `rol` (
  `idRol` bigint(20) NOT NULL AUTO_INCREMENT,
  `nombre` varchar(255) CHARACTER SET latin1 DEFAULT NULL,
  `descripcion` varchar(255) CHARACTER SET latin1 DEFAULT NULL,
  `usuario_idUsuario` bigint(20) DEFAULT NULL,
  PRIMARY KEY (`idRol`),
  KEY `FK13DAF42275F90` (`usuario_idUsuario`)
) ENGINE=InnoDB AUTO_INCREMENT=6 DEFAULT CHARSET=latin1 COLLATE=latin1_spanish_ci;

-- Dumping data for table tierrina.rol: ~5 rows (approximately)
DELETE FROM `rol`;
/*!40000 ALTER TABLE `rol` DISABLE KEYS */;
INSERT INTO `rol` (`idRol`, `nombre`, `descripcion`, `usuario_idUsuario`) VALUES
	(1, 'Cliente', 'cliente del sistema', NULL),
	(2, 'Proveedor', 'proveedor del sistema', NULL),
	(3, 'administrador', 'administrador del sistema', NULL),
	(4, 'usuario', 'usuario del sistema', NULL),
	(5, 'comercial', 'comercial de autoventa', NULL);
/*!40000 ALTER TABLE `rol` ENABLE KEYS */;


-- Dumping structure for table tierrina.rolacceso
CREATE TABLE IF NOT EXISTS `rolacceso` (
  `idRol` bigint(20) unsigned DEFAULT NULL,
  `accion` varchar(200) DEFAULT NULL
) ENGINE=MyISAM DEFAULT CHARSET=latin1;

-- Dumping data for table tierrina.rolacceso: 0 rows
DELETE FROM `rolacceso`;
/*!40000 ALTER TABLE `rolacceso` DISABLE KEYS */;
/*!40000 ALTER TABLE `rolacceso` ENABLE KEYS */;


-- Dumping structure for table tierrina.ruta
CREATE TABLE IF NOT EXISTS `ruta` (
  `idRuta` bigint(20) NOT NULL DEFAULT '0',
  `nombre` varchar(50) DEFAULT NULL,
  `idComercialDefecto` int(10) DEFAULT NULL,
  PRIMARY KEY (`idRuta`)
) ENGINE=MyISAM DEFAULT CHARSET=latin1;

-- Dumping data for table tierrina.ruta: 1 rows
DELETE FROM `ruta`;
/*!40000 ALTER TABLE `ruta` DISABLE KEYS */;
INSERT INTO `ruta` (`idRuta`, `nombre`, `idComercialDefecto`) VALUES
	(1, 'Horacio Cuervo Alonso', 8);
/*!40000 ALTER TABLE `ruta` ENABLE KEYS */;


-- Dumping structure for table tierrina.rutavehiculo
CREATE TABLE IF NOT EXISTS `rutavehiculo` (
  `idOrden` bigint(20) NOT NULL DEFAULT '0',
  `idTransportista` bigint(20) DEFAULT NULL,
  `idVehiculo` bigint(20) DEFAULT NULL,
  `idEstado` bigint(20) DEFAULT NULL,
  `codigoOrden` tinyint(3) DEFAULT NULL,
  `codigoSalida` varchar(20) DEFAULT NULL,
  `fecha` tinyint(3) DEFAULT NULL,
  `horainicio` tinyint(3) DEFAULT NULL,
  `horafin` varchar(50) DEFAULT NULL,
  `kminicio` double(10,2) DEFAULT NULL,
  `kmfinal` double(10,2) DEFAULT NULL,
  `salida` varchar(150) DEFAULT NULL,
  `llegada` varchar(20) DEFAULT NULL,
  `notasIniciales` text,
  `notasFinales` text,
  `usuarioReponsable` varchar(20) DEFAULT NULL,
  PRIMARY KEY (`idOrden`)
) ENGINE=MyISAM DEFAULT CHARSET=latin1;

-- Dumping data for table tierrina.rutavehiculo: 0 rows
DELETE FROM `rutavehiculo`;
/*!40000 ALTER TABLE `rutavehiculo` DISABLE KEYS */;
/*!40000 ALTER TABLE `rutavehiculo` ENABLE KEYS */;


-- Dumping structure for table tierrina.sector
CREATE TABLE IF NOT EXISTS `sector` (
  `idSector` bigint(20) NOT NULL AUTO_INCREMENT,
  `nombre` varchar(50) NOT NULL DEFAULT '',
  PRIMARY KEY (`idSector`)
) ENGINE=MyISAM AUTO_INCREMENT=16 DEFAULT CHARSET=latin1;

-- Dumping data for table tierrina.sector: 7 rows
DELETE FROM `sector`;
/*!40000 ALTER TABLE `sector` DISABLE KEYS */;
INSERT INTO `sector` (`idSector`, `nombre`) VALUES
	(1, 'HORECA'),
	(2, 'Tienda tradicional'),
	(3, 'Cadena de supermercados'),
	(4, 'Distribuidores'),
	(6, 'No aplica'),
	(7, 'Fabricas'),
	(8, 'Cliente online');
/*!40000 ALTER TABLE `sector` ENABLE KEYS */;


-- Dumping structure for table tierrina.secuencial_lote
CREATE TABLE IF NOT EXISTS `secuencial_lote` (
  `idSecuencial` bigint(20) NOT NULL AUTO_INCREMENT,
  `valorSecuencial` bigint(20) DEFAULT NULL,
  PRIMARY KEY (`idSecuencial`)
) ENGINE=MyISAM DEFAULT CHARSET=latin1;

-- Dumping data for table tierrina.secuencial_lote: 0 rows
DELETE FROM `secuencial_lote`;
/*!40000 ALTER TABLE `secuencial_lote` DISABLE KEYS */;
/*!40000 ALTER TABLE `secuencial_lote` ENABLE KEYS */;


-- Dumping structure for table tierrina.telefono
CREATE TABLE IF NOT EXISTS `telefono` (
  `idTelefono` bigint(20) NOT NULL AUTO_INCREMENT,
  `numeroTelefono` varchar(255) DEFAULT NULL,
  `idUsuario` bigint(20) NOT NULL DEFAULT '0',
  `tipoTelefono` varchar(100) NOT NULL DEFAULT '0',
  `notas` varchar(255) NOT NULL DEFAULT '',
  PRIMARY KEY (`idTelefono`),
  KEY `FKDD8E5AF4918B1F06` (`idUsuario`)
) ENGINE=MyISAM AUTO_INCREMENT=516 DEFAULT CHARSET=latin1;

-- Dumping data for table tierrina.telefono: 333 rows
DELETE FROM `telefono`;
/*!40000 ALTER TABLE `telefono` DISABLE KEYS */;
INSERT INTO `telefono` (`idTelefono`, `numeroTelefono`, `idUsuario`, `tipoTelefono`, `notas`) VALUES
	(219, '985316804', 1, 'Otro', 'Responsable de Fabricación'),
	(218, '985321815', 1, 'Otro', 'Responsable de Fabricación'),
	(223, '91 660 81 74', 2, 'Fax del trabajo', ''),
	(222, '91 660 21 00', 2, 'Trabajo', ''),
	(224, '917306666', 3, 'Otro', ''),
	(231, '965489192', 4, 'Fax del trabajo', ''),
	(230, '965489191', 4, 'Trabajo', 'Responsable de Compras'),
	(228, '935444010', 5, 'Fax del trabajo', ''),
	(227, '935444000', 5, 'Trabajo', ''),
	(226, '954488257', 6, 'Fax del trabajo', ''),
	(225, '954930783', 6, 'Trabajo', ''),
	(236, '925418281', 7, 'Trabajo', ''),
	(238, '962818256', 8, 'null', ''),
	(237, '629990188', 8, 'null', ''),
	(18, '653867118', 9, 'Trabajo', 'Paco Botas - Jefe Compras y Cocina'),
	(19, '985166060', 9, 'Telefono de la empresa', ''),
	(240, '985307553', 10, 'Fax del trabajo', ''),
	(239, '985307132', 10, 'Casa', ''),
	(287, '609423984', 11, 'Movil', 'Pepe-Jesus - Gerente'),
	(285, '942524278', 11, 'Trabajo', 'Pepe-Jesus - Gerente'),
	(286, '942524386', 11, 'Fax del trabajo', ''),
	(248, '985168857', 12, 'Trabajo', ''),
	(250, '942660098', 13, 'Fax del trabajo', ''),
	(249, '942660086', 13, 'Trabajo', 'Compras'),
	(258, '619406487', 14, 'null', 'Olga - Jefe compras'),
	(257, '985791301', 14, 'null', ''),
	(253, '985520430', 15, 'Trabajo', 'Antonio - Gerente'),
	(263, '985794215', 16, 'Trabajo', ''),
	(262, '985792547', 16, 'Fax del trabajo', ''),
	(252, '913690493', 17, 'Fax del trabajo', ''),
	(251, '913690250', 17, 'Trabajo', 'Ismael Rodriguez - Gerente'),
	(38, '985402315', 18, 'Trabajo', 'Luisma - Gerente'),
	(260, '944495104', 19, 'Trabajo', 'Gerente'),
	(266, '985846097', 20, 'Trabajo', 'Jose del Valle - Jefe Cocina'),
	(268, '914018500', 21, 'null', ''),
	(267, '914016229', 21, 'null', 'Paquita - Contabilidad Proveedores'),
	(270, '985837481', 22, 'Fax del trabajo', ''),
	(269, '985837701', 22, 'Trabajo', 'Jefa Compras'),
	(272, '985744519', 23, 'Fax del trabajo', ''),
	(271, '985740079', 23, 'Trabajo', 'Carmen - Compras'),
	(274, '985800224', 24, 'Fax del trabajo', ''),
	(273, '985800706', 24, 'Casa', 'Graciela - Jose Manuel - Jefe compras'),
	(276, '985800674', 25, 'Fax del trabajo', ''),
	(275, '985800174', 25, 'Trabajo', 'Sonia, Gerente, Compras'),
	(278, '985263126', 26, 'Fax del trabajo', ''),
	(277, '985260251', 26, 'Trabajo', 'Jefa Compras'),
	(282, '985898052', 38, 'Trabajo', 'José Antonio -Maite, Jefes de Ventas'),
	(281, '985898078', 38, 'Fax del trabajo', ''),
	(56, '982140351', 28, 'Fax del trabajo', ''),
	(57, '982140196', 28, 'Trabajo', ''),
	(58, '985123259', 29, 'Trabajo', ''),
	(59, '985849566', 30, 'Fax del trabajo', ''),
	(60, '985849445', 30, 'Trabajo', ''),
	(289, '942262585', 31, 'Fax del trabajo', ''),
	(288, '942262568', 31, 'Trabajo', ''),
	(63, '00 1 310 5395989', 32, 'Fax del trabajo', ''),
	(64, '00-1-310 5390455', 32, 'Casa', 'Mari Carmen Faraone - Jefa compras'),
	(290, '985793987', 33, 'Trabajo', 'Gerente'),
	(413, '629806033', 67, 'Movil', ''),
	(335, '639182879', 34, 'null', ''),
	(334, '916704638', 34, 'null', ''),
	(69, '0', 35, 'Trabajo', 'Juan Carlos Barrios - Gerente'),
	(70, '00 591 33433630', 36, 'Trabajo', 'Nelson Pérez - Gerente'),
	(280, '985898052', 38, 'Trabajo', 'Jose Antonio-Maite - Gerente'),
	(279, '605240951', 38, 'Trabajo', 'Jose Antonio-Maite - Gerente'),
	(74, '985641227', 39, 'Trabajo', 'Kin'),
	(75, '0059176635960', 42, 'Trabajo', 'Fanny Cárdenas - Gerente'),
	(76, '0059139462141', 42, 'Trabajo', ''),
	(299, '630988771', 43, 'Trabajo', ''),
	(78, '630187682', 44, 'Trabajo', 'Manuel - Gerente'),
	(79, '985 470475', 46, 'null', ''),
	(80, '985 470475', 46, 'null', ''),
	(81, '647 575 078', 46, 'null', 'Jose Manuel García - Gerente'),
	(261, '985794215', 16, 'Trabajo', ''),
	(83, '985325784', 48, 'Trabajo', ''),
	(84, '985268175', 50, 'Fax del trabajo', ''),
	(85, '985266211', 50, 'Trabajo', ''),
	(86, '900100000', 51, 'Otro', ''),
	(87, '985551011', 51, 'Trabajo', ''),
	(88, '985263663', 53, 'Trabajo', ''),
	(89, '972357015', 54, 'Trabajo', 'Jose María Vázquez - Gerente'),
	(90, '972357', 54, 'Fax del trabajo', ''),
	(91, '625 348 700', 60, 'null', 'Antonio Albornoz - Gerente'),
	(92, '985206103', 60, 'null', ''),
	(93, '985207607', 60, 'null', ''),
	(94, '985985070', 56, 'Trabajo', ''),
	(95, '973 560 231', 57, 'Trabajo', 'David - Comercial'),
	(96, '608821116', 58, 'Movil', 'Paqui - Responsable de ventas'),
	(97, '965636537', 58, 'Trabajo', ''),
	(98, '983313400', 59, 'Fax del trabajo', ''),
	(99, '983313339', 59, 'Trabajo', 'Antonio - María'),
	(100, '625 348 700', 60, 'null', 'Antonio Albornoz - Gerente'),
	(101, '985206103', 60, 'null', ''),
	(102, '985207607', 60, 'null', ''),
	(103, '98628993 ', 61, 'Trabajo', ''),
	(104, '986288994', 61, 'Fax del trabajo', ''),
	(105, '607 209 163', 61, 'Movil', 'Manuel García - Gerente'),
	(106, '968 687 519', 62, 'Trabajo', 'Ignacio Ansotegui - Representante zona norte'),
	(108, '968690552', 62, 'Fax del trabajo', ''),
	(294, '985267171', 73, 'Telefono de la empresa', ''),
	(164, '606998268', 86, 'Movil', 'jesus'),
	(163, '902112507', 86, 'Telefono de la empresa', 'generico'),
	(162, '985744795', 86, 'Fax del trabajo', ''),
	(161, '985743673', 86, 'Telefono de la empresa', 'asturias'),
	(306, '942508243', 101, 'Telefono de la empresa', ''),
	(166, '982121338', 113, 'Casa', ''),
	(167, '680459994', 120, 'Movil', ''),
	(332, '626596451', 130, 'Movil', ''),
	(329, '985646760', 138, 'null', ''),
	(339, '608511513', 139, 'Movil', ''),
	(338, '966726550', 139, 'Telefono de la empresa', ''),
	(340, '985985244', 140, 'Telefono de la empresa', ''),
	(342, '985343255', 144, 'Telefono de la empresa', ''),
	(297, '985450324', 153, 'Telefono de la empresa', ''),
	(233, '916919133', 164, 'Fax del trabajo', ''),
	(176, '659551780', 167, 'null', ''),
	(185, '985 551811', 171, 'Trabajo', ''),
	(186, '942838352', 172, 'Trabajo', ''),
	(202, '985634953', 173, 'Casa', ''),
	(427, '985261694', 277, 'Fax del trabajo', ''),
	(247, '985345146', 12, 'Trabajo', ''),
	(209, '981 721765', 175, 'Telefono de la empresa', ''),
	(212, '985792780', 179, 'Trabajo', ''),
	(324, '985265836', 121, 'Telefono de la empresa', ''),
	(214, '985634640', 181, 'null', ''),
	(215, '629742073', 182, 'null', ''),
	(385, '987641127', 183, 'null', ''),
	(217, '985740083', 184, 'Telefono de la empresa', ''),
	(220, '985321658', 1, 'Fax del trabajo', ''),
	(221, '938990720', 185, 'Telefono de la empresa', ''),
	(229, '937739700', 5, 'Trabajo', ''),
	(234, '916918910', 164, 'Telefono de la empresa', ''),
	(254, '985143244', 188, 'Telefono de la empresa', ''),
	(255, '985182708', 189, 'Telefono de la empresa', ''),
	(256, '982243711', 64, 'Telefono de la empresa', ''),
	(259, '985794840', 14, 'null', ''),
	(264, '629733580', 16, 'Movil', ''),
	(283, '605240951', 38, 'Movil', ''),
	(284, '985898078', 38, 'Fax del trabajo', ''),
	(291, '916280732', 68, 'Telefono de la empresa', ''),
	(292, '902209920', 195, 'Telefono de la empresa', ''),
	(293, '985885010', 70, 'Telefono de la empresa', ''),
	(295, '985849277', 76, 'Telefono de la empresa', ''),
	(296, '985212569', 152, 'Telefono de la empresa', ''),
	(298, '987644324', 156, 'Telefono de la empresa', ''),
	(389, '917797200', 88, 'Telefono de la empresa', ''),
	(301, '918880330', 93, 'Telefono de la empresa', ''),
	(302, '985849402', 94, 'Telefono de la empresa', ''),
	(303, '985370511', 95, 'Telefono de la empresa', ''),
	(304, '666070701', 199, 'Movil', ''),
	(305, '985407376', 98, 'Telefono de la empresa', ''),
	(308, '606377062', 202, 'Movil', ''),
	(309, '915042185', 102, 'Telefono de la empresa', ''),
	(310, '988243332', 203, 'Telefono de la empresa', ''),
	(311, '670792623', 204, 'Movil', ''),
	(312, '985768481', 204, 'Telefono de la empresa', ''),
	(313, '985810316', 205, 'Telefono de la empresa', ''),
	(314, '664225285', 206, 'Movil', ''),
	(315, '673185786', 208, 'Trabajo', 'Contab.'),
	(316, '985840991', 111, 'Telefono de la empresa', ''),
	(317, '985841072', 114, 'Telefono de la empresa', ''),
	(318, '985792200', 116, 'Telefono de la empresa', ''),
	(319, '987781085', 209, 'Telefono de la empresa', ''),
	(333, '662290048', 34, 'null', ''),
	(325, '952215827', 211, 'Telefono de la empresa', ''),
	(326, '985947775', 124, 'Telefono de la empresa', ''),
	(327, '983357005', 212, 'Telefono de la empresa', ''),
	(328, '985706186', 213, 'Telefono de la empresa', ''),
	(330, '928811868', 128, 'Telefono de la empresa', ''),
	(331, '985518613', 100, 'Telefono de la empresa', ''),
	(336, '915591014', 215, 'Telefono de la empresa', ''),
	(337, '670799463', 215, 'Movil', ''),
	(341, '952381515', 216, 'Telefono de la empresa', ''),
	(343, '986872884', 227, 'Telefono de la empresa', ''),
	(344, '953651072', 229, 'Telefono de la empresa', ''),
	(345, '986526062', 232, 'Telefono de la empresa', ''),
	(346, '981574239', 233, 'Telefono de la empresa', ''),
	(347, '636493425', 234, 'Movil', '(Beatriz)'),
	(348, '651615929', 235, 'Movil', 'Lorenzo'),
	(388, '985266204', 237, 'Fax del trabajo', ''),
	(387, '985267128', 237, 'Telefono de la empresa', ''),
	(352, '985112280', 112, 'Telefono de la empresa', ''),
	(353, '985367378', 126, 'Telefono de la empresa', ''),
	(354, '985275799', 127, 'Telefono de la empresa', ''),
	(355, '618173058', 238, 'Movil', ''),
	(356, '985470697', 238, 'Casa', ''),
	(357, '953270262', 108, 'Telefono de la empresa', ''),
	(376, '956534434', 79, 'Fax del trabajo', ''),
	(375, '956531929', 79, 'Telefono de la empresa', ''),
	(360, '985223919', 109, 'Telefono de la empresa', ''),
	(361, '985112317', 190, 'Telefono de la empresa', ''),
	(362, '985128600', 191, 'Telefono de la empresa', ''),
	(363, '985794323', 162, 'Fax del trabajo', ''),
	(364, '985794649', 162, 'Telefono de la empresa', ''),
	(365, '985741347', 65, 'Telefono de la empresa', ''),
	(366, '985107300', 163, 'Telefono de la empresa', ''),
	(367, '985400900', 147, 'Telefono de la empresa', ''),
	(368, '985846054', 72, 'Telefono de la empresa', ''),
	(369, '918872913', 198, 'Telefono de la empresa', ''),
	(370, '925269100', 74, 'Telefono de la empresa', ''),
	(371, '985843700', 75, 'Telefono de la empresa', ''),
	(372, '985475602', 150, 'Telefono de la empresa', ''),
	(373, '985849313', 151, 'Telefono de la empresa', ''),
	(374, '946743300', 78, 'Telefono de la empresa', ''),
	(377, '987603012', 81, 'Telefono de la empresa', ''),
	(378, '949208119', 80, 'Telefono de la empresa', ''),
	(379, '916434028', 97, 'Telefono de la empresa', ''),
	(380, '985740276', 87, 'Telefono de la empresa', ''),
	(381, '985821162', 104, 'Telefono de la empresa', ''),
	(382, '985860839', 207, 'Telefono de la empresa', ''),
	(383, '985216452', 110, 'Telefono de la empresa', ''),
	(384, '985520512', 220, 'Telefono de la empresa', ''),
	(386, '649701863', 239, 'Movil', ''),
	(390, '987632020', 240, 'Fax del trabajo', ''),
	(391, '987605918', 240, 'Telefono de la empresa', ''),
	(392, '699102251', 138, 'Movil', ''),
	(393, '985301837', 242, 'Telefono de la empresa', ''),
	(394, '606377062', 183, 'Movil', ''),
	(395, '985475593', 243, 'Casa', ''),
	(396, '982146224', 244, 'Casa', ''),
	(397, '606090430', 245, 'Movil', ''),
	(398, '985630281', 174, 'Casa', ''),
	(399, '699704313', 246, 'Movil', ''),
	(400, '985641227', 246, 'Casa', ''),
	(401, '608470476', 247, 'Movil', ''),
	(402, '985979315', 247, 'Casa', ''),
	(403, '620436496', 248, 'Movil', ''),
	(404, '629022947', 249, 'Movil', ''),
	(405, '676498296', 250, 'Movil', ''),
	(406, '982146177', 250, 'Casa', ''),
	(407, '982146077', 251, 'Casa', ''),
	(408, '605290291', 254, 'Movil', ''),
	(409, '985634865', 255, 'Casa', ''),
	(410, '676221161', 261, 'Movil', ''),
	(411, '985820868', 261, 'Telefono de la empresa', ''),
	(412, '944839220', 264, 'Telefono de la empresa', ''),
	(414, '985640698', 267, 'null', ''),
	(415, '649592004', 268, 'Movil', 'Javier Montoto'),
	(416, '607579149', 269, 'Telefono de la empresa', ''),
	(417, '935099069', 269, 'Movil', ''),
	(421, '972500562', 270, 'Telefono de la empresa', ''),
	(422, '985301837', 272, 'Telefono de la empresa', ''),
	(423, '648070988', 273, 'Movil', ''),
	(424, '985621337', 273, 'Telefono de la empresa', ''),
	(425, '985118807', 274, 'Telefono de la empresa', ''),
	(426, '985530808', 275, 'Telefono de la empresa', ''),
	(428, '985264574', 277, 'Telefono de la empresa', ''),
	(429, '985640038', 279, 'Casa', ''),
	(430, '669343795', 279, 'Movil', ''),
	(431, '981605024', 202, 'Telefono de la empresa', ''),
	(432, '985612862', 202, 'Fax del trabajo', ''),
	(433, '985 623953', 280, 'Trabajo', ''),
	(434, '983456793', 272, 'Trabajo', ''),
	(435, '985475036', 281, 'Trabajo', ''),
	(436, '636960431', 282, 'Movil', ''),
	(437, '985647103', 282, 'Casa', ''),
	(438, '620412195', 283, 'Movil', ''),
	(439, '660660425', 177, 'Movil', ''),
	(440, '649287417', 284, 'Movil', ''),
	(441, '985 926212', 284, 'Trabajo', ''),
	(442, '985 924594', 285, 'Casa', ''),
	(443, '985118002', 286, 'Fax del trabajo', ''),
	(444, '985119091', 286, 'Telefono de la empresa', ''),
	(445, '985478389', 287, 'Casa', ''),
	(446, '659088960', 288, 'Movil', ''),
	(447, '925358004', 43, 'Telefono de la empresa', ''),
	(448, '985799560', 289, 'Trabajo', ''),
	(449, '918551752', 290, 'Telefono de la empresa', ''),
	(450, '975340222', 291, 'Telefono de la empresa', ''),
	(452, '910502609', 293, 'Telefono de la empresa', ''),
	(453, '954852735', 137, 'Telefono de la empresa', ''),
	(454, '608070976', 294, 'Movil', ''),
	(455, '925510123', 297, 'Telefono de la empresa', ''),
	(456, '985634467', 298, 'Casa', ''),
	(457, '608575163', 299, 'Movil', ''),
	(458, '690618834', 301, 'Movil', 'Luis Echervarria'),
	(459, '917773527', 302, 'Telefono de la empresa', ''),
	(460, '917773537', 302, 'Telefono de la empresa', ''),
	(461, '954150198', 157, 'Telefono de la empresa', 'Juan Antonio Gomez Soriano'),
	(462, '679193071', 214, 'Movil', 'Javier Barrera'),
	(463, '3-9462116', 303, 'Telefono de la empresa', ''),
	(464, '689555418', 296, 'Movil', ''),
	(465, '690813867', 310, 'Movil', ''),
	(466, '918694592', 311, 'Trabajo', ''),
	(467, '964233404 (Santiago)', 312, 'Trabajo', ''),
	(468, '954450718', 313, 'Trabajo', ''),
	(469, '984181800', 314, 'Trabajo', 'Oviedo'),
	(470, '985 330910', 314, 'Trabajo', 'Ramón Coalla'),
	(471, '984348000', 314, 'Trabajo', 'Gijón'),
	(472, '610270115', 315, 'Movil', 'Alberto'),
	(473, '626046969', 316, 'Movil', ''),
	(474, '658910795', 319, 'Movil', ''),
	(475, '609377346', 320, 'Movil', 'Xavier Matas'),
	(476, '938949250', 320, 'Telefono de la empresa', ''),
	(477, '652339135 ', 321, 'Movil', 'Luis Carrillo'),
	(478, '973510282', 321, 'Telefono de la empresa', ''),
	(479, '985640698', 41, 'Telefono de la empresa', ''),
	(480, '986 536101', 322, 'Telefono de la empresa', ''),
	(481, '986 536023', 322, 'Telefono de la empresa', ''),
	(482, '615093755', 311, 'Movil', ''),
	(483, '982 574162', 324, 'Telefono de la empresa', ''),
	(484, '982 140196', 326, 'Telefono de la empresa', ''),
	(485, '630979858', 328, 'Movil', 'Isabel'),
	(486, '969233792', 328, 'Telefono de la empresa', ''),
	(487, '639664874', 329, 'Movil', 'Sabas Calvo'),
	(488, '985254971', 197, 'Telefono de la empresa', ''),
	(489, '689855209', 331, 'Movil', ''),
	(490, '985 172537', 333, 'Telefono de la empresa', ''),
	(491, '985 849418', 200, 'Telefono de la empresa', ''),
	(492, '985 211752', 135, 'Telefono de la empresa', ''),
	(493, '659926924', 124, 'Movil', ''),
	(494, '655962093', 335, 'Movil', ''),
	(495, '985349096', 338, 'Telefono de la empresa', ''),
	(496, '627973996', 339, 'Movil', ''),
	(497, '628186020', 8, 'Movil', 'Pepe García'),
	(498, '985119800', 190, 'Telefono de la empresa', 'Ebaristo (responsable frutería)'),
	(499, '985 848011', 341, 'Telefono de la empresa', ''),
	(500, '985 898078', 342, 'Fax del trabajo', ''),
	(501, '985898052', 342, 'Telefono de la empresa', ''),
	(502, '965332541', 319, 'Telefono de la empresa', ''),
	(503, '985798787', 105, 'Telefono de la empresa', ''),
	(504, '982140196', 345, 'Telefono de la empresa', ''),
	(505, '958292884', 326, 'Telefono de la empresa', 'Pepe'),
	(506, '957184172', 346, 'Telefono de la empresa', 'Matias Vega Ortiz'),
	(507, '985550773', 347, 'Telefono de la empresa', ''),
	(508, '984119663', 86, 'Fax del trabajo', ''),
	(509, '984117060', 86, 'Telefono de la empresa', ''),
	(510, '985239558', 348, 'Telefono de la empresa', ''),
	(511, '985494051', 350, 'Telefono de la empresa', ''),
	(512, '985947052', 353, 'Telefono de la empresa', ''),
	(513, '650865698', 355, 'Movil', 'Pilar Castellanos'),
	(514, '985374972', 357, 'Telefono de la empresa', ''),
	(515, '619200406', 358, 'Movil', '');
/*!40000 ALTER TABLE `telefono` ENABLE KEYS */;


-- Dumping structure for table tierrina.tipomantenimiento
CREATE TABLE IF NOT EXISTS `tipomantenimiento` (
  `idTipoMant` tinyint(3) DEFAULT NULL,
  `nombre` varchar(200) DEFAULT NULL
) ENGINE=MyISAM DEFAULT CHARSET=latin1;

-- Dumping data for table tierrina.tipomantenimiento: 2 rows
DELETE FROM `tipomantenimiento`;
/*!40000 ALTER TABLE `tipomantenimiento` DISABLE KEYS */;
INSERT INTO `tipomantenimiento` (`idTipoMant`, `nombre`) VALUES
	(1, 'Calibracion'),
	(2, 'General');
/*!40000 ALTER TABLE `tipomantenimiento` ENABLE KEYS */;


-- Dumping structure for table tierrina.tipoubicacion
CREATE TABLE IF NOT EXISTS `tipoubicacion` (
  `IdTipoUbicacion` bigint(20) NOT NULL DEFAULT '0',
  `nombre` varchar(100) DEFAULT NULL,
  PRIMARY KEY (`IdTipoUbicacion`)
) ENGINE=MyISAM DEFAULT CHARSET=latin1;

-- Dumping data for table tierrina.tipoubicacion: 0 rows
DELETE FROM `tipoubicacion`;
/*!40000 ALTER TABLE `tipoubicacion` DISABLE KEYS */;
/*!40000 ALTER TABLE `tipoubicacion` ENABLE KEYS */;


-- Dumping structure for table tierrina.tipovehiculo
CREATE TABLE IF NOT EXISTS `tipovehiculo` (
  `idTipoVehiculo` bigint(20) NOT NULL DEFAULT '0',
  `descripcion` varchar(100) DEFAULT NULL,
  PRIMARY KEY (`idTipoVehiculo`)
) ENGINE=MyISAM DEFAULT CHARSET=latin1;

-- Dumping data for table tierrina.tipovehiculo: 5 rows
DELETE FROM `tipovehiculo`;
/*!40000 ALTER TABLE `tipovehiculo` DISABLE KEYS */;
INSERT INTO `tipovehiculo` (`idTipoVehiculo`, `descripcion`) VALUES
	(0, 'No aplica'),
	(1, 'Transporte'),
	(2, 'De agencia externa'),
	(3, 'Directo y medios propios'),
	(4, 'Auto venta');
/*!40000 ALTER TABLE `tipovehiculo` ENABLE KEYS */;


-- Dumping structure for table tierrina.tipo_cargo
CREATE TABLE IF NOT EXISTS `tipo_cargo` (
  `idCargo` tinyint(4) NOT NULL DEFAULT '0',
  `nombreCargo` varchar(100) DEFAULT NULL,
  PRIMARY KEY (`idCargo`)
) ENGINE=MyISAM DEFAULT CHARSET=latin1;

-- Dumping data for table tierrina.tipo_cargo: 3 rows
DELETE FROM `tipo_cargo`;
/*!40000 ALTER TABLE `tipo_cargo` DISABLE KEYS */;
INSERT INTO `tipo_cargo` (`idCargo`, `nombreCargo`) VALUES
	(1, 'Transporte'),
	(2, 'Bancario'),
	(3, 'Devolución');
/*!40000 ALTER TABLE `tipo_cargo` ENABLE KEYS */;


-- Dumping structure for table tierrina.tipo_producto
CREATE TABLE IF NOT EXISTS `tipo_producto` (
  `idTipoProducto` bigint(20) NOT NULL DEFAULT '0',
  `nombre` varchar(200) NOT NULL DEFAULT '',
  PRIMARY KEY (`idTipoProducto`)
) ENGINE=MyISAM DEFAULT CHARSET=latin1;

-- Dumping data for table tierrina.tipo_producto: 0 rows
DELETE FROM `tipo_producto`;
/*!40000 ALTER TABLE `tipo_producto` DISABLE KEYS */;
/*!40000 ALTER TABLE `tipo_producto` ENABLE KEYS */;


-- Dumping structure for table tierrina.tipo_proveedor
CREATE TABLE IF NOT EXISTS `tipo_proveedor` (
  `idTipo` bigint(20) NOT NULL DEFAULT '0',
  `nombre` varchar(50) NOT NULL DEFAULT '',
  PRIMARY KEY (`idTipo`)
) ENGINE=MyISAM DEFAULT CHARSET=latin1;

-- Dumping data for table tierrina.tipo_proveedor: 5 rows
DELETE FROM `tipo_proveedor`;
/*!40000 ALTER TABLE `tipo_proveedor` DISABLE KEYS */;
INSERT INTO `tipo_proveedor` (`idTipo`, `nombre`) VALUES
	(1, 'Materia prima'),
	(2, 'Transporte'),
	(3, 'Insumos'),
	(4, 'Envases'),
	(5, 'Servicios');
/*!40000 ALTER TABLE `tipo_proveedor` ENABLE KEYS */;


-- Dumping structure for table tierrina.tmp_gp
CREATE TABLE IF NOT EXISTS `tmp_gp` (
  `idGestionProduccion` bigint(20) NOT NULL DEFAULT '0',
  `idProducto` bigint(20) DEFAULT NULL,
  `proceso` varchar(50) DEFAULT NULL,
  `orden` varchar(20) DEFAULT NULL,
  `habilitado` set('S','N') DEFAULT 'S',
  `horainicio` varchar(50) DEFAULT NULL,
  `horafin` varchar(50) DEFAULT NULL,
  `cantidadprod` double(10,2) DEFAULT NULL,
  `cantidadIngredientesini` bigint(20) DEFAULT NULL,
  `cantidadIngredientesfin` bigint(20) DEFAULT NULL,
  `mermasIngredientes` double(8,2) DEFAULT NULL,
  `loteingredientes` varchar(20) DEFAULT NULL,
  `cantidadEnvasesini` bigint(20) DEFAULT NULL,
  `cantidadEnvasesfin` bigint(20) DEFAULT NULL,
  `mermasEnvases` bigint(20) DEFAULT NULL,
  `loteenvases` varchar(20) DEFAULT NULL,
  `usuarioResponsable` varchar(20) DEFAULT NULL,
  `notasincidencias` varchar(200) DEFAULT NULL,
  `notasinstrucciones` varchar(200) DEFAULT NULL,
  `observaciones` varchar(200) DEFAULT NULL,
  `estadoproceso` char(1) DEFAULT NULL
) ENGINE=MyISAM DEFAULT CHARSET=latin1;

-- Dumping data for table tierrina.tmp_gp: 0 rows
DELETE FROM `tmp_gp`;
/*!40000 ALTER TABLE `tmp_gp` DISABLE KEYS */;
/*!40000 ALTER TABLE `tmp_gp` ENABLE KEYS */;


-- Dumping structure for table tierrina.tmp_gp_envasado_detalle
CREATE TABLE IF NOT EXISTS `tmp_gp_envasado_detalle` (
  `idTmpIngredientes` int(10) NOT NULL DEFAULT '0',
  `idTipoRegistro` set('E','M') DEFAULT NULL,
  `orden` varchar(20) DEFAULT NULL,
  `codigoEntrada` varchar(20) DEFAULT NULL,
  `idProducto` int(20) DEFAULT NULL,
  `cantidadDisponible` decimal(10,2) DEFAULT NULL,
  `cantidadUsable` decimal(10,2) DEFAULT NULL,
  `mermaProducto` decimal(10,2) DEFAULT NULL,
  `descripcion` varchar(200) DEFAULT NULL
) ENGINE=MyISAM DEFAULT CHARSET=latin1;

-- Dumping data for table tierrina.tmp_gp_envasado_detalle: 0 rows
DELETE FROM `tmp_gp_envasado_detalle`;
/*!40000 ALTER TABLE `tmp_gp_envasado_detalle` DISABLE KEYS */;
/*!40000 ALTER TABLE `tmp_gp_envasado_detalle` ENABLE KEYS */;


-- Dumping structure for table tierrina.tmp_ingredientes_desgranado
CREATE TABLE IF NOT EXISTS `tmp_ingredientes_desgranado` (
  `idTmpIngredientes` bigint(20) NOT NULL AUTO_INCREMENT,
  `codigoEntradaIngrediente` varchar(20) DEFAULT NULL,
  PRIMARY KEY (`idTmpIngredientes`)
) ENGINE=MyISAM DEFAULT CHARSET=latin1;

-- Dumping data for table tierrina.tmp_ingredientes_desgranado: 0 rows
DELETE FROM `tmp_ingredientes_desgranado`;
/*!40000 ALTER TABLE `tmp_ingredientes_desgranado` DISABLE KEYS */;
/*!40000 ALTER TABLE `tmp_ingredientes_desgranado` ENABLE KEYS */;


-- Dumping structure for table tierrina.tmp_ingredientes_envases
CREATE TABLE IF NOT EXISTS `tmp_ingredientes_envases` (
  `idTmpIngredientes` bigint(20) NOT NULL AUTO_INCREMENT,
  `idTipoRegistro` set('E','M') DEFAULT NULL,
  `orden` varchar(20) DEFAULT NULL,
  `codigoEntrada` varchar(20) DEFAULT NULL,
  `idProducto` bigint(20) DEFAULT NULL,
  `cantidadDisponible` bigint(20) DEFAULT NULL,
  `cantidadUsable` bigint(20) DEFAULT NULL,
  `mermaProducto` bigint(20) DEFAULT NULL,
  `descripcionEnvase` varchar(100) DEFAULT NULL,
  `descripcionMateria` varchar(100) DEFAULT NULL,
  PRIMARY KEY (`idTmpIngredientes`)
) ENGINE=MyISAM DEFAULT CHARSET=latin1;

-- Dumping data for table tierrina.tmp_ingredientes_envases: 0 rows
DELETE FROM `tmp_ingredientes_envases`;
/*!40000 ALTER TABLE `tmp_ingredientes_envases` DISABLE KEYS */;
/*!40000 ALTER TABLE `tmp_ingredientes_envases` ENABLE KEYS */;


-- Dumping structure for table tierrina.transporte
CREATE TABLE IF NOT EXISTS `transporte` (
  `idTransporte` int(11) NOT NULL AUTO_INCREMENT,
  `idTransportista` int(11) NOT NULL DEFAULT '0',
  `matricula` varchar(255) DEFAULT NULL,
  `temperatura` int(11) NOT NULL DEFAULT '0',
  `transportista_idUsuario` bigint(20) DEFAULT NULL,
  PRIMARY KEY (`idTransporte`),
  KEY `FKB685DA5CE067397D` (`transportista_idUsuario`)
) ENGINE=MyISAM DEFAULT CHARSET=latin1;

-- Dumping data for table tierrina.transporte: 0 rows
DELETE FROM `transporte`;
/*!40000 ALTER TABLE `transporte` DISABLE KEYS */;
/*!40000 ALTER TABLE `transporte` ENABLE KEYS */;


-- Dumping structure for table tierrina.transporte_portes
CREATE TABLE IF NOT EXISTS `transporte_portes` (
  `idPorte` bigint(20) NOT NULL AUTO_INCREMENT,
  `descripcion` varchar(100) CHARACTER SET utf8 COLLATE utf8_bin NOT NULL DEFAULT '',
  PRIMARY KEY (`idPorte`)
) ENGINE=InnoDB AUTO_INCREMENT=5 DEFAULT CHARSET=latin1 COLLATE=latin1_spanish_ci;

-- Dumping data for table tierrina.transporte_portes: ~4 rows (approximately)
DELETE FROM `transporte_portes`;
/*!40000 ALTER TABLE `transporte_portes` DISABLE KEYS */;
INSERT INTO `transporte_portes` (`idPorte`, `descripcion`) VALUES
	(1, 'Pagados'),
	(2, 'Debidos'),
	(3, 'Reembolso'),
	(4, 'Sin portes');
/*!40000 ALTER TABLE `transporte_portes` ENABLE KEYS */;


-- Dumping structure for table tierrina.transporte_temperatura
CREATE TABLE IF NOT EXISTS `transporte_temperatura` (
  `idTemperatura` bigint(20) NOT NULL AUTO_INCREMENT,
  `descripcion` varchar(100) CHARACTER SET utf8 COLLATE utf8_bin NOT NULL DEFAULT '',
  PRIMARY KEY (`idTemperatura`)
) ENGINE=InnoDB AUTO_INCREMENT=5 DEFAULT CHARSET=latin1 COLLATE=latin1_spanish_ci;

-- Dumping data for table tierrina.transporte_temperatura: ~4 rows (approximately)
DELETE FROM `transporte_temperatura`;
/*!40000 ALTER TABLE `transporte_temperatura` DISABLE KEYS */;
INSERT INTO `transporte_temperatura` (`idTemperatura`, `descripcion`) VALUES
	(1, 'Congelado'),
	(2, 'Temperatura ambiente'),
	(3, 'Refrigerado'),
	(4, 'Nada');
/*!40000 ALTER TABLE `transporte_temperatura` ENABLE KEYS */;


-- Dumping structure for table tierrina.ubicacion
CREATE TABLE IF NOT EXISTS `ubicacion` (
  `idUbicacion` bigint(20) NOT NULL AUTO_INCREMENT,
  `idHueco` bigint(20) NOT NULL,
  `registro` varchar(50) COLLATE latin1_spanish_ci NOT NULL,
  `numeroBultos` bigint(20) NOT NULL DEFAULT '0',
  `cantidad` double(8,2) DEFAULT NULL,
  `idPalet` bigint(20) NOT NULL DEFAULT '0',
  `orden` varchar(20) COLLATE latin1_spanish_ci DEFAULT NULL,
  `congelado` char(1) COLLATE latin1_spanish_ci NOT NULL DEFAULT 'N',
  `habilitado` char(1) COLLATE latin1_spanish_ci NOT NULL DEFAULT 'S',
  PRIMARY KEY (`idUbicacion`)
) ENGINE=InnoDB AUTO_INCREMENT=944 DEFAULT CHARSET=latin1 COLLATE=latin1_spanish_ci;

-- Dumping data for table tierrina.ubicacion: ~315 rows (approximately)
DELETE FROM `ubicacion`;
/*!40000 ALTER TABLE `ubicacion` DISABLE KEYS */;
INSERT INTO `ubicacion` (`idUbicacion`, `idHueco`, `registro`, `numeroBultos`, `cantidad`, `idPalet`, `orden`, `congelado`, `habilitado`) VALUES
	(1, 221, 'E130417-1', 12, 360.00, 1, 'O130417-1', 'N', 'N'),
	(2, 221, 'E130417-2', 10, 496.00, 1, 'O130417-1', 'N', 'N'),
	(28, 3, 'E130419-3', 20, 191.00, 1, '', 'N', 'S'),
	(29, 2, 'E130419-3', 20, 999.00, 2, '', 'N', 'S'),
	(30, 12, 'E130419-3', 20, 1000.00, 3, '', 'N', 'S'),
	(31, 8, 'E130419-3', 20, 1000.00, 4, '', 'N', 'S'),
	(32, 13, 'E130419-3', 20, 1003.00, 5, '', 'N', 'S'),
	(33, 9, 'E130419-3', 20, 1001.00, 6, '', 'N', 'S'),
	(34, 14, 'E130419-3', 20, 1000.00, 7, '', 'N', 'S'),
	(35, 10, 'E130419-3', 20, 998.00, 8, '', 'N', 'S'),
	(36, 15, 'E130419-3', 20, 1000.00, 9, '', 'N', 'S'),
	(37, 11, 'E130419-3', 20, 999.00, 10, '', 'N', 'S'),
	(38, 203, 'E130419-3', 1, 548.00, 11, '', 'N', 'S'),
	(39, 204, 'E130419-3', 1, 548.00, 12, '', 'N', 'S'),
	(40, 205, 'E130419-3', 1, 497.00, 13, '', 'N', 'S'),
	(41, 206, 'E130419-3', 1, 499.00, 14, '', 'N', 'S'),
	(42, 207, 'E130419-3', 1, 545.00, 15, '', 'N', 'S'),
	(43, 122, 'E130419-3', 20, 1002.00, 16, '', 'N', 'S'),
	(44, 123, 'E130419-3', 20, 1001.00, 17, '', 'N', 'S'),
	(45, 1, 'E130419-3', 20, 999.00, 18, '', 'N', 'S'),
	(46, 4, 'E130419-3', 20, 1002.00, 19, '', 'N', 'S'),
	(47, 5, 'E130419-3', 20, 1000.00, 20, '', 'N', 'S'),
	(48, 6, 'E130419-3', 20, 1000.00, 21, '', 'N', 'S'),
	(49, 126, 'E130419-3', 2, 100.00, 22, '', 'N', 'S'),
	(50, 7, 'E130419-4', 20, 996.00, 1, '', 'N', 'S'),
	(51, 129, 'E130419-4', 20, 999.00, 2, '', 'N', 'S'),
	(52, 16, 'E130419-4', 10, 499.00, 3, '', 'N', 'S'),
	(53, 221, 'E130419-5', 224, 859.85, 1, 'O130419-3', 'N', 'S'),
	(54, 221, 'E130419-5', 224, 859.85, 2, 'O130419-3', 'N', 'S'),
	(55, 221, 'E130419-5', 224, 859.85, 3, 'O130419-3', 'N', 'S'),
	(56, 221, 'E130419-5', 224, 859.85, 4, 'O130419-3', 'N', 'S'),
	(57, 221, 'E130419-5', 224, 859.85, 5, 'O130419-3', 'N', 'S'),
	(58, 221, 'E130419-5', 224, 859.85, 6, 'O130419-3', 'N', 'S'),
	(59, 221, 'E130419-5', 224, 859.85, 7, 'O130419-3', 'N', 'S'),
	(60, 221, 'E130419-5', 224, 859.85, 8, 'O130419-3', 'N', 'S'),
	(61, 221, 'E130419-5', 224, 859.85, 9, 'O130419-3', 'N', 'S'),
	(62, 221, 'E130419-5', 224, 859.85, 10, 'O130419-3', 'N', 'S'),
	(63, 221, 'E130419-5', 224, 859.85, 11, 'O130419-3', 'N', 'S'),
	(64, 221, 'E130419-5', 224, 859.85, 12, 'O130419-3', 'N', 'S'),
	(65, 221, 'E130419-5', 224, 859.85, 13, 'O130419-3', 'N', 'S'),
	(66, 221, 'E130419-6', 40, 1002.50, 1, 'O130419-3', 'N', 'S'),
	(67, 221, 'E130419-6', 40, 1002.50, 2, 'O130419-3', 'N', 'S'),
	(68, 221, 'E130419-7', 20, 1002.00, 1, 'O130419-3', 'N', 'S'),
	(69, 221, 'E130419-8', 1, 50.00, 1, 'O130419-3', 'N', 'S'),
	(76, 221, 'E130419-9', 190, 292.46, 7, 'O130419-4', 'N', 'S'),
	(77, 221, 'E130419-9', 190, 746.78, 8, 'O130419-4', 'N', 'S'),
	(78, 221, 'E130419-9', 190, 746.78, 9, 'O130419-4', 'N', 'S'),
	(79, 221, 'E130419-10', 108, 888.67, 1, 'O130419-4', 'N', 'S'),
	(80, 221, 'E130419-10', 108, 888.67, 2, 'O130419-4', 'N', 'S'),
	(81, 221, 'E130419-10', 108, 888.67, 3, 'O130419-4', 'N', 'S'),
	(82, 221, 'E130419-10', 108, 888.67, 4, 'O130419-4', 'N', 'S'),
	(83, 221, 'E130419-10', 108, 888.67, 5, 'O130419-4', 'N', 'S'),
	(84, 221, 'E130419-10', 108, 888.67, 6, 'O130419-4', 'N', 'S'),
	(85, 221, 'E130419-11', 33, 811.50, 1, 'O130419-4', 'N', 'S'),
	(86, 221, 'E130419-11', 33, 811.50, 2, 'O130419-4', 'N', 'S'),
	(87, 221, 'E130419-12', 84, 833.60, 1, 'O130419-4', 'N', 'S'),
	(88, 221, 'E130419-12', 84, 833.60, 2, 'O130419-4', 'N', 'S'),
	(89, 221, 'E130419-12', 84, 833.60, 3, 'O130419-4', 'N', 'S'),
	(90, 221, 'E130419-12', 84, 833.60, 4, 'O130419-4', 'N', 'S'),
	(91, 221, 'E130419-12', 84, 833.60, 5, 'O130419-4', 'N', 'S'),
	(92, 221, 'E130419-13', 70, 819.75, 1, 'O130419-5', 'N', 'S'),
	(93, 221, 'E130419-13', 70, 819.75, 2, 'O130419-5', 'N', 'S'),
	(94, 221, 'E130419-13', 70, 819.75, 3, 'O130419-5', 'N', 'S'),
	(95, 221, 'E130419-13', 70, 819.75, 4, 'O130419-5', 'N', 'S'),
	(96, 221, 'E130419-14', 60, 282.33, 1, 'O130419-5', 'N', 'S'),
	(97, 221, 'E130419-14', 60, 582.33, 2, 'O130419-5', 'N', 'S'),
	(98, 221, 'E130419-14', 60, 582.33, 3, 'O130419-5', 'N', 'S'),
	(99, 221, 'E130419-15', 60, 143.25, 1, 'O130419-5', 'N', 'S'),
	(100, 221, 'E130419-15', 60, 768.25, 2, 'O130419-5', 'N', 'S'),
	(101, 221, 'E130419-15', 60, 768.25, 3, 'O130419-5', 'N', 'S'),
	(102, 221, 'E130419-15', 60, 768.25, 4, 'O130419-5', 'N', 'S'),
	(103, 221, 'E130420-16', 6, 155.00, 1, 'O130420-6', 'N', 'S'),
	(104, 221, 'E130420-16', 6, 155.00, 2, 'O130420-6', 'N', 'S'),
	(105, 221, 'E130420-17', 20, 1002.00, 1, 'O130420-6', 'N', 'S'),
	(106, 221, 'E130420-18', 9, 450.00, 1, 'O130420-6', 'N', 'S'),
	(107, 221, 'E130420-19', 10, 500.00, 1, 'O130420-6', 'N', 'S'),
	(108, 221, 'E130420-20', 25, 399.67, 1, 'O130420-7', 'N', 'S'),
	(109, 221, 'E130420-20', 25, 399.67, 2, 'O130420-7', 'N', 'S'),
	(110, 221, 'E130420-20', 25, 399.67, 3, 'O130420-7', 'N', 'S'),
	(112, 221, 'E130420-21', 30, 462.00, 2, 'O130420-7', 'N', 'S'),
	(113, 221, 'E130420-21', 30, 506.00, 3, 'O130420-7', 'N', 'S'),
	(114, 221, 'E130420-22', 12, 9.00, 1, 'O130420-7', 'N', 'S'),
	(115, 221, 'E130420-23', 12, 278.00, 1, 'O130420-8', 'N', 'S'),
	(116, 221, 'E130420-23', 12, 278.00, 2, 'O130420-8', 'N', 'S'),
	(117, 221, 'E130420-24', 21, 342.33, 1, 'O130420-9', 'N', 'S'),
	(118, 221, 'E130420-24', 21, 342.33, 2, 'O130420-9', 'N', 'S'),
	(119, 221, 'E130420-24', 21, 342.33, 3, 'O130420-9', 'N', 'S'),
	(120, 221, 'E130420-25', 9, 423.00, 1, 'O130420-10', 'N', 'S'),
	(121, 221, 'E130420-26', 8, 400.00, 1, 'O130420-11', 'N', 'S'),
	(122, 221, 'E130420-27', 3, 118.00, 1, 'O130420-11', 'N', 'S'),
	(123, 221, 'E130420-28', 9, 405.00, 1, 'O130420-12', 'N', 'S'),
	(124, 221, 'E130420-29', 10, 221.33, 1, 'O130420-13', 'N', 'S'),
	(125, 221, 'E130420-29', 10, 321.33, 2, 'O130420-13', 'N', 'S'),
	(126, 221, 'E130420-29', 10, 321.33, 3, 'O130420-13', 'N', 'S'),
	(127, 221, 'E130420-30', 2, 73.00, 1, 'O130420-14', 'N', 'S'),
	(128, 221, 'E130420-31', 5, 113.50, 1, 'O130420-15', 'N', 'S'),
	(129, 221, 'E130420-31', 5, 113.50, 2, 'O130420-15', 'N', 'S'),
	(130, 221, 'E130420-32', 3, 3403.00, 1, 'O130420-16', 'N', 'S'),
	(131, 221, 'E130420-33', 2, 916.00, 1, 'O130420-16', 'N', 'S'),
	(132, 221, 'E130420-34', 2, 1740.00, 1, 'O130420-16', 'N', 'S'),
	(133, 221, 'E130420-35', 2, 2009.00, 1, 'O130420-16', 'N', 'S'),
	(134, 221, 'E130420-36', 2, 1074.00, 1, 'O130420-16', 'N', 'S'),
	(135, 221, 'E130420-37', 3, 2771.00, 1, 'O130420-16', 'N', 'S'),
	(136, 221, 'E130420-38', 2, 1718.00, 1, 'O130420-16', 'N', 'S'),
	(137, 221, 'E130420-39', 2, 1170.00, 1, 'O130420-16', 'N', 'S'),
	(138, 221, 'E130420-40', 1, 20000.00, 1, 'O130420-17', 'N', 'S'),
	(139, 221, 'E130420-41', 2, 4784.00, 1, 'O130420-18', 'N', 'S'),
	(140, 221, 'E130420-41', 2, 4981.00, 2, 'O130420-18', 'N', 'S'),
	(141, 221, 'E130420-42', 2, 690.00, 1, 'O130420-19', 'N', 'S'),
	(142, 221, 'E130420-42', 2, 690.00, 2, 'O130420-19', 'N', 'S'),
	(143, 221, 'E130420-43', 1, 769.00, 1, 'O130420-19', 'N', 'S'),
	(144, 221, 'E130422-44', 1, 4442.00, 1, 'O130422-20', 'N', 'S'),
	(145, 221, 'E130422-45', 1, 7419.00, 1, 'O130422-20', 'N', 'S'),
	(146, 221, 'E130422-46', 1, 7054.00, 1, 'O130422-20', 'N', 'S'),
	(147, 221, 'E130422-47', 1, 904.00, 1, 'O130422-20', 'N', 'S'),
	(148, 221, 'E130422-48', 1, 3276.00, 1, 'O130422-20', 'N', 'S'),
	(149, 221, 'E130422-49', 20, 939.00, 1, 'O130422-21', 'N', 'S'),
	(150, 221, 'E130422-50', 12, 495.00, 1, 'O130422-22', 'N', 'S'),
	(153, 223, '03112003', 0, 75.00, 0, 'EN201304223', 'N', 'S'),
	(154, 223, '03112004', 0, 14.00, 0, 'EN201304224', 'N', 'S'),
	(155, 223, '03112005', 0, 21.00, 0, 'EN201304225', 'N', 'S'),
	(157, 221, 'E130422-51', 6, 118.00, 1, 'O130422-23', 'N', 'S'),
	(158, 221, 'E130422-52', 1, 40.00, 1, 'O130422-23', 'N', 'S'),
	(160, 221, 'E130422-53', 10, 383.00, 1, 'O130422-24', 'N', 'S'),
	(162, 221, 'E130422-54', 1, 9878.00, 1, 'O130422-25', 'N', 'S'),
	(163, 221, 'E130422-55', 1, 12927.00, 1, 'O130422-25', 'N', 'S'),
	(164, 221, 'E130422-56', 1, 1188.00, 1, 'O130422-25', 'N', 'S'),
	(165, 221, 'E130422-57', 1, 269.00, 1, 'O130422-25', 'N', 'S'),
	(166, 221, 'E130422-58', 2, 4953.00, 1, 'O130422-26', 'N', 'S'),
	(167, 221, 'E130422-58', 2, 5050.00, 2, 'O130422-26', 'N', 'S'),
	(168, 221, 'E130422-59', 2, 1901.50, 1, 'O130422-26', 'N', 'S'),
	(169, 221, 'E130422-59', 2, 1974.50, 2, 'O130422-26', 'N', 'S'),
	(170, 221, 'E130422-60', 2, 3650.00, 1, 'O130422-26', 'N', 'S'),
	(171, 221, 'E130422-60', 2, 3675.00, 2, 'O130422-26', 'N', 'S'),
	(172, 221, 'E130422-61', 1, 193.00, 1, 'O130422-26', 'N', 'S'),
	(173, 221, 'E130422-62', 1, 197.00, 1, 'O130422-26', 'N', 'S'),
	(174, 221, 'E130422-63', 1, 198.00, 1, 'O130422-26', 'N', 'S'),
	(176, 221, 'E130422-64', 19, 195.00, 1, 'O130422-27', 'N', 'S'),
	(177, 221, 'E130422-64', 19, 454.00, 2, 'O130422-27', 'N', 'S'),
	(179, 221, 'E130422-65', 2, 40.00, 1, 'O130422-28', 'N', 'S'),
	(181, 201, '03112009', 0, 3.00, 0, 'EN2013042212', 'N', 'S'),
	(182, 201, '03112007', 0, 6.00, 0, 'EN2013042212', 'N', 'S'),
	(183, 201, '03112003', 0, 24.00, 0, 'EN2013042212', 'N', 'S'),
	(184, 201, '03112005', 0, 4.00, 0, 'EN2013042212', 'N', 'S'),
	(185, 201, '03112004', 0, 8.00, 0, 'EN2013042212', 'N', 'S'),
	(186, 201, '03112001', 0, 4.00, 0, 'EN2013042212', 'N', 'S'),
	(187, 201, '03112002', 0, 4.00, 0, 'EN2013042212', 'N', 'S'),
	(188, 201, '03112012', 0, 3.00, 0, 'EN2013042212', 'N', 'S'),
	(189, 201, '03112006', 0, 1.00, 0, 'EN2013042212', 'N', 'S'),
	(190, 201, '03112008', 0, 2.00, 0, 'EN2013042212', 'N', 'S'),
	(191, 201, '03112011', 0, 6.00, 0, 'EN2013042212', 'N', 'S'),
	(192, 221, 'E130423-66', 4, 192.50, 1, 'O130423-29', 'N', 'S'),
	(194, 221, 'E130423-68', 3, 104.00, 1, 'O130423-31', 'N', 'S'),
	(195, 221, 'E130423-69', 1, 15.00, 1, 'O130423-32', 'N', 'S'),
	(196, 221, 'E130423-70', 12, 645.00, 1, 'O130423-33', 'N', 'S'),
	(197, 221, 'E130423-71', 3, 113.00, 1, 'O130423-34', 'N', 'S'),
	(198, 221, 'E130423-72', 3, 136.00, 1, 'O130423-35', 'N', 'S'),
	(199, 221, 'E130423-73', 1, 32.00, 1, 'O130423-36', 'N', 'S'),
	(200, 221, 'E130423-74', 2, 64.00, 1, 'O130423-37', 'N', 'S'),
	(201, 221, 'E130423-75', 8, 370.00, 1, 'O130423-38', 'N', 'S'),
	(203, 221, 'E130423-77', 7, 305.00, 1, 'O130423-40', 'N', 'S'),
	(204, 221, 'E130423-78', 1, 28.50, 1, 'O130423-41', 'N', 'S'),
	(205, 221, 'E130423-79', 63, 787.50, 1, 'O130423-42', 'N', 'S'),
	(206, 221, 'E130423-79', 63, 787.50, 2, 'O130423-42', 'N', 'S'),
	(207, 223, 'E130423-80', 38, 35.00, 0, 'O130423-42', 'N', 'S'),
	(208, 221, 'E130423-81', 4, 200.00, 1, 'O130423-43', 'N', 'S'),
	(209, 221, 'E130423-82', 40, 1006.00, 1, 'O130423-44', 'N', 'S'),
	(210, 223, 'E130423-83', 25, 25.00, 0, 'O130423-44', 'N', 'S'),
	(211, 221, 'E130423-84', 1, 35.00, 1, 'O130423-44', 'N', 'S'),
	(212, 223, 'E130423-85', 148, 146.00, 0, 'O130423-44', 'N', 'S'),
	(213, 221, 'E130423-86', 1, 9.00, 1, 'O130423-44', 'N', 'S'),
	(214, 223, 'E130423-87', 7, 7.00, 0, 'O130423-44', 'N', 'S'),
	(215, 221, 'E130423-88', 1, 391.00, 1, 'O130423-45', 'N', 'S'),
	(216, 223, 'E130423-89', 36, 34.00, 0, 'O130423-45', 'N', 'S'),
	(217, 223, 'E130423-90', 2, 2.00, 0, 'O130423-46', 'N', 'S'),
	(218, 221, 'E130423-91', 18, 903.00, 1, 'O130423-47', 'N', 'S'),
	(219, 221, 'E130423-92', 12, 603.00, 1, 'O130423-48', 'N', 'S'),
	(220, 223, 'E130423-93', 30, 28.00, 0, 'O130423-48', 'N', 'S'),
	(221, 223, 'E130423-94', 28, 26.00, 0, 'O130423-49', 'N', 'S'),
	(222, 221, 'E130423-95', 1, 6.00, 1, 'O130423-49', 'N', 'S'),
	(223, 223, 'E130423-96', 6, 6.00, 0, 'O130423-50', 'N', 'S'),
	(224, 221, 'E130423-97', 1, 8.00, 1, 'O130423-50', 'N', 'S'),
	(225, 221, 'E130423-98', 38, 965.00, 1, 'O130423-51', 'N', 'S'),
	(226, 223, '03113001', 0, 87.00, 0, 'EN2013042313', 'N', 'S'),
	(227, 223, '03113002', 0, 25.00, 0, 'EN2013042314', 'N', 'S'),
	(228, 223, '03113003', 0, 54.00, 0, 'EN2013042315', 'N', 'S'),
	(229, 223, '03113004', 0, 1.00, 0, 'EN2013042316', 'N', 'S'),
	(230, 223, '03113005', 0, 1.00, 0, 'EN2013042317', 'N', 'S'),
	(234, 223, 'E130423-99', 4, 2.00, 0, 'O130423-52', 'N', 'S'),
	(235, 223, 'E130423-100', 3, 2.00, 0, 'O130423-52', 'N', 'S'),
	(238, 223, '03113010', 0, 36.00, 0, 'EN2013042322', 'N', 'S'),
	(239, 221, 'E130423-102', 1, 500.00, 1, 'O130423-54', 'N', 'S'),
	(240, 223, '03113011', 0, 4.00, 0, 'EN2013042323', 'N', 'S'),
	(241, 223, '03113012', 0, 6.00, 0, 'EN2013042324', 'N', 'S'),
	(243, 221, 'E130424-103', 9, 450.00, 1, 'O130424-55', 'N', 'S'),
	(244, 221, 'E130424-104', 9, 458.00, 1, 'O130424-56', 'N', 'S'),
	(245, 223, '03114002', 0, 16.00, 0, 'EN2013042426', 'N', 'S'),
	(246, 223, '03114003', 0, 1.00, 0, 'EN2013042427', 'N', 'S'),
	(247, 223, 'E130424-105', 166, 146.00, 0, 'O130424-57', 'N', 'S'),
	(248, 223, 'E130424-106', 9, 9.00, 0, 'O130424-57', 'N', 'S'),
	(249, 223, '03114004', 0, 30.00, 0, 'EN2013042428', 'N', 'S'),
	(252, 201, '03115001', 0, 1.00, 0, 'EN2013042430', 'N', 'S'),
	(253, 201, '03114005', 0, 3.00, 0, 'EN2013042430', 'N', 'S'),
	(254, 201, '03113001', 0, 11.00, 0, 'EN2013042430', 'N', 'S'),
	(255, 201, 'E130423-80', 0, 2.00, 0, 'EN2013042430', 'N', 'S'),
	(256, 201, 'E130423-85', 0, 2.00, 0, 'EN2013042430', 'N', 'S'),
	(257, 201, 'E130423-89', 0, 2.00, 0, 'EN2013042430', 'N', 'S'),
	(258, 201, 'E130423-93', 0, 2.00, 0, 'EN2013042430', 'N', 'S'),
	(259, 201, 'E130424-105', 0, 20.00, 0, 'EN2013042430', 'N', 'S');
/*!40000 ALTER TABLE `ubicacion` ENABLE KEYS */;


-- Dumping structure for table tierrina.ubicacionzona
CREATE TABLE IF NOT EXISTS `ubicacionzona` (
  `idZona` bigint(20) NOT NULL DEFAULT '0',
  `idTipoUbicacion` bigint(20) DEFAULT NULL,
  `nave` char(3) DEFAULT NULL,
  `nombre` varchar(255) DEFAULT NULL,
  `descripcion` text,
  `dimensiones` varchar(255) DEFAULT NULL,
  `idDireccion` bigint(20) DEFAULT NULL,
  PRIMARY KEY (`idZona`)
) ENGINE=MyISAM DEFAULT CHARSET=latin1;

-- Dumping data for table tierrina.ubicacionzona: 0 rows
DELETE FROM `ubicacionzona`;
/*!40000 ALTER TABLE `ubicacionzona` DISABLE KEYS */;
/*!40000 ALTER TABLE `ubicacionzona` ENABLE KEYS */;


-- Dumping structure for table tierrina.ubicacion_almacen
CREATE TABLE IF NOT EXISTS `ubicacion_almacen` (
  `idAlmacen` bigint(20) NOT NULL AUTO_INCREMENT,
  `idDireccion` bigint(20) NOT NULL DEFAULT '0',
  `descripcion` varchar(50) NOT NULL DEFAULT '',
  `urlPlano` varchar(50) NOT NULL DEFAULT '',
  `esVehiculo` char(1) NOT NULL DEFAULT 'N',
  PRIMARY KEY (`idAlmacen`)
) ENGINE=MyISAM AUTO_INCREMENT=13 DEFAULT CHARSET=latin1;

-- Dumping data for table tierrina.ubicacion_almacen: 8 rows
DELETE FROM `ubicacion_almacen`;
/*!40000 ALTER TABLE `ubicacion_almacen` DISABLE KEYS */;
INSERT INTO `ubicacion_almacen` (`idAlmacen`, `idDireccion`, `descripcion`, `urlPlano`, `esVehiculo`) VALUES
	(1, 1, 'Nave Barcia', '/img/planos/naveBarcia.png', 'N'),
	(2, 0, '0973 CPT', '', 'S'),
	(3, 0, '8066 HFW', '', 'S'),
	(4, 0, '7489 DHD', '', 'S'),
	(5, 0, 'Granda', '', 'N'),
	(6, 0, 'Lobenor (Pol. El Berrón)', '', 'N'),
	(7, 0, 'Asturasfer (Pol. de Silvota)', '', 'N'),
	(12, 0, 'Salida', '', 'N');
/*!40000 ALTER TABLE `ubicacion_almacen` ENABLE KEYS */;


-- Dumping structure for table tierrina.ubicacion_estanteria
CREATE TABLE IF NOT EXISTS `ubicacion_estanteria` (
  `idEstanteria` bigint(20) NOT NULL AUTO_INCREMENT,
  `idLinea` bigint(20) NOT NULL DEFAULT '0',
  `idEstanteriaLinea` bigint(20) NOT NULL DEFAULT '0',
  `descripcion` varchar(50) NOT NULL DEFAULT '',
  `urlPlano` varchar(50) NOT NULL DEFAULT '',
  PRIMARY KEY (`idEstanteria`)
) ENGINE=MyISAM AUTO_INCREMENT=40 DEFAULT CHARSET=latin1;

-- Dumping data for table tierrina.ubicacion_estanteria: 31 rows
DELETE FROM `ubicacion_estanteria`;
/*!40000 ALTER TABLE `ubicacion_estanteria` DISABLE KEYS */;
INSERT INTO `ubicacion_estanteria` (`idEstanteria`, `idLinea`, `idEstanteriaLinea`, `descripcion`, `urlPlano`) VALUES
	(1, 1, 1, 'A1:Z1:L1:E1', ''),
	(2, 1, 2, 'A1:Z1:L1:E2', ''),
	(3, 1, 3, 'A1:Z1:L1:E3', ''),
	(4, 2, 1, 'A1:Z1:L2:E1', ''),
	(5, 2, 2, 'A1:Z1:L2:E2', ''),
	(6, 2, 3, 'A1:Z1:L2:E3', ''),
	(7, 3, 1, 'A1:Z2:L1:E1', ''),
	(8, 3, 2, 'A1:Z2:L1:E2', ''),
	(9, 3, 3, 'A1:Z2:L1:E3', ''),
	(10, 4, 1, 'A1:Z2:L2:E1', ''),
	(11, 4, 2, 'A1:Z2:L2:E2', ''),
	(12, 4, 3, 'A1:Z2:L2:E3', ''),
	(13, 5, 1, 'A1:Z3:L1:E1', ''),
	(14, 5, 2, 'A1:Z3:L1:E2', ''),
	(15, 6, 1, 'A1:Z4:L1:E1', ''),
	(16, 6, 2, 'A1:Z4:L1:E2', ''),
	(17, 6, 3, 'A1:Z4:L1:E3', ''),
	(18, 6, 4, 'A1:Z4:L1:E4', ''),
	(19, 7, 1, 'A1:Z5:L1:E1', ''),
	(20, 7, 2, 'A1:Z5:L1:E2', ''),
	(21, 7, 3, 'A1:Z5:L1:E3', ''),
	(22, 7, 4, 'A1:Z5:L1:E4', ''),
	(24, 9, 1, '8066 HFW', ''),
	(23, 8, 1, '0973 CPT', ''),
	(25, 10, 1, '7489 DHD', ''),
	(26, 11, 1, 'Zona de envasado', ''),
	(34, 19, 1, 'Granda', ''),
	(33, 18, 1, 'Entrada', ''),
	(35, 20, 1, 'Salida', ''),
	(36, 21, 1, 'Lobenor (Pol. El Berrón)', ''),
	(37, 22, 1, 'Asturasfer (Pol. de Silvota)', '');
/*!40000 ALTER TABLE `ubicacion_estanteria` ENABLE KEYS */;


-- Dumping structure for table tierrina.ubicacion_hueco
CREATE TABLE IF NOT EXISTS `ubicacion_hueco` (
  `idHueco` bigint(20) NOT NULL AUTO_INCREMENT,
  `idPiso` bigint(20) NOT NULL,
  `idHuecoPiso` bigint(20) NOT NULL,
  `descripcion` varchar(50) CHARACTER SET latin1 NOT NULL DEFAULT '',
  `numeroRegistros` int(11) NOT NULL DEFAULT '0',
  `x` int(10) DEFAULT '0',
  `y` int(10) DEFAULT '0',
  `z` int(10) DEFAULT '0',
  `bigBag` char(1) CHARACTER SET latin1 NOT NULL DEFAULT 'N',
  PRIMARY KEY (`idHueco`)
) ENGINE=InnoDB AUTO_INCREMENT=226 DEFAULT CHARSET=utf8;

-- Dumping data for table tierrina.ubicacion_hueco: ~193 rows (approximately)
DELETE FROM `ubicacion_hueco`;
/*!40000 ALTER TABLE `ubicacion_hueco` DISABLE KEYS */;
INSERT INTO `ubicacion_hueco` (`idHueco`, `idPiso`, `idHuecoPiso`, `descripcion`, `numeroRegistros`, `x`, `y`, `z`, `bigBag`) VALUES
	(1, 1, 1, 'A1:Z1:L1:E1:P1:H1', 0, 0, 0, 0, 'N'),
	(2, 2, 1, 'A1:Z1:L1:E1:P2:H1', 0, 0, 0, 0, 'N'),
	(3, 3, 1, 'A1:Z1:L1:E1:P3:H1', 0, 0, 0, 0, 'N'),
	(4, 4, 1, 'A1:Z1:L1:E2:P1:H1', 0, 0, 0, 0, 'N'),
	(5, 4, 2, 'A1:Z1:L1:E2:P1:H2', 0, 0, 0, 0, 'N'),
	(6, 4, 3, 'A1:Z1:L1:E2:P1:H3', 0, 0, 0, 0, 'N'),
	(7, 4, 4, 'A1:Z1:L1:E2:P1:H4', 0, 0, 0, 0, 'N'),
	(8, 5, 1, 'A1:Z1:L1:E2:P2:H1', 0, 0, 0, 0, 'N'),
	(9, 5, 2, 'A1:Z1:L1:E2:P2:H2', 0, 0, 0, 0, 'N'),
	(10, 5, 3, 'A1:Z1:L1:E2:P2:H3', 0, 0, 0, 0, 'N'),
	(11, 5, 4, 'A1:Z1:L1:E2:P2:H4', 0, 0, 0, 0, 'N'),
	(12, 6, 1, 'A1:Z1:L1:E2:P3:H1', 0, 0, 0, 0, 'N'),
	(13, 6, 2, 'A1:Z1:L1:E2:P3:H2', 0, 0, 0, 0, 'N'),
	(14, 6, 3, 'A1:Z1:L1:E2:P3:H3', 0, 0, 0, 0, 'N'),
	(15, 6, 4, 'A1:Z1:L1:E2:P3:H4', 0, 0, 0, 0, 'N'),
	(16, 7, 1, 'A1:Z1:L1:E3:P1:H1', 0, 0, 0, 0, 'N'),
	(17, 7, 2, 'A1:Z1:L1:E3:P1:H2', 0, 0, 0, 0, 'N'),
	(18, 7, 3, 'A1:Z1:L1:E3:P1:H3', 0, 0, 0, 0, 'N'),
	(19, 7, 4, 'A1:Z1:L1:E3:P1:H4', 0, 0, 0, 0, 'N'),
	(20, 8, 1, 'A1:Z1:L1:E3:P2:H1', 0, 0, 0, 0, 'N'),
	(21, 8, 2, 'A1:Z1:L1:E3:P2:H2', 0, 0, 0, 0, 'N'),
	(22, 8, 3, 'A1:Z1:L1:E3:P2:H3', 0, 0, 0, 0, 'N'),
	(23, 8, 4, 'A1:Z1:L1:E3:P2:H4', 0, 0, 0, 0, 'N'),
	(24, 9, 1, 'A1:Z1:L1:E3:P3:H1', 0, 0, 0, 0, 'N'),
	(25, 9, 2, 'A1:Z1:L1:E3:P3:H2', 0, 0, 0, 0, 'N'),
	(26, 9, 3, 'A1:Z1:L1:E3:P3:H3', 0, 0, 0, 0, 'N'),
	(27, 9, 4, 'A1:Z1:L1:E3:P3:H4', 0, 0, 0, 0, 'N'),
	(28, 10, 1, 'A1:Z1:L2:E1:P1:H1', 0, 0, 0, 0, 'N'),
	(29, 10, 2, 'A1:Z1:L2:E1:P1:H2', 0, 0, 0, 0, 'N'),
	(30, 10, 3, 'A1:Z1:L2:E1:P1:H3', 0, 0, 0, 0, 'N'),
	(31, 11, 1, 'A1:Z1:L2:E1:P2:H1', 0, 0, 0, 0, 'N'),
	(32, 11, 2, 'A1:Z1:L2:E1:P2:H2', 0, 0, 0, 0, 'N'),
	(33, 11, 3, 'A1:Z1:L2:E1:P2:H3', 0, 0, 0, 0, 'N'),
	(34, 12, 1, 'A1:Z1:L2:E1:P3:H1', 0, 0, 0, 0, 'N'),
	(35, 12, 2, 'A1:Z1:L2:E1:P3:H2', 0, 0, 0, 0, 'N'),
	(36, 12, 3, 'A1:Z1:L2:E1:P3:H3', 0, 0, 0, 0, 'N'),
	(37, 13, 1, 'A1:Z1:L2:E2:P1:H1', 0, 0, 0, 0, 'N'),
	(38, 13, 2, 'A1:Z1:L2:E2:P1:H2', 0, 0, 0, 0, 'N'),
	(39, 13, 3, 'A1:Z1:L2:E2:P1:H3', 0, 0, 0, 0, 'N'),
	(40, 14, 1, 'A1:Z1:L2:E2:P2:H1', 0, 0, 0, 0, 'N'),
	(41, 14, 2, 'A1:Z1:L2:E2:P2:H2', 0, 0, 0, 0, 'N'),
	(42, 14, 3, 'A1:Z1:L2:E2:P2:H3', 0, 0, 0, 0, 'N'),
	(43, 15, 1, 'A1:Z1:L2:E2:P3:H1', 0, 0, 0, 0, 'N'),
	(44, 15, 2, 'A1:Z1:L2:E2:P3:H2', 0, 0, 0, 0, 'N'),
	(45, 15, 3, 'A1:Z1:L2:E2:P3:H3', 0, 0, 0, 0, 'N'),
	(46, 16, 1, 'A1:Z1:L2:E3:P1:H1', 0, 0, 0, 0, 'N'),
	(47, 16, 2, 'A1:Z1:L2:E3:P1:H2', 0, 0, 0, 0, 'N'),
	(48, 17, 1, 'A1:Z1:L2:E3:P2:H1', 0, 0, 0, 0, 'N'),
	(49, 17, 2, 'A1:Z1:L2:E3:P2:H2', 0, 0, 0, 0, 'N'),
	(50, 18, 1, 'A1:Z1:L2:E3:P3:H1', 0, 0, 0, 0, 'N'),
	(51, 18, 2, 'A1:Z1:L2:E3:P3:H2', 0, 0, 0, 0, 'N'),
	(52, 19, 1, 'A1:Z2:L1:E1:P1:H1', 0, 0, 0, 0, 'N'),
	(53, 20, 1, 'A1:Z2:L1:E1:P2:H1', 0, 0, 0, 0, 'N'),
	(54, 21, 1, 'A1:Z2:L1:E1:P3:H1', 0, 0, 0, 0, 'N'),
	(55, 22, 1, 'A1:Z2:L1:E2:P1:H1', 0, 0, 0, 0, 'N'),
	(56, 22, 2, 'A1:Z2:L1:E2:P1:H2', 0, 0, 0, 0, 'N'),
	(57, 23, 1, 'A1:Z2:L1:E2:P2:H1', 0, 0, 0, 0, 'N'),
	(58, 23, 2, 'A1:Z2:L1:E2:P2:H2', 0, 0, 0, 0, 'N'),
	(59, 24, 1, 'A1:Z2:L1:E2:P3:H1', 0, 0, 0, 0, 'N'),
	(60, 24, 2, 'A1:Z2:L1:E2:P3:H2', 0, 0, 0, 0, 'N'),
	(61, 25, 1, 'A1:Z2:L1:E3:P1:H1', 0, 0, 0, 0, 'N'),
	(62, 25, 2, 'A1:Z2:L1:E3:P1:H2', 0, 0, 0, 0, 'N'),
	(63, 25, 3, 'A1:Z2:L1:E3:P1:H3', 0, 0, 0, 0, 'N'),
	(64, 25, 4, 'A1:Z2:L1:E3:P1:H4', 0, 0, 0, 0, 'N'),
	(65, 26, 1, 'A1:Z2:L1:E3:P2:H1', 0, 0, 0, 0, 'N'),
	(66, 26, 2, 'A1:Z2:L1:E3:P2:H2', 0, 0, 0, 0, 'N'),
	(67, 26, 3, 'A1:Z2:L1:E3:P2:H3', 0, 0, 0, 0, 'N'),
	(68, 26, 4, 'A1:Z2:L1:E3:P2:H4', 0, 0, 0, 0, 'N'),
	(69, 27, 1, 'A1:Z2:L1:E3:P3:H1', 0, 0, 0, 0, 'N'),
	(70, 27, 2, 'A1:Z2:L1:E3:P3:H2', 0, 0, 0, 0, 'N'),
	(71, 27, 3, 'A1:Z2:L1:E3:P3:H3', 0, 0, 0, 0, 'N'),
	(72, 27, 4, 'A1:Z2:L1:E3:P3:H4', 0, 0, 0, 0, 'N'),
	(73, 28, 1, 'A1:Z2:L2:E1:P1:H1', 0, 0, 0, 0, 'N'),
	(74, 28, 2, 'A1:Z2:L2:E1:P1:H2', 0, 0, 0, 0, 'N'),
	(75, 28, 3, 'A1:Z2:L2:E1:P1:H3', 0, 0, 0, 0, 'N'),
	(76, 28, 4, 'A1:Z2:L2:E1:P1:H4', 0, 0, 0, 0, 'N'),
	(77, 29, 1, 'A1:Z2:L2:E1:P2:H1', 0, 0, 0, 0, 'N'),
	(78, 29, 2, 'A1:Z2:L2:E1:P2:H2', 0, 0, 0, 0, 'N'),
	(79, 29, 3, 'A1:Z2:L2:E1:P2:H3', 0, 0, 0, 0, 'N'),
	(80, 29, 4, 'A1:Z2:L2:E1:P2:H4', 0, 0, 0, 0, 'N'),
	(81, 30, 1, 'A1:Z2:L2:E1:P3:H1', 0, 0, 0, 0, 'N'),
	(82, 30, 2, 'A1:Z2:L2:E1:P3:H2', 0, 0, 0, 0, 'N'),
	(83, 30, 3, 'A1:Z2:L2:E1:P3:H3', 0, 0, 0, 0, 'N'),
	(84, 30, 4, 'A1:Z2:L2:E1:P3:H4', 0, 0, 0, 0, 'N'),
	(85, 31, 1, 'A1:Z2:L2:E2:P1:H1', 0, 0, 0, 0, 'N'),
	(86, 31, 2, 'A1:Z2:L2:E2:P1:H2', 0, 0, 0, 0, 'N'),
	(87, 31, 3, 'A1:Z2:L2:E2:P1:H3', 0, 0, 0, 0, 'N'),
	(88, 31, 4, 'A1:Z2:L2:E2:P1:H4', 0, 0, 0, 0, 'N'),
	(89, 32, 1, 'A1:Z2:L2:E2:P2:H1', 0, 0, 0, 0, 'N'),
	(90, 32, 2, 'A1:Z2:L2:E2:P2:H2', 0, 0, 0, 0, 'N'),
	(91, 32, 3, 'A1:Z2:L2:E2:P2:H3', 0, 0, 0, 0, 'N'),
	(92, 32, 4, 'A1:Z2:L2:E2:P2:H4', 0, 0, 0, 0, 'N'),
	(93, 33, 1, 'A1:Z2:L2:E2:P3:H1', 0, 0, 0, 0, 'N'),
	(94, 33, 2, 'A1:Z2:L2:E2:P3:H2', 0, 0, 0, 0, 'N'),
	(95, 33, 3, 'A1:Z2:L2:E2:P3:H3', 0, 0, 0, 0, 'N'),
	(96, 33, 4, 'A1:Z2:L2:E2:P3:H4', 0, 0, 0, 0, 'N'),
	(97, 34, 1, 'A1:Z2:L2:E3:P1:H1', 0, 0, 0, 0, 'N'),
	(98, 35, 1, 'A1:Z2:L2:E3:P2:H1', 0, 0, 0, 0, 'N'),
	(99, 36, 1, 'A1:Z2:L2:E3:P3:H1', 0, 0, 0, 0, 'N'),
	(100, 37, 1, 'A1:Z3:L1:E1:P1:H1', 0, 0, 0, 0, 'N'),
	(101, 37, 2, 'A1:Z3:L1:E1:P1:H2', 0, 0, 0, 0, 'N'),
	(102, 37, 3, 'A1:Z3:L1:E1:P1:H3', 0, 0, 0, 0, 'N'),
	(103, 38, 1, 'A1:Z3:L1:E1:P2:H1', 0, 0, 0, 0, 'N'),
	(104, 38, 2, 'A1:Z3:L1:E1:P2:H2', 0, 0, 0, 0, 'N'),
	(105, 38, 3, 'A1:Z3:L1:E1:P2:H3', 0, 0, 0, 0, 'N'),
	(106, 39, 1, 'A1:Z3:L1:E1:P3:H1', 0, 0, 0, 0, 'N'),
	(107, 39, 2, 'A1:Z3:L1:E1:P3:H2', 0, 0, 0, 0, 'N'),
	(108, 39, 3, 'A1:Z3:L1:E1:P3:H3', 0, 0, 0, 0, 'N'),
	(109, 40, 1, 'A1:Z3:L1:E1:P4:H1', 0, 0, 0, 0, 'N'),
	(110, 40, 2, 'A1:Z3:L1:E1:P4:H2', 0, 0, 0, 0, 'N'),
	(111, 40, 3, 'A1:Z3:L1:E1:P4:H3', 0, 0, 0, 0, 'N'),
	(112, 41, 1, 'A1:Z3:L1:E2:P1:H1', 0, 0, 0, 0, 'N'),
	(113, 41, 2, 'A1:Z3:L1:E2:P1:H2', 0, 0, 0, 0, 'N'),
	(114, 42, 1, 'A1:Z3:L1:E2:P2:H1', 0, 0, 0, 0, 'N'),
	(115, 42, 2, 'A1:Z3:L1:E2:P2:H2', 0, 0, 0, 0, 'N'),
	(116, 43, 1, 'A1:Z3:L1:E2:P3:H1', 0, 0, 0, 0, 'N'),
	(117, 43, 2, 'A1:Z3:L1:E2:P3:H2', 0, 0, 0, 0, 'N'),
	(118, 44, 1, 'A1:Z3:L1:E2:P4:H1', 0, 0, 0, 0, 'N'),
	(119, 44, 2, 'A1:Z3:L1:E2:P4:H2', 0, 0, 0, 0, 'N'),
	(120, 45, 1, 'A1:Z4:L1:E1:P1:H1', 0, 0, 0, 0, 'N'),
	(121, 45, 2, 'A1:Z4:L1:E1:P1:H2', 0, 0, 0, 0, 'N'),
	(122, 46, 1, 'A1:Z4:L1:E1:P2:H1', 0, 0, 0, 0, 'N'),
	(123, 46, 2, 'A1:Z4:L1:E1:P2:H2', 0, 0, 0, 0, 'N'),
	(124, 47, 1, 'A1:Z4:L1:E1:P3:H1', 0, 0, 0, 0, 'N'),
	(125, 47, 2, 'A1:Z4:L1:E1:P3:H2', 0, 0, 0, 0, 'N'),
	(126, 48, 1, 'A1:Z4:L1:E1:P4:H1', 0, 0, 0, 0, 'N'),
	(127, 48, 2, 'A1:Z4:L1:E1:P4:H2', 0, 0, 0, 0, 'N'),
	(128, 49, 1, 'A1:Z4:L1:E2:P1:H1', 0, 0, 0, 0, 'N'),
	(129, 49, 2, 'A1:Z4:L1:E2:P1:H2', 0, 0, 0, 0, 'N'),
	(130, 50, 1, 'A1:Z4:L1:E2:P2:H1', 0, 0, 0, 0, 'N'),
	(131, 50, 2, 'A1:Z4:L1:E2:P2:H2', 0, 0, 0, 0, 'N'),
	(132, 51, 1, 'A1:Z4:L1:E2:P3:H1', 0, 0, 0, 0, 'N'),
	(133, 51, 2, 'A1:Z4:L1:E2:P3:H2', 0, 0, 0, 0, 'N'),
	(134, 52, 1, 'A1:Z4:L1:E2:P4:H1', 0, 0, 0, 0, 'N'),
	(135, 52, 2, 'A1:Z4:L1:E2:P4:H2', 0, 0, 0, 0, 'N'),
	(136, 53, 1, 'A1:Z4:L1:E3:P1:H1', 0, 0, 0, 0, 'N'),
	(137, 53, 2, 'A1:Z4:L1:E3:P1:H2', 0, 0, 0, 0, 'N'),
	(138, 53, 3, 'A1:Z4:L1:E3:P1:H3', 0, 0, 0, 0, 'N'),
	(139, 54, 1, 'A1:Z4:L1:E3:P2:H1', 0, 0, 0, 0, 'N'),
	(140, 54, 2, 'A1:Z4:L1:E3:P2:H2', 0, 0, 0, 0, 'N'),
	(141, 54, 3, 'A1:Z4:L1:E3:P2:H3', 0, 0, 0, 0, 'N'),
	(142, 55, 1, 'A1:Z4:L1:E3:P3:H1', 0, 0, 0, 0, 'N'),
	(143, 55, 2, 'A1:Z4:L1:E3:P3:H2', 0, 0, 0, 0, 'N'),
	(144, 55, 3, 'A1:Z4:L1:E3:P3:H3', 0, 0, 0, 0, 'N'),
	(145, 56, 1, 'A1:Z4:L1:E3:P4:H1', 0, 0, 0, 0, 'N'),
	(146, 56, 2, 'A1:Z4:L1:E3:P4:H2', 0, 0, 0, 0, 'N'),
	(147, 56, 3, 'A1:Z4:L1:E3:P4:H3', 0, 0, 0, 0, 'N'),
	(148, 57, 1, 'A1:Z4:L1:E4:P1:H1', 0, 0, 0, 0, 'N'),
	(149, 57, 2, 'A1:Z4:L1:E4:P1:H2', 0, 0, 0, 0, 'N'),
	(150, 57, 3, 'A1:Z4:L1:E4:P1:H3', 0, 0, 0, 0, 'N'),
	(151, 58, 1, 'A1:Z4:L1:E4:P2:H1', 0, 0, 0, 0, 'N'),
	(152, 58, 2, 'A1:Z4:L1:E4:P2:H2', 0, 0, 0, 0, 'N'),
	(153, 58, 3, 'A1:Z4:L1:E4:P2:H3', 0, 0, 0, 0, 'N'),
	(154, 59, 1, 'A1:Z4:L1:E4:P3:H1', 0, 0, 0, 0, 'N'),
	(155, 59, 2, 'A1:Z4:L1:E4:P3:H2', 0, 0, 0, 0, 'N'),
	(156, 59, 3, 'A1:Z4:L1:E4:P3:H3', 0, 0, 0, 0, 'N'),
	(157, 60, 1, 'A1:Z4:L1:E4:P4:H1', 0, 0, 0, 0, 'N'),
	(158, 60, 2, 'A1:Z4:L1:E4:P4:H2', 0, 0, 0, 0, 'N'),
	(159, 60, 3, 'A1:Z4:L1:E4:P4:H3', 0, 0, 0, 0, 'N'),
	(160, 61, 1, 'A1:Z5:L1:E1:P1:H1', 0, 0, 0, 0, 'N'),
	(161, 61, 2, 'A1:Z5:L1:E1:P1:H2', 0, 0, 0, 0, 'N'),
	(162, 62, 1, 'A1:Z5:L1:E1:P2:H1', 0, 0, 0, 0, 'N'),
	(163, 62, 2, 'A1:Z5:L1:E1:P2:H2', 0, 0, 0, 0, 'N'),
	(164, 63, 1, 'A1:Z5:L1:E1:P3:H1', 0, 0, 0, 0, 'N'),
	(165, 63, 2, 'A1:Z5:L1:E1:P3:H2', 0, 0, 0, 0, 'N'),
	(166, 64, 1, 'A1:Z5:L1:E1:P4:H1', 0, 0, 0, 0, 'N'),
	(167, 64, 2, 'A1:Z5:L1:E1:P4:H2', 0, 0, 0, 0, 'N'),
	(168, 65, 1, 'A1:Z5:L1:E2:P1:H1', 0, 0, 0, 0, 'N'),
	(169, 65, 2, 'A1:Z5:L1:E2:P1:H2', 0, 0, 0, 0, 'N'),
	(170, 66, 1, 'A1:Z5:L1:E2:P2:H1', 0, 0, 0, 0, 'N'),
	(171, 66, 2, 'A1:Z5:L1:E2:P2:H2', 0, 0, 0, 0, 'N'),
	(172, 67, 1, 'A1:Z5:L1:E2:P3:H1', 0, 0, 0, 0, 'N'),
	(173, 67, 2, 'A1:Z5:L1:E2:P3:H2', 0, 0, 0, 0, 'N'),
	(174, 68, 1, 'A1:Z5:L1:E2:P4:H1', 0, 0, 0, 0, 'N'),
	(175, 68, 2, 'A1:Z5:L1:E2:P4:H2', 0, 0, 0, 0, 'N'),
	(176, 69, 1, 'A1:Z5:L1:E3:P1:H1', 0, 0, 0, 0, 'N'),
	(177, 69, 2, 'A1:Z5:L1:E3:P1:H2', 0, 0, 0, 0, 'N'),
	(178, 69, 3, 'A1:Z5:L1:E3:P1:H3', 0, 0, 0, 0, 'N'),
	(179, 70, 1, 'A1:Z5:L1:E3:P2:H1', 0, 0, 0, 0, 'N'),
	(180, 70, 2, 'A1:Z5:L1:E3:P2:H2', 0, 0, 0, 0, 'N'),
	(181, 70, 3, 'A1:Z5:L1:E3:P2:H3', 0, 0, 0, 0, 'N'),
	(182, 71, 1, 'A1:Z5:L1:E3:P3:H1', 0, 0, 0, 0, 'N'),
	(183, 71, 2, 'A1:Z5:L1:E3:P3:H2', 0, 0, 0, 0, 'N'),
	(184, 71, 3, 'A1:Z5:L1:E3:P3:H3', 0, 0, 0, 0, 'N'),
	(185, 72, 1, 'A1:Z5:L1:E3:P4:H1', 0, 0, 0, 0, 'N'),
	(186, 72, 2, 'A1:Z5:L1:E3:P4:H2', 0, 0, 0, 0, 'N'),
	(187, 72, 3, 'A1:Z5:L1:E3:P4:H3', 0, 0, 0, 0, 'N'),
	(188, 73, 1, 'A1:Z5:L1:E4:P1:H1', 0, 0, 0, 0, 'N'),
	(189, 73, 2, 'A1:Z5:L1:E4:P1:H2', 0, 0, 0, 0, 'N'),
	(190, 73, 3, 'A1:Z5:L1:E4:P1:H3', 0, 0, 0, 0, 'N'),
	(191, 74, 1, 'A1:Z5:L1:E4:P2:H1', 0, 0, 0, 0, 'N'),
	(192, 74, 2, 'A1:Z5:L1:E4:P2:H2', 0, 0, 0, 0, 'N'),
	(193, 74, 3, 'A1:Z5:L1:E4:P2:H3', 0, 0, 0, 0, 'N'),
	(194, 75, 1, 'A1:Z5:L1:E4:P3:H1', 0, 0, 0, 0, 'N'),
	(195, 75, 2, 'A1:Z5:L1:E4:P3:H2', 0, 0, 0, 0, 'N'),
	(196, 75, 3, 'A1:Z5:L1:E4:P3:H3', 0, 0, 0, 0, 'N'),
	(197, 76, 1, 'A1:Z5:L1:E4:P4:H1', 0, 0, 0, 0, 'N'),
	(198, 76, 2, 'A1:Z5:L1:E4:P4:H2', 0, 0, 0, 0, 'N'),
	(199, 76, 3, 'A1:Z5:L1:E4:P4:H3', 0, 0, 0, 0, 'N'),
	(200, 77, 1, '0973 CPT', 0, 0, 0, 0, 'N'),
	(201, 78, 1, '8066 HFW', 0, 0, 0, 0, 'N'),
	(202, 79, 1, '7489 DHD', 0, 0, 0, 0, 'N'),
	(203, 80, 1, 'Big Bag 01', 0, 0, 0, 0, 'S'),
	(204, 80, 1, 'Big Bag 02', 0, 0, 0, 0, 'S'),
	(205, 80, 1, 'Big Bag 03', 0, 0, 0, 0, 'S'),
	(206, 80, 1, 'Big Bag 04', 0, 0, 0, 0, 'S'),
	(207, 80, 1, 'Big Bag 05', 0, 0, 0, 0, 'S'),
	(208, 80, 1, 'Big Bag 06', 0, 0, 0, 0, 'S'),
	(209, 80, 1, 'Big Bag 07', 0, 0, 0, 0, 'S'),
	(210, 80, 1, 'Big Bag 08', 0, 0, 0, 0, 'S'),
	(211, 80, 1, 'Big Bag 09', 0, 0, 0, 0, 'S'),
	(212, 80, 1, 'Big Bag 10', 0, 0, 0, 0, 'S'),
	(213, 80, 1, 'Big Bag 11', 0, 0, 0, 0, 'S'),
	(214, 80, 1, 'Big Bag 12', 0, 0, 0, 0, 'S'),
	(221, 87, 1, 'Entrada', 0, 0, 0, 0, 'N'),
	(222, 88, 1, 'Granda', 0, 0, 0, 0, 'N'),
	(223, 89, 1, 'Salida', 0, 0, 0, 0, 'N'),
	(224, 90, 1, 'Lobenor (Pol. El Berrón)', 0, 0, 0, 0, 'N'),
	(225, 91, 1, 'Asturasfer (Pol. de Silvota)', 0, 0, 0, 0, 'N');
/*!40000 ALTER TABLE `ubicacion_hueco` ENABLE KEYS */;


-- Dumping structure for table tierrina.ubicacion_linea
CREATE TABLE IF NOT EXISTS `ubicacion_linea` (
  `idLinea` bigint(20) NOT NULL AUTO_INCREMENT,
  `idZona` bigint(20) NOT NULL DEFAULT '0',
  `idLineaZona` bigint(20) NOT NULL DEFAULT '0',
  `descripcion` varchar(50) NOT NULL DEFAULT '',
  `urlPlano` varchar(50) NOT NULL DEFAULT '',
  PRIMARY KEY (`idLinea`)
) ENGINE=MyISAM AUTO_INCREMENT=26 DEFAULT CHARSET=latin1;

-- Dumping data for table tierrina.ubicacion_linea: 16 rows
DELETE FROM `ubicacion_linea`;
/*!40000 ALTER TABLE `ubicacion_linea` DISABLE KEYS */;
INSERT INTO `ubicacion_linea` (`idLinea`, `idZona`, `idLineaZona`, `descripcion`, `urlPlano`) VALUES
	(1, 1, 1, 'Conservacion 1 arriba', 'ubicacion/A1Z1L1.jsp'),
	(2, 1, 2, 'Conservacion 1 abajo', 'ubicacion/A1Z1L2.jsp'),
	(3, 2, 1, 'Conservacion 2 arriba', 'ubicacion/A1Z2L1.jsp'),
	(4, 2, 2, 'Conservacion 2 abajo', 'ubicacion/A1Z2L2.jsp'),
	(5, 3, 1, 'Cartonaje', 'ubicacion/A1Z3L1.jsp'),
	(6, 4, 1, 'Almacen 1', 'ubicacion/A1Z4L1.jsp'),
	(7, 5, 1, 'Almacen 2', 'ubicacion/A1Z5L1.jsp'),
	(8, 9, 1, '0973 CPT', ''),
	(9, 10, 1, '8066 HFW', ''),
	(10, 11, 1, '7489 DHD', ''),
	(11, 6, 1, 'Zona de envasado', 'ubicacion/zonaEnvasado.jsp'),
	(19, 13, 1, 'Granda', ''),
	(18, 12, 1, 'Entrada', ''),
	(20, 14, 1, 'Salida', ''),
	(21, 15, 1, 'Lobenor (Pol. El Berrón)', ''),
	(22, 16, 1, 'Asturasfer (Pol. de Silvota)', '');
/*!40000 ALTER TABLE `ubicacion_linea` ENABLE KEYS */;


-- Dumping structure for table tierrina.ubicacion_movimiento
CREATE TABLE IF NOT EXISTS `ubicacion_movimiento` (
  `idMovimiento` bigint(20) NOT NULL AUTO_INCREMENT,
  `idHueco` bigint(20) NOT NULL DEFAULT '0',
  `registro` varchar(50) COLLATE utf8_bin NOT NULL DEFAULT '',
  `cantidad` bigint(20) NOT NULL DEFAULT '0',
  `responsable` varchar(50) COLLATE utf8_bin NOT NULL DEFAULT '',
  `fecha` timestamp NOT NULL DEFAULT CURRENT_TIMESTAMP,
  `sacarMeter` char(1) COLLATE utf8_bin NOT NULL DEFAULT 'S',
  PRIMARY KEY (`idMovimiento`)
) ENGINE=InnoDB AUTO_INCREMENT=410 DEFAULT CHARSET=utf8 COLLATE=utf8_bin;

-- Dumping data for table tierrina.ubicacion_movimiento: ~639 rows (approximately)
DELETE FROM `ubicacion_movimiento`;
/*!40000 ALTER TABLE `ubicacion_movimiento` DISABLE KEYS */;
INSERT INTO `ubicacion_movimiento` (`idMovimiento`, `idHueco`, `registro`, `cantidad`, `responsable`, `fecha`, `sacarMeter`) VALUES
	(6, 0, 'null', 0, 'null', '2012-06-25 00:00:00', 'S'),
	(7, 81, 'AE 21/11', 25, 'Maria', '2012-06-25 00:00:00', 'M'),
	(8, 223, 'E120528-35', 2, 'Maria', '2012-08-13 00:00:00', 'S'),
	(9, 201, 'E120528-35', 2, 'Maria', '2012-08-13 00:00:00', 'M'),
	(10, 223, '02153003', 24, 'Maria', '2012-08-13 00:00:00', 'S'),
	(11, 201, '02153003', 24, 'Maria', '2012-08-13 00:00:00', 'M'),
	(12, 221, 'E120530-99', 150, 'Maria', '2012-09-12 00:00:00', 'S'),
	(13, 5, 'E120530-99', 150, 'Maria', '2012-09-12 00:00:00', 'M'),
	(14, 221, 'E120917-134', 344, 'Maria', '2012-09-17 00:00:00', 'S'),
	(15, 66, 'E120917-134', 344, 'Maria', '2012-09-17 00:00:00', 'M'),
	(16, 221, 'E12108-141', 795, 'Maria', '2012-10-08 00:00:00', 'S'),
	(17, 12, 'E12108-141', 795, 'Maria', '2012-10-08 00:00:00', 'M'),
	(18, 221, 'E12108-141', 797, 'Maria', '2012-10-08 00:00:00', 'S'),
	(19, 3, 'E12108-141', 797, 'Maria', '2012-10-08 00:00:00', 'M'),
	(20, 221, 'E12108-141', 799, 'Maria', '2012-10-08 00:00:00', 'S'),
	(21, 13, 'E12108-141', 799, 'Maria', '2012-10-08 00:00:00', 'M'),
	(22, 221, 'E12108-141', 799, 'Maria', '2012-10-08 00:00:00', 'S'),
	(23, 14, 'E12108-141', 799, 'Maria', '2012-10-08 00:00:00', 'M'),
	(24, 221, 'E12108-141', 801, 'Maria', '2012-10-08 00:00:00', 'S'),
	(25, 2, 'E12108-141', 801, 'Maria', '2012-10-08 00:00:00', 'M'),
	(26, 221, 'E12108-141', 801, 'Maria', '2012-10-08 00:00:00', 'S'),
	(27, 8, 'E12108-141', 801, 'Maria', '2012-10-08 00:00:00', 'M'),
	(28, 221, 'E12108-141', 801, 'Maria', '2012-10-08 00:00:00', 'S'),
	(29, 9, 'E12108-141', 801, 'Maria', '2012-10-08 00:00:00', 'M'),
	(30, 221, 'E12108-141', 801, 'Maria', '2012-10-08 00:00:00', 'S'),
	(31, 24, 'E12108-141', 801, 'Maria', '2012-10-08 00:00:00', 'M'),
	(32, 221, 'E12108-141', 802, 'Maria', '2012-10-08 00:00:00', 'S'),
	(33, 10, 'E12108-141', 802, 'Maria', '2012-10-08 00:00:00', 'M'),
	(34, 9, 'E12108-141', 50, 'Maria', '2013-01-17 00:00:00', 'S'),
	(35, 201, 'E12108-141', 50, 'Maria', '2013-01-17 00:00:00', 'M'),
	(36, 0, 'null', 0, 'null', '2013-01-23 00:00:00', 'S'),
	(37, 201, '02200002', 1, 'Maria', '2013-01-23 00:00:00', 'M'),
	(38, 0, 'null', 0, 'null', '2013-01-23 00:00:00', 'S'),
	(39, 201, '03011001', 2, 'Maria', '2013-01-23 00:00:00', 'M'),
	(40, 0, 'null', 0, 'null', '2013-01-23 00:00:00', 'S'),
	(41, 201, '02177001', 3, 'Maria', '2013-01-23 00:00:00', 'M'),
	(42, 221, 'E130129-212', 1000, 'Maria', '2013-01-29 00:00:00', 'S'),
	(43, 51, 'E130129-212', 1000, 'Maria', '2013-01-29 00:00:00', 'M'),
	(44, 221, 'E130129-212', 991, 'Maria', '2013-01-29 00:00:00', 'S'),
	(45, 50, 'E130129-212', 991, 'Maria', '2013-01-29 00:00:00', 'M'),
	(46, 221, 'E130129-212', 982, 'Maria', '2013-01-29 00:00:00', 'S'),
	(47, 49, 'E130129-212', 982, 'Maria', '2013-01-29 00:00:00', 'M'),
	(48, 221, 'E130129-212', 983, 'Maria', '2013-01-29 00:00:00', 'S'),
	(49, 48, 'E130129-212', 983, 'Maria', '2013-01-29 00:00:00', 'M'),
	(50, 221, 'E130129-212', 747, 'Maria', '2013-01-29 00:00:00', 'S'),
	(51, 47, 'E130129-212', 747, 'Maria', '2013-01-29 00:00:00', 'M'),
	(52, 221, 'E130129-212', 987, 'Maria', '2013-01-29 00:00:00', 'S'),
	(53, 46, 'E130129-212', 987, 'Maria', '2013-01-29 00:00:00', 'M'),
	(54, 221, 'E130129-212', 988, 'Maria', '2013-01-29 00:00:00', 'S'),
	(55, 39, 'E130129-212', 988, 'Maria', '2013-01-29 00:00:00', 'M'),
	(56, 221, 'E130129-212', 987, 'Maria', '2013-01-29 00:00:00', 'S'),
	(57, 38, 'E130129-212', 987, 'Maria', '2013-01-29 00:00:00', 'M'),
	(58, 221, 'E130129-212', 987, 'Maria', '2013-01-29 00:00:00', 'S'),
	(59, 37, 'E130129-212', 987, 'Maria', '2013-01-29 00:00:00', 'M'),
	(60, 221, 'E130129-212', 983, 'Maria', '2013-01-29 00:00:00', 'S'),
	(61, 40, 'E130129-212', 983, 'Maria', '2013-01-29 00:00:00', 'M'),
	(62, 221, 'E130129-212', 986, 'Maria', '2013-01-29 00:00:00', 'S'),
	(63, 41, 'E130129-212', 986, 'Maria', '2013-01-29 00:00:00', 'M'),
	(64, 221, 'E130129-213', 989, 'Maria', '2013-01-29 00:00:00', 'S'),
	(65, 42, 'E130129-213', 989, 'Maria', '2013-01-29 00:00:00', 'M'),
	(66, 221, 'E130129-213', 997, 'Maria', '2013-01-29 00:00:00', 'S'),
	(67, 45, 'E130129-213', 997, 'Maria', '2013-01-29 00:00:00', 'M'),
	(68, 221, 'E130129-213', 995, 'Maria', '2013-01-29 00:00:00', 'S'),
	(69, 44, 'E130129-213', 995, 'Maria', '2013-01-29 00:00:00', 'M'),
	(70, 221, 'E130129-213', 988, 'Maria', '2013-01-29 00:00:00', 'S'),
	(71, 43, 'E130129-213', 988, 'Maria', '2013-01-29 00:00:00', 'M'),
	(72, 221, 'E130129-213', 978, 'Maria', '2013-01-29 00:00:00', 'S'),
	(73, 30, 'E130129-213', 978, 'Maria', '2013-01-29 00:00:00', 'M'),
	(74, 221, 'E130129-213', 396, 'Maria', '2013-01-29 00:00:00', 'S'),
	(75, 33, 'E130129-213', 396, 'Maria', '2013-01-29 00:00:00', 'M'),
	(76, 221, 'E130129-214', 637, 'Maria', '2013-01-29 00:00:00', 'S'),
	(77, 36, 'E130129-214', 637, 'Maria', '2013-01-29 00:00:00', 'M'),
	(78, 221, 'E130129-214', 989, 'Maria', '2013-01-29 00:00:00', 'S'),
	(79, 29, 'E130129-214', 989, 'Maria', '2013-01-29 00:00:00', 'M'),
	(80, 221, 'E130129-215', 990, 'Maria', '2013-01-29 00:00:00', 'S'),
	(81, 32, 'E130129-215', 990, 'Maria', '2013-01-29 00:00:00', 'M'),
	(82, 221, 'E130129-215', 996, 'Maria', '2013-01-29 00:00:00', 'S'),
	(83, 35, 'E130129-215', 996, 'Maria', '2013-01-29 00:00:00', 'M'),
	(84, 221, 'E130129-215', 995, 'Maria', '2013-01-29 00:00:00', 'S'),
	(85, 28, 'E130129-215', 995, 'Maria', '2013-01-29 00:00:00', 'M'),
	(86, 221, 'E130129-215', 998, 'Maria', '2013-01-29 00:00:00', 'S'),
	(87, 31, 'E130129-215', 998, 'Maria', '2013-01-29 00:00:00', 'M'),
	(88, 221, 'E130129-215', 198, 'Maria', '2013-01-29 00:00:00', 'S'),
	(89, 34, 'E130129-215', 198, 'Maria', '2013-01-29 00:00:00', 'M'),
	(90, 221, 'E13024-246', 440, 'Maria', '2013-02-04 00:00:00', 'S'),
	(91, 64, 'E13024-246', 440, 'Maria', '2013-02-04 00:00:00', 'M'),
	(92, 221, 'E13024-247', 40, 'Maria', '2013-02-04 00:00:00', 'S'),
	(93, 63, 'E13024-247', 40, 'Maria', '2013-02-04 00:00:00', 'M'),
	(94, 221, 'E13025-248', 560, 'Maria', '2013-02-05 00:00:00', 'S'),
	(95, 67, 'E13025-248', 560, 'Maria', '2013-02-05 00:00:00', 'M'),
	(96, 221, 'E13025-249', 80, 'Maria', '2013-02-05 00:00:00', 'S'),
	(97, 62, 'E13025-249', 80, 'Maria', '2013-02-05 00:00:00', 'M'),
	(98, 221, 'E13025-250', 76, 'Maria', '2013-02-05 00:00:00', 'S'),
	(99, 56, 'E13025-250', 76, 'Maria', '2013-02-05 00:00:00', 'M'),
	(100, 221, 'E13025-251', 25, 'Maria', '2013-02-05 00:00:00', 'S'),
	(101, 55, 'E13025-251', 25, 'Maria', '2013-02-05 00:00:00', 'M'),
	(102, 0, 'null', 0, 'null', '2013-02-07 00:00:00', 'S'),
	(103, 201, '02334001', 3, 'Maria', '2013-02-07 00:00:00', 'M'),
	(104, 221, 'E130215-269', 429, 'Maria', '2013-02-15 00:00:00', 'S'),
	(105, 61, 'E130215-269', 429, 'Maria', '2013-02-15 00:00:00', 'M'),
	(106, 221, 'E130215-270', 75, 'Maria', '2013-02-15 00:00:00', 'S'),
	(107, 68, 'E130215-270', 75, 'Maria', '2013-02-15 00:00:00', 'M'),
	(108, 0, 'null', 0, 'null', '2013-02-15 00:00:00', 'S'),
	(109, 201, '03043002', 8, 'Maria', '2013-02-15 00:00:00', 'M'),
	(110, 0, 'null', 0, 'null', '2013-02-22 00:00:00', 'S'),
	(111, 224, '03053001', 63, 'Maria', '2013-02-22 00:00:00', 'M'),
	(112, 223, '02205003', 15, 'Maria', '2013-03-06 00:00:00', 'S'),
	(113, 201, '02205003', 15, 'Maria', '2013-03-06 00:00:00', 'M'),
	(114, 223, '02160001', 14, 'Maria', '2013-03-06 00:00:00', 'S'),
	(115, 201, '02160001', 14, 'Maria', '2013-03-06 00:00:00', 'M'),
	(116, 223, '02192005', 2, 'Maria', '2013-03-06 00:00:00', 'S'),
	(117, 201, '02192005', 2, 'Maria', '2013-03-06 00:00:00', 'M'),
	(118, 223, '02173009', 13, 'Maria', '2013-03-06 00:00:00', 'S'),
	(119, 201, '02173009', 13, 'Maria', '2013-03-06 00:00:00', 'M'),
	(120, 223, '02157002', 1, 'Maria', '2013-03-06 00:00:00', 'S'),
	(121, 201, '02157002', 1, 'Maria', '2013-03-06 00:00:00', 'M'),
	(122, 223, '02188006', 1, 'Maria', '2013-03-06 00:00:00', 'S'),
	(123, 201, '02188006', 1, 'Maria', '2013-03-06 00:00:00', 'M'),
	(124, 223, '02335001', 3, 'Maria', '2013-03-06 00:00:00', 'S'),
	(125, 201, '02335001', 3, 'Maria', '2013-03-06 00:00:00', 'M'),
	(126, 223, '02181003', 24, 'Maria', '2013-03-06 00:00:00', 'S'),
	(127, 201, '02181003', 24, 'Maria', '2013-03-06 00:00:00', 'M'),
	(128, 223, '03065001', 2, 'Maria', '2013-03-06 00:00:00', 'S'),
	(129, 201, '03065001', 2, 'Maria', '2013-03-06 00:00:00', 'M'),
	(130, 223, '02305002', 10, 'Maria', '2013-03-08 00:00:00', 'S'),
	(131, 201, '02305002', 10, 'Maria', '2013-03-08 00:00:00', 'M'),
	(132, 223, '03043001', 15, 'Maria', '2013-03-08 00:00:00', 'S'),
	(133, 201, '03043001', 15, 'Maria', '2013-03-08 00:00:00', 'M'),
	(134, 223, '02362001', 10, 'Maria', '2013-03-18 00:00:00', 'S'),
	(135, 201, '02362001', 10, 'Maria', '2013-03-18 00:00:00', 'M'),
	(136, 223, '02237003', 450, 'Maria', '2013-03-18 00:00:00', 'S'),
	(137, 201, '02237003', 450, 'Maria', '2013-03-18 00:00:00', 'M'),
	(138, 223, '02221003', 8, 'Maria', '2013-03-18 00:00:00', 'S'),
	(139, 201, '02221003', 8, 'Maria', '2013-03-18 00:00:00', 'M'),
	(140, 223, '02188004', 4, 'Maria', '2013-03-18 00:00:00', 'S'),
	(141, 201, '02188004', 4, 'Maria', '2013-03-18 00:00:00', 'M'),
	(142, 223, '02157006', 23, 'Maria', '2013-03-18 00:00:00', 'S'),
	(143, 201, '02157006', 23, 'Maria', '2013-03-18 00:00:00', 'M'),
	(144, 223, '02158003', 6, 'Maria', '2013-03-18 00:00:00', 'S'),
	(145, 201, '02158003', 6, 'Maria', '2013-03-18 00:00:00', 'M'),
	(146, 223, '02154001', 47, 'Maria', '2013-03-18 00:00:00', 'S'),
	(147, 201, '02154001', 47, 'Maria', '2013-03-18 00:00:00', 'M'),
	(148, 223, '02174002', 63, 'Maria', '2013-03-18 00:00:00', 'S'),
	(149, 201, '02174002', 63, 'Maria', '2013-03-18 00:00:00', 'M'),
	(150, 223, '02181003', 12, 'Maria', '2013-03-18 00:00:00', 'S'),
	(151, 201, '02181003', 12, 'Maria', '2013-03-18 00:00:00', 'M'),
	(152, 223, '02153003', 47, 'Maria', '2013-03-18 00:00:00', 'S'),
	(153, 201, '02153003', 47, 'Maria', '2013-03-18 00:00:00', 'M'),
	(154, 223, '02174001', 118, 'Maria', '2013-03-18 00:00:00', 'S'),
	(155, 201, '02174001', 118, 'Maria', '2013-03-18 00:00:00', 'M'),
	(156, 223, '02179001', 23, 'Maria', '2013-03-18 00:00:00', 'S'),
	(157, 201, '02179001', 23, 'Maria', '2013-03-18 00:00:00', 'M'),
	(158, 223, '02179002', 95, 'Maria', '2013-03-18 00:00:00', 'S'),
	(159, 201, '02179002', 95, 'Maria', '2013-03-18 00:00:00', 'M'),
	(160, 223, '02181002', 72, 'Maria', '2013-03-18 00:00:00', 'S'),
	(161, 201, '02181002', 72, 'Maria', '2013-03-18 00:00:00', 'M'),
	(162, 223, '02163001', 35, 'Maria', '2013-03-18 00:00:00', 'S'),
	(163, 201, '02163001', 35, 'Maria', '2013-03-18 00:00:00', 'M'),
	(164, 223, '03053001', 63, 'Maria', '2013-03-18 00:00:00', 'S'),
	(165, 201, '03053001', 63, 'Maria', '2013-03-18 00:00:00', 'M'),
	(166, 223, '02208001', 50, 'Maria', '2013-03-18 00:00:00', 'S'),
	(167, 201, '02208001', 50, 'Maria', '2013-03-18 00:00:00', 'M'),
	(168, 223, '02185002', 120, 'Maria', '2013-03-18 00:00:00', 'S'),
	(169, 201, '02185002', 120, 'Maria', '2013-03-18 00:00:00', 'M'),
	(170, 223, '02200001', 10, 'Maria', '2013-03-18 00:00:00', 'S'),
	(171, 201, '02200001', 10, 'Maria', '2013-03-18 00:00:00', 'M'),
	(172, 223, '02314002', 20, 'Maria', '2013-03-18 00:00:00', 'S'),
	(173, 201, '02314002', 20, 'Maria', '2013-03-18 00:00:00', 'M'),
	(174, 223, '02178002', 4, 'Maria', '2013-03-18 00:00:00', 'S'),
	(175, 201, '02178002', 4, 'Maria', '2013-03-18 00:00:00', 'M'),
	(176, 223, '02200002', 20, 'Maria', '2013-03-18 00:00:00', 'S'),
	(177, 201, '02200002', 20, 'Maria', '2013-03-18 00:00:00', 'M'),
	(178, 223, '02187003', 12, 'Maria', '2013-03-18 00:00:00', 'S'),
	(179, 201, '02187003', 12, 'Maria', '2013-03-18 00:00:00', 'M'),
	(180, 223, '02216001', 20, 'Maria', '2013-03-18 00:00:00', 'S'),
	(181, 201, '02216001', 20, 'Maria', '2013-03-18 00:00:00', 'M'),
	(182, 223, '02233002', 20, 'Maria', '2013-03-18 00:00:00', 'S'),
	(183, 201, '02233002', 20, 'Maria', '2013-03-18 00:00:00', 'M'),
	(184, 223, '02158005', 8, 'Maria', '2013-03-18 00:00:00', 'S'),
	(185, 201, '02158005', 8, 'Maria', '2013-03-18 00:00:00', 'M'),
	(186, 223, '02195005', 16, 'Maria', '2013-03-18 00:00:00', 'S'),
	(187, 201, '02195005', 16, 'Maria', '2013-03-18 00:00:00', 'M'),
	(188, 223, '03003001', 15, 'Maria', '2013-03-18 00:00:00', 'S'),
	(189, 201, '03003001', 15, 'Maria', '2013-03-18 00:00:00', 'M'),
	(190, 223, '02241007', 20, 'Maria', '2013-03-18 00:00:00', 'S'),
	(191, 201, '02241007', 20, 'Maria', '2013-03-18 00:00:00', 'M'),
	(192, 223, '02244002', 170, 'Maria', '2013-03-18 00:00:00', 'S'),
	(193, 201, '02244002', 170, 'Maria', '2013-03-18 00:00:00', 'M'),
	(194, 223, '02158002', 32, 'Maria', '2013-03-18 00:00:00', 'S'),
	(195, 201, '02158002', 32, 'Maria', '2013-03-18 00:00:00', 'M'),
	(196, 223, '02194004', 50, 'Maria', '2013-03-18 00:00:00', 'S'),
	(197, 201, '02194004', 50, 'Maria', '2013-03-18 00:00:00', 'M'),
	(198, 223, '02242002', 50, 'Maria', '2013-03-18 00:00:00', 'S'),
	(199, 201, '02242002', 50, 'Maria', '2013-03-18 00:00:00', 'M'),
	(200, 223, '02242001', 32, 'Maria', '2013-03-18 00:00:00', 'S'),
	(201, 201, '02242001', 32, 'Maria', '2013-03-18 00:00:00', 'M'),
	(202, 223, '02156001', 2, 'Maria', '2013-03-19 00:00:00', 'S'),
	(203, 201, '02156001', 2, 'Maria', '2013-03-19 00:00:00', 'M'),
	(204, 223, '02152001', 36, 'Maria', '2013-03-19 00:00:00', 'S'),
	(205, 201, '02152001', 36, 'Maria', '2013-03-19 00:00:00', 'M'),
	(206, 223, '02187002', 66, 'Maria', '2013-03-19 00:00:00', 'S'),
	(207, 201, '02187002', 66, 'Maria', '2013-03-19 00:00:00', 'M'),
	(208, 223, '02233001', 66, 'Maria', '2013-03-19 00:00:00', 'S'),
	(209, 201, '02233001', 66, 'Maria', '2013-03-19 00:00:00', 'M'),
	(210, 223, '02165001', 59, 'Maria', '2013-03-19 00:00:00', 'S'),
	(211, 201, '02165001', 59, 'Maria', '2013-03-19 00:00:00', 'M'),
	(212, 223, '02177001', 93, 'Maria', '2013-03-19 00:00:00', 'S'),
	(213, 201, '02177001', 93, 'Maria', '2013-03-19 00:00:00', 'M'),
	(214, 223, '02181001', 80, 'Maria', '2013-03-19 00:00:00', 'S'),
	(215, 201, '02181001', 80, 'Maria', '2013-03-19 00:00:00', 'M'),
	(216, 223, '02215002', 130, 'Maria', '2013-03-19 00:00:00', 'S'),
	(217, 201, '02215002', 130, 'Maria', '2013-03-19 00:00:00', 'M'),
	(218, 223, '02362004', 1, 'Maria', '2013-03-19 00:00:00', 'S'),
	(219, 201, '02362004', 1, 'Maria', '2013-03-19 00:00:00', 'M'),
	(220, 223, 'E121217-167', 30, 'Maria', '2013-03-19 00:00:00', 'S'),
	(221, 201, 'E121217-167', 30, 'Maria', '2013-03-19 00:00:00', 'M'),
	(222, 223, '03010003', 20, 'Maria', '2013-03-19 00:00:00', 'S'),
	(223, 201, '03010003', 20, 'Maria', '2013-03-19 00:00:00', 'M'),
	(224, 223, '02221002', 1, 'Maria', '2013-03-19 00:00:00', 'S'),
	(225, 201, '02221002', 1, 'Maria', '2013-03-19 00:00:00', 'M'),
	(226, 223, '02319002', 27, 'Maria', '2013-03-19 00:00:00', 'S'),
	(227, 201, '02319002', 27, 'Maria', '2013-03-19 00:00:00', 'M'),
	(228, 223, 'E12066-106', 13, 'Maria', '2013-03-19 00:00:00', 'S'),
	(229, 201, 'E12066-106', 13, 'Maria', '2013-03-19 00:00:00', 'M'),
	(230, 223, '02205004', 60, 'Maria', '2013-03-19 00:00:00', 'S'),
	(231, 201, '02205004', 60, 'Maria', '2013-03-19 00:00:00', 'M'),
	(232, 223, '02340002', 6, 'Maria', '2013-03-19 00:00:00', 'S'),
	(233, 201, '02340002', 6, 'Maria', '2013-03-19 00:00:00', 'M'),
	(234, 223, '02305002', 740, 'Maria', '2013-03-19 00:00:00', 'S'),
	(235, 201, '02305002', 740, 'Maria', '2013-03-19 00:00:00', 'M'),
	(236, 223, 'E120528-38', 40, 'Maria', '2013-03-19 00:00:00', 'S'),
	(237, 201, 'E120528-38', 40, 'Maria', '2013-03-19 00:00:00', 'M'),
	(238, 223, 'E120529-91', 61, 'Maria', '2013-03-19 00:00:00', 'S'),
	(239, 201, 'E120529-91', 61, 'Maria', '2013-03-19 00:00:00', 'M'),
	(240, 223, '02355002', 1, 'Maria', '2013-03-19 00:00:00', 'S'),
	(241, 201, '02355002', 1, 'Maria', '2013-03-19 00:00:00', 'M'),
	(242, 223, '02158004', 8, 'Maria', '2013-03-19 00:00:00', 'S'),
	(243, 201, '02158004', 8, 'Maria', '2013-03-19 00:00:00', 'M'),
	(244, 223, '03010002', 900, 'Maria', '2013-03-19 00:00:00', 'S'),
	(245, 201, '03010002', 900, 'Maria', '2013-03-19 00:00:00', 'M'),
	(246, 223, '02354001', 4, 'Maria', '2013-03-19 00:00:00', 'S'),
	(247, 201, '02354001', 4, 'Maria', '2013-03-19 00:00:00', 'M'),
	(248, 223, 'E121219-172', 30, 'Maria', '2013-03-19 00:00:00', 'S'),
	(249, 201, 'E121219-172', 30, 'Maria', '2013-03-19 00:00:00', 'M'),
	(250, 223, '02207001', 20, 'Maria', '2013-03-19 00:00:00', 'S'),
	(251, 201, '02207001', 20, 'Maria', '2013-03-19 00:00:00', 'M'),
	(252, 223, '02214003', 3616, 'Maria', '2013-03-19 00:00:00', 'S'),
	(253, 201, '02214003', 3616, 'Maria', '2013-03-19 00:00:00', 'M'),
	(254, 223, '02241001', 2250, 'Maria', '2013-03-19 00:00:00', 'S'),
	(255, 201, '02241001', 2250, 'Maria', '2013-03-19 00:00:00', 'M'),
	(256, 223, '02173001', 50, 'Maria', '2013-03-19 00:00:00', 'S'),
	(257, 201, '02173001', 50, 'Maria', '2013-03-19 00:00:00', 'M'),
	(258, 223, '02241002', 192, 'Maria', '2013-03-19 00:00:00', 'S'),
	(259, 201, '02241002', 192, 'Maria', '2013-03-19 00:00:00', 'M'),
	(260, 221, 'E130322-289', 500, 'Maria', '2013-03-22 00:00:00', 'S'),
	(261, 138, 'E130322-289', 500, 'Maria', '2013-03-22 00:00:00', 'M'),
	(262, 221, 'E130322-289', 500, 'Maria', '2013-03-22 00:00:00', 'S'),
	(263, 137, 'E130322-289', 500, 'Maria', '2013-03-22 00:00:00', 'M'),
	(264, 221, 'E130322-290', 5150, 'Maria', '2013-03-22 00:00:00', 'S'),
	(265, 109, 'E130322-290', 5150, 'Maria', '2013-03-22 00:00:00', 'M'),
	(266, 221, 'E130326-292', 999, 'Maria', '2013-03-26 00:00:00', 'S'),
	(267, 16, 'E130326-292', 999, 'Maria', '2013-03-26 00:00:00', 'M'),
	(268, 221, 'E130326-292', 1002, 'Maria', '2013-03-26 00:00:00', 'S'),
	(269, 17, 'E130326-292', 1002, 'Maria', '2013-03-26 00:00:00', 'M'),
	(270, 221, 'E130326-292', 1001, 'Maria', '2013-03-26 00:00:00', 'S'),
	(271, 18, 'E130326-292', 1001, 'Maria', '2013-03-26 00:00:00', 'M'),
	(272, 221, 'E130326-292', 999, 'Maria', '2013-03-26 00:00:00', 'S'),
	(273, 19, 'E130326-292', 999, 'Maria', '2013-03-26 00:00:00', 'M'),
	(274, 221, 'E130326-292', 1002, 'Maria', '2013-03-26 00:00:00', 'S'),
	(275, 23, 'E130326-292', 1002, 'Maria', '2013-03-26 00:00:00', 'M'),
	(276, 221, 'E130326-292', 1002, 'Maria', '2013-03-26 00:00:00', 'S'),
	(277, 22, 'E130326-292', 1002, 'Maria', '2013-03-26 00:00:00', 'M'),
	(278, 221, 'E130326-292', 1000, 'Maria', '2013-03-26 00:00:00', 'S'),
	(279, 21, 'E130326-292', 1000, 'Maria', '2013-03-26 00:00:00', 'M'),
	(280, 221, 'E130326-292', 1003, 'Maria', '2013-03-26 00:00:00', 'S'),
	(281, 20, 'E130326-292', 1003, 'Maria', '2013-03-26 00:00:00', 'M'),
	(282, 221, 'E130326-292', 1000, 'Maria', '2013-03-26 00:00:00', 'S'),
	(283, 25, 'E130326-292', 1000, 'Maria', '2013-03-26 00:00:00', 'M'),
	(284, 221, 'E130326-292', 999, 'Maria', '2013-03-26 00:00:00', 'S'),
	(285, 26, 'E130326-292', 999, 'Maria', '2013-03-26 00:00:00', 'M'),
	(286, 221, 'E130326-292', 1000, 'Maria', '2013-03-26 00:00:00', 'S'),
	(287, 27, 'E130326-292', 1000, 'Maria', '2013-03-26 00:00:00', 'M'),
	(288, 221, 'E130326-292', 999, 'Maria', '2013-03-26 00:00:00', 'S'),
	(289, 7, 'E130326-292', 999, 'Maria', '2013-03-26 00:00:00', 'M'),
	(290, 221, 'E130326-292', 1001, 'Maria', '2013-03-26 00:00:00', 'S'),
	(291, 11, 'E130326-292', 1001, 'Maria', '2013-03-26 00:00:00', 'M'),
	(292, 221, 'E130326-292', 1001, 'Maria', '2013-03-26 00:00:00', 'S'),
	(293, 15, 'E130326-292', 1001, 'Maria', '2013-03-26 00:00:00', 'M'),
	(294, 221, 'E130326-292', 1001, 'Maria', '2013-03-26 00:00:00', 'S'),
	(295, 6, 'E130326-292', 1001, 'Maria', '2013-03-26 00:00:00', 'M'),
	(296, 221, 'E130326-292', 1001, 'Maria', '2013-03-26 00:00:00', 'S'),
	(297, 4, 'E130326-292', 1001, 'Maria', '2013-03-26 00:00:00', 'M'),
	(298, 221, 'E130326-292', 1000, 'Maria', '2013-03-26 00:00:00', 'S'),
	(299, 46, 'E130326-292', 1000, 'Maria', '2013-03-26 00:00:00', 'M'),
	(300, 221, 'E130326-292', 1001, 'Maria', '2013-03-26 00:00:00', 'S'),
	(301, 129, 'E130326-292', 1001, 'Maria', '2013-03-26 00:00:00', 'M'),
	(302, 221, 'E130326-292', 1000, 'Maria', '2013-03-26 00:00:00', 'S'),
	(303, 128, 'E130326-292', 1000, 'Maria', '2013-03-26 00:00:00', 'M'),
	(304, 221, 'E130326-292', 499, 'Maria', '2013-03-26 00:00:00', 'S'),
	(305, 130, 'E130326-292', 499, 'Maria', '2013-03-26 00:00:00', 'M'),
	(306, 221, 'E130326-293', 999, 'Maria', '2013-03-26 00:00:00', 'S'),
	(307, 132, 'E130326-293', 999, 'Maria', '2013-03-26 00:00:00', 'M'),
	(308, 221, 'E130326-293', 996, 'Maria', '2013-03-26 00:00:00', 'S'),
	(309, 133, 'E130326-293', 996, 'Maria', '2013-03-26 00:00:00', 'M'),
	(310, 221, 'E130326-293', 499, 'Maria', '2013-03-26 00:00:00', 'S'),
	(311, 131, 'E130326-293', 499, 'Maria', '2013-03-26 00:00:00', 'M'),
	(312, 221, 'E130130-230', 122, 'Maria', '2013-03-27 00:00:00', 'S'),
	(313, 55, 'E130130-230', 122, 'Maria', '2013-03-27 00:00:00', 'M'),
	(314, 223, '03092003', 4, 'Maria', '2013-04-02 00:00:00', 'S'),
	(315, 201, '03092003', 4, 'Maria', '2013-04-02 00:00:00', 'M'),
	(316, 223, '03092002', 100, 'Maria', '2013-04-02 00:00:00', 'S'),
	(317, 201, '03092002', 100, 'Maria', '2013-04-02 00:00:00', 'M'),
	(318, 221, 'E130419-3', 1001, 'Maria', '2013-04-19 00:00:00', 'S'),
	(319, 3, 'E130419-3', 1001, 'Maria', '2013-04-19 00:00:00', 'M'),
	(320, 221, 'E130419-3', 999, 'Maria', '2013-04-19 00:00:00', 'S'),
	(321, 2, 'E130419-3', 999, 'Maria', '2013-04-19 00:00:00', 'M'),
	(322, 221, 'E130419-3', 1000, 'Maria', '2013-04-19 00:00:00', 'S'),
	(323, 12, 'E130419-3', 1000, 'Maria', '2013-04-19 00:00:00', 'M'),
	(324, 221, 'E130419-3', 1000, 'Maria', '2013-04-19 00:00:00', 'S'),
	(325, 8, 'E130419-3', 1000, 'Maria', '2013-04-19 00:00:00', 'M'),
	(326, 221, 'E130419-3', 1003, 'Maria', '2013-04-19 00:00:00', 'S'),
	(327, 13, 'E130419-3', 1003, 'Maria', '2013-04-19 00:00:00', 'M'),
	(328, 221, 'E130419-3', 1001, 'Maria', '2013-04-19 00:00:00', 'S'),
	(329, 9, 'E130419-3', 1001, 'Maria', '2013-04-19 00:00:00', 'M'),
	(330, 221, 'E130419-3', 1000, 'Maria', '2013-04-19 00:00:00', 'S'),
	(331, 14, 'E130419-3', 1000, 'Maria', '2013-04-19 00:00:00', 'M'),
	(332, 221, 'E130419-3', 998, 'Maria', '2013-04-19 00:00:00', 'S'),
	(333, 10, 'E130419-3', 998, 'Maria', '2013-04-19 00:00:00', 'M'),
	(334, 221, 'E130419-3', 1000, 'Maria', '2013-04-19 00:00:00', 'S'),
	(335, 15, 'E130419-3', 1000, 'Maria', '2013-04-19 00:00:00', 'M'),
	(336, 221, 'E130419-3', 999, 'Maria', '2013-04-19 00:00:00', 'S'),
	(337, 11, 'E130419-3', 999, 'Maria', '2013-04-19 00:00:00', 'M'),
	(338, 221, 'E130419-3', 548, 'Maria', '2013-04-19 00:00:00', 'S'),
	(339, 203, 'E130419-3', 548, 'Maria', '2013-04-19 00:00:00', 'M'),
	(340, 221, 'E130419-3', 548, 'Maria', '2013-04-19 00:00:00', 'S'),
	(341, 204, 'E130419-3', 548, 'Maria', '2013-04-19 00:00:00', 'M'),
	(342, 221, 'E130419-3', 497, 'Maria', '2013-04-19 00:00:00', 'S'),
	(343, 205, 'E130419-3', 497, 'Maria', '2013-04-19 00:00:00', 'M'),
	(344, 221, 'E130419-3', 499, 'Maria', '2013-04-19 00:00:00', 'S'),
	(345, 206, 'E130419-3', 499, 'Maria', '2013-04-19 00:00:00', 'M'),
	(346, 221, 'E130419-3', 545, 'Maria', '2013-04-19 00:00:00', 'S'),
	(347, 207, 'E130419-3', 545, 'Maria', '2013-04-19 00:00:00', 'M'),
	(348, 221, 'E130419-3', 1002, 'Maria', '2013-04-19 00:00:00', 'S'),
	(349, 122, 'E130419-3', 1002, 'Maria', '2013-04-19 00:00:00', 'M'),
	(350, 221, 'E130419-3', 1001, 'Maria', '2013-04-19 00:00:00', 'S'),
	(351, 123, 'E130419-3', 1001, 'Maria', '2013-04-19 00:00:00', 'M'),
	(352, 221, 'E130419-3', 999, 'Maria', '2013-04-19 00:00:00', 'S'),
	(353, 1, 'E130419-3', 999, 'Maria', '2013-04-19 00:00:00', 'M'),
	(354, 221, 'E130419-3', 1002, 'Maria', '2013-04-19 00:00:00', 'S'),
	(355, 4, 'E130419-3', 1002, 'Maria', '2013-04-19 00:00:00', 'M'),
	(356, 221, 'E130419-3', 1000, 'Maria', '2013-04-19 00:00:00', 'S'),
	(357, 5, 'E130419-3', 1000, 'Maria', '2013-04-19 00:00:00', 'M'),
	(358, 221, 'E130419-3', 1000, 'Maria', '2013-04-19 00:00:00', 'S'),
	(359, 6, 'E130419-3', 1000, 'Maria', '2013-04-19 00:00:00', 'M'),
	(360, 221, 'E130419-3', 100, 'Maria', '2013-04-19 00:00:00', 'S'),
	(361, 126, 'E130419-3', 100, 'Maria', '2013-04-19 00:00:00', 'M'),
	(362, 221, 'E130419-4', 996, 'Maria', '2013-04-19 00:00:00', 'S'),
	(363, 7, 'E130419-4', 996, 'Maria', '2013-04-19 00:00:00', 'M'),
	(364, 221, 'E130419-4', 999, 'Maria', '2013-04-19 00:00:00', 'S'),
	(365, 129, 'E130419-4', 999, 'Maria', '2013-04-19 00:00:00', 'M'),
	(366, 221, 'E130419-4', 499, 'Maria', '2013-04-19 00:00:00', 'S'),
	(367, 16, 'E130419-4', 499, 'Maria', '2013-04-19 00:00:00', 'M'),
	(368, 223, '03112009', 3, 'Maria', '2013-04-22 00:00:00', 'S'),
	(369, 201, '03112009', 3, 'Maria', '2013-04-22 00:00:00', 'M'),
	(370, 223, '03112007', 6, 'Maria', '2013-04-22 00:00:00', 'S'),
	(371, 201, '03112007', 6, 'Maria', '2013-04-22 00:00:00', 'M'),
	(372, 223, '03112003', 24, 'Maria', '2013-04-22 00:00:00', 'S'),
	(373, 201, '03112003', 24, 'Maria', '2013-04-22 00:00:00', 'M'),
	(374, 223, '03112005', 2, 'Maria', '2013-04-22 00:00:00', 'S'),
	(375, 201, '03112005', 2, 'Maria', '2013-04-22 00:00:00', 'M'),
	(376, 223, '03112004', 4, 'Maria', '2013-04-22 00:00:00', 'S'),
	(377, 201, '03112004', 4, 'Maria', '2013-04-22 00:00:00', 'M'),
	(378, 223, '03112001', 4, 'Maria', '2013-04-22 00:00:00', 'S'),
	(379, 201, '03112001', 4, 'Maria', '2013-04-22 00:00:00', 'M'),
	(380, 223, '03112002', 4, 'Maria', '2013-04-22 00:00:00', 'S'),
	(381, 201, '03112002', 4, 'Maria', '2013-04-22 00:00:00', 'M'),
	(382, 223, '03112012', 3, 'Maria', '2013-04-22 00:00:00', 'S'),
	(383, 201, '03112012', 3, 'Maria', '2013-04-22 00:00:00', 'M'),
	(384, 223, '03112006', 1, 'Maria', '2013-04-22 00:00:00', 'S'),
	(385, 201, '03112006', 1, 'Maria', '2013-04-22 00:00:00', 'M'),
	(386, 223, '03112008', 2, 'Maria', '2013-04-22 00:00:00', 'S'),
	(387, 201, '03112008', 2, 'Maria', '2013-04-22 00:00:00', 'M'),
	(388, 223, '03112011', 6, 'Maria', '2013-04-22 00:00:00', 'S'),
	(389, 201, '03112011', 6, 'Maria', '2013-04-22 00:00:00', 'M'),
	(390, 223, '03115001', 1, 'Maria', '2013-04-24 00:00:00', 'S'),
	(391, 201, '03115001', 1, 'Maria', '2013-04-24 00:00:00', 'M'),
	(392, 223, '03114005', 3, 'Maria', '2013-04-24 00:00:00', 'S'),
	(393, 201, '03114005', 3, 'Maria', '2013-04-24 00:00:00', 'M'),
	(394, 223, '03112005', 2, 'Maria', '2013-04-24 00:00:00', 'S'),
	(395, 201, '03112005', 2, 'Maria', '2013-04-24 00:00:00', 'M'),
	(396, 223, '03113001', 11, 'Maria', '2013-04-24 00:00:00', 'S'),
	(397, 201, '03113001', 11, 'Maria', '2013-04-24 00:00:00', 'M'),
	(398, 223, 'E130423-80', 2, 'Maria', '2013-04-24 00:00:00', 'S'),
	(399, 201, 'E130423-80', 2, 'Maria', '2013-04-24 00:00:00', 'M'),
	(400, 223, 'E130423-85', 2, 'Maria', '2013-04-24 00:00:00', 'S'),
	(401, 201, 'E130423-85', 2, 'Maria', '2013-04-24 00:00:00', 'M'),
	(402, 223, 'E130423-89', 2, 'Maria', '2013-04-24 00:00:00', 'S'),
	(403, 201, 'E130423-89', 2, 'Maria', '2013-04-24 00:00:00', 'M'),
	(404, 223, 'E130423-93', 2, 'Maria', '2013-04-24 00:00:00', 'S'),
	(405, 201, 'E130423-93', 2, 'Maria', '2013-04-24 00:00:00', 'M'),
	(406, 223, 'E130424-105', 20, 'Maria', '2013-04-24 00:00:00', 'S'),
	(407, 201, 'E130424-105', 20, 'Maria', '2013-04-24 00:00:00', 'M'),
	(408, 223, '03112004', 4, 'Maria', '2013-04-24 00:00:00', 'S'),
	(409, 201, '03112004', 4, 'Maria', '2013-04-24 00:00:00', 'M');
/*!40000 ALTER TABLE `ubicacion_movimiento` ENABLE KEYS */;


-- Dumping structure for table tierrina.ubicacion_piso
CREATE TABLE IF NOT EXISTS `ubicacion_piso` (
  `idPiso` bigint(20) NOT NULL AUTO_INCREMENT,
  `idEstanteria` bigint(20) NOT NULL DEFAULT '0',
  `idPisoEstanteria` bigint(20) NOT NULL DEFAULT '0',
  `descripcion` varchar(50) NOT NULL DEFAULT '',
  PRIMARY KEY (`idPiso`)
) ENGINE=MyISAM AUTO_INCREMENT=94 DEFAULT CHARSET=latin1;

-- Dumping data for table tierrina.ubicacion_piso: 85 rows
DELETE FROM `ubicacion_piso`;
/*!40000 ALTER TABLE `ubicacion_piso` DISABLE KEYS */;
INSERT INTO `ubicacion_piso` (`idPiso`, `idEstanteria`, `idPisoEstanteria`, `descripcion`) VALUES
	(1, 1, 1, 'A1:Z1:L1:E1:P1'),
	(2, 1, 2, 'A1:Z1:L1:E1:P2'),
	(3, 1, 3, 'A1:Z1:L1:E1:P3'),
	(4, 2, 1, 'A1:Z1:L1:E2:P1'),
	(5, 2, 2, 'A1:Z1:L1:E2:P2'),
	(6, 2, 3, 'A1:Z1:L1:E2:P3'),
	(7, 3, 1, 'A1:Z1:L1:E3:P1'),
	(8, 3, 2, 'A1:Z1:L1:E3:P2'),
	(9, 3, 3, 'A1:Z1:L1:E3:P3'),
	(10, 4, 1, 'A1:Z1:L2:E1:P1'),
	(11, 4, 2, 'A1:Z1:L2:E1:P2'),
	(12, 4, 3, 'A1:Z1:L2:E1:P3'),
	(13, 5, 1, 'A1:Z1:L2:E2:P1'),
	(14, 5, 2, 'A1:Z1:L2:E2:P2'),
	(15, 5, 3, 'A1:Z1:L2:E2:P3'),
	(16, 6, 1, 'A1:Z1:L2:E3:P1'),
	(17, 6, 2, 'A1:Z1:L2:E3:P2'),
	(18, 6, 2, 'A1:Z1:L2:E3:P3'),
	(19, 7, 1, 'A1:Z2:L1:E1:P1'),
	(20, 7, 2, 'A1:Z2:L1:E1:P2'),
	(21, 7, 3, 'A1:Z2:L1:E1:P3'),
	(22, 8, 1, 'A1:Z2:L1:E2:P1'),
	(23, 8, 2, 'A1:Z2:L1:E2:P2'),
	(24, 8, 3, 'A1:Z2:L1:E2:P3'),
	(25, 9, 1, 'A1:Z2:L1:E3:P1'),
	(26, 9, 2, 'A1:Z2:L1:E3:P2'),
	(27, 9, 3, 'A1:Z2:L1:E3:P3'),
	(28, 10, 1, 'A1:Z2:L2:E1:P1'),
	(29, 10, 2, 'A1:Z2:L2:E1:P2'),
	(30, 10, 3, 'A1:Z2:L2:E1:P3'),
	(31, 11, 1, 'A1:Z2:L2:E2:P1'),
	(32, 11, 2, 'A1:Z2:L2:E2:P2'),
	(33, 11, 3, 'A1:Z2:L2:E2:P3'),
	(34, 12, 1, 'A1:Z2:L2:E3:P1'),
	(35, 12, 2, 'A1:Z2:L2:E3:P2'),
	(36, 12, 3, 'A1:Z2:L2:E3:P3'),
	(37, 13, 1, 'A1:Z3:L1:E1:P1'),
	(38, 13, 2, 'A1:Z3:L1:E1:P2'),
	(39, 13, 3, 'A1:Z3:L1:E1:P3'),
	(40, 13, 4, 'A1:Z3:L1:E1:P4'),
	(41, 14, 1, 'A1:Z3:L1:E2:P1'),
	(42, 14, 2, 'A1:Z3:L1:E2:P2'),
	(43, 14, 3, 'A1:Z3:L1:E2:P3'),
	(44, 14, 4, 'A1:Z3:L1:E2:P4'),
	(45, 15, 1, 'A1:Z4:L1:E1:P1'),
	(46, 15, 2, 'A1:Z4:L1:E1:P2'),
	(47, 15, 3, 'A1:Z4:L1:E1:P3'),
	(48, 15, 4, 'A1:Z4:L1:E1:P4'),
	(49, 16, 1, 'A1:Z4:L1:E2:P1'),
	(50, 16, 2, 'A1:Z4:L1:E2:P2'),
	(51, 16, 3, 'A1:Z4:L1:E2:P3'),
	(52, 16, 4, 'A1:Z4:L1:E2:P4'),
	(53, 17, 1, 'A1:Z4:L1:E3:P1'),
	(54, 17, 2, 'A1:Z4:L1:E3:P2'),
	(55, 17, 3, 'A1:Z4:L1:E3:P3'),
	(56, 17, 4, 'A1:Z4:L1:E3:P4'),
	(57, 18, 1, 'A1:Z4:L1:E4:P1'),
	(58, 18, 2, 'A1:Z4:L1:E4:P2'),
	(59, 18, 3, 'A1:Z4:L1:E4:P3'),
	(60, 18, 4, 'A1:Z4:L1:E4:P4'),
	(61, 19, 1, 'A1:Z5:L1:E1:P1'),
	(62, 19, 2, 'A1:Z5:L1:E1:P2'),
	(63, 19, 3, 'A1:Z5:L1:E1:P3'),
	(64, 19, 4, 'A1:Z5:L1:E1:P4'),
	(65, 20, 1, 'A1:Z5:L1:E2:P1'),
	(66, 20, 2, 'A1:Z5:L1:E2:P2'),
	(67, 20, 3, 'A1:Z5:L1:E2:P3'),
	(68, 20, 4, 'A1:Z5:L1:E2:P4'),
	(69, 21, 1, 'A1:Z5:L1:E3:P1'),
	(70, 21, 2, 'A1:Z5:L1:E3:P2'),
	(71, 21, 3, 'A1:Z5:L1:E3:P3'),
	(72, 21, 4, 'A1:Z5:L1:E3:P4'),
	(73, 22, 1, 'A1:Z5:L1:E4:P1'),
	(74, 22, 2, 'A1:Z5:L1:E4:P2'),
	(75, 22, 3, 'A1:Z5:L1:E4:P3'),
	(76, 22, 4, 'A1:Z5:L1:E4:P4'),
	(77, 23, 1, '0973 CPT'),
	(78, 24, 1, '8066 HFW'),
	(79, 25, 1, '7489 DHD'),
	(80, 26, 1, 'Zona de envasado'),
	(88, 34, 1, 'Granda'),
	(87, 33, 1, 'Entrada'),
	(89, 35, 1, 'Salida'),
	(90, 36, 1, 'Lobenor (Pol. El Berrón)'),
	(91, 37, 1, 'Asturasfer (Pol. de Silvota)');
/*!40000 ALTER TABLE `ubicacion_piso` ENABLE KEYS */;


-- Dumping structure for table tierrina.ubicacion_producto
CREATE TABLE IF NOT EXISTS `ubicacion_producto` (
  `UBICACION_idUbicacion` bigint(20) NOT NULL DEFAULT '0',
  `productosUbicacion_idProducto` bigint(20) NOT NULL DEFAULT '0',
  KEY `FK37AE05205530B0E3` (`UBICACION_idUbicacion`),
  KEY `FK37AE05206FDE382E` (`productosUbicacion_idProducto`)
) ENGINE=MyISAM DEFAULT CHARSET=latin1;

-- Dumping data for table tierrina.ubicacion_producto: 0 rows
DELETE FROM `ubicacion_producto`;
/*!40000 ALTER TABLE `ubicacion_producto` DISABLE KEYS */;
/*!40000 ALTER TABLE `ubicacion_producto` ENABLE KEYS */;


-- Dumping structure for table tierrina.ubicacion_tmp
CREATE TABLE IF NOT EXISTS `ubicacion_tmp` (
  `idMovimiento` bigint(20) NOT NULL AUTO_INCREMENT,
  `idHueco` bigint(20) NOT NULL,
  `registro` varchar(50) NOT NULL,
  `cantidad` double(8,2) DEFAULT NULL,
  `idPalet` bigint(20) NOT NULL DEFAULT '0',
  `orden` varchar(20) DEFAULT NULL,
  `congelado` char(1) NOT NULL DEFAULT 'N',
  `movido` char(1) NOT NULL DEFAULT 'N',
  `cancelado` char(1) NOT NULL DEFAULT 'N',
  `responsable` varchar(50) NOT NULL DEFAULT '',
  PRIMARY KEY (`idMovimiento`)
) ENGINE=MyISAM AUTO_INCREMENT=460 DEFAULT CHARSET=latin1 ROW_FORMAT=DYNAMIC;

-- Dumping data for table tierrina.ubicacion_tmp: 46 rows
DELETE FROM `ubicacion_tmp`;
/*!40000 ALTER TABLE `ubicacion_tmp` DISABLE KEYS */;
INSERT INTO `ubicacion_tmp` (`idMovimiento`, `idHueco`, `registro`, `cantidad`, `idPalet`, `orden`, `congelado`, `movido`, `cancelado`, `responsable`) VALUES
	(1, 221, 'E130419-3', 1001.00, 1, 'O130419-2', 'N', 'S', 'N', 'Maria'),
	(2, 221, 'E130419-3', 999.00, 2, 'O130419-2', 'N', 'S', 'N', 'Maria'),
	(3, 221, 'E130419-3', 1000.00, 3, 'O130419-2', 'N', 'S', 'N', 'Maria'),
	(4, 221, 'E130419-3', 1000.00, 4, 'O130419-2', 'N', 'S', 'N', 'Maria'),
	(5, 221, 'E130419-3', 1003.00, 5, 'O130419-2', 'N', 'S', 'N', 'Maria'),
	(6, 221, 'E130419-3', 1001.00, 6, 'O130419-2', 'N', 'S', 'N', 'Maria'),
	(7, 221, 'E130419-3', 1000.00, 7, 'O130419-2', 'N', 'S', 'N', 'Maria'),
	(8, 221, 'E130419-3', 998.00, 8, 'O130419-2', 'N', 'S', 'N', 'Maria'),
	(9, 221, 'E130419-3', 1000.00, 9, 'O130419-2', 'N', 'S', 'N', 'Maria'),
	(10, 221, 'E130419-3', 999.00, 10, 'O130419-2', 'N', 'S', 'N', 'Maria'),
	(11, 221, 'E130419-3', 548.00, 11, 'O130419-2', 'N', 'S', 'N', 'Maria'),
	(12, 221, 'E130419-3', 548.00, 12, 'O130419-2', 'N', 'S', 'N', 'Maria'),
	(13, 221, 'E130419-3', 497.00, 13, 'O130419-2', 'N', 'S', 'N', 'Maria'),
	(14, 221, 'E130419-3', 499.00, 14, 'O130419-2', 'N', 'S', 'N', 'Maria'),
	(15, 221, 'E130419-3', 545.00, 15, 'O130419-2', 'N', 'S', 'N', 'Maria'),
	(16, 221, 'E130419-3', 1002.00, 16, 'O130419-2', 'N', 'S', 'N', 'Maria'),
	(17, 221, 'E130419-3', 1001.00, 17, 'O130419-2', 'N', 'S', 'N', 'Maria'),
	(18, 221, 'E130419-3', 999.00, 18, 'O130419-2', 'N', 'S', 'N', 'Maria'),
	(19, 221, 'E130419-3', 1002.00, 19, 'O130419-2', 'N', 'S', 'N', 'Maria'),
	(20, 221, 'E130419-3', 1000.00, 20, 'O130419-2', 'N', 'S', 'N', 'Maria'),
	(21, 221, 'E130419-3', 1000.00, 21, 'O130419-2', 'N', 'S', 'N', 'Maria'),
	(22, 221, 'E130419-3', 100.00, 22, 'O130419-2', 'N', 'S', 'N', 'Maria'),
	(23, 221, 'E130419-4', 996.00, 1, 'O130419-2', 'N', 'S', 'N', 'Maria'),
	(24, 221, 'E130419-4', 999.00, 2, 'O130419-2', 'N', 'S', 'N', 'Maria'),
	(25, 221, 'E130419-4', 499.00, 3, 'O130419-2', 'N', 'S', 'N', 'Maria'),
	(26, 223, '03112009', 3.00, 0, 'EN201304229', 'N', 'S', 'N', 'Maria'),
	(27, 223, '03112007', 6.00, 0, 'EN201304227', 'N', 'S', 'N', 'Maria'),
	(28, 223, '03112003', 24.00, 0, 'EN201304223', 'N', 'S', 'N', 'Maria'),
	(29, 223, '03112005', 2.00, 0, 'EN201304225', 'N', 'S', 'N', 'Maria'),
	(30, 223, '03112004', 4.00, 0, 'EN201304224', 'N', 'S', 'N', 'Maria'),
	(31, 223, '03112001', 4.00, 0, 'EN201304221', 'N', 'S', 'N', 'Maria'),
	(32, 223, '03112002', 4.00, 0, 'EN201304222', 'N', 'S', 'N', 'Maria'),
	(33, 223, '03112012', 3.00, 0, 'EN2013042212', 'N', 'S', 'N', 'Maria'),
	(34, 223, '03112006', 1.00, 0, 'EN201304226', 'N', 'S', 'N', 'Maria'),
	(35, 223, '03112008', 2.00, 0, 'EN201304228', 'N', 'S', 'N', 'Maria'),
	(36, 223, '03112011', 6.00, 0, 'EN2013042211', 'N', 'S', 'N', 'Maria'),
	(37, 223, '03115001', 1.00, 0, 'EN2013042430', 'N', 'S', 'N', 'Maria'),
	(38, 223, '03114005', 3.00, 0, 'EN2013042429', 'N', 'S', 'N', 'Maria'),
	(39, 223, '03112005', 2.00, 0, 'EN201304225', 'N', 'S', 'N', 'Maria'),
	(40, 223, '03113001', 11.00, 0, 'EN2013042313', 'N', 'S', 'N', 'Maria'),
	(41, 223, 'E130423-80', 2.00, 0, 'O130423-42', 'N', 'S', 'N', 'Maria'),
	(42, 223, 'E130423-85', 2.00, 0, 'O130423-44', 'N', 'S', 'N', 'Maria'),
	(43, 223, 'E130423-89', 2.00, 0, 'O130423-45', 'N', 'S', 'N', 'Maria'),
	(44, 223, 'E130423-93', 2.00, 0, 'O130423-48', 'N', 'S', 'N', 'Maria'),
	(45, 223, 'E130424-105', 20.00, 0, 'O130424-57', 'N', 'S', 'N', 'Maria'),
	(46, 223, '03112004', 4.00, 0, 'EN201304224', 'N', 'S', 'N', 'Maria');
/*!40000 ALTER TABLE `ubicacion_tmp` ENABLE KEYS */;


-- Dumping structure for table tierrina.ubicacion_zona
CREATE TABLE IF NOT EXISTS `ubicacion_zona` (
  `idZona` bigint(20) NOT NULL AUTO_INCREMENT,
  `idAlmacen` bigint(20) NOT NULL DEFAULT '0',
  `idZonaAlmacen` bigint(20) NOT NULL DEFAULT '0',
  `descripcion` varchar(50) NOT NULL DEFAULT '',
  `tipoAlmacenado` char(1) NOT NULL DEFAULT '',
  `urlPlano` varchar(50) NOT NULL DEFAULT '',
  PRIMARY KEY (`idZona`)
) ENGINE=MyISAM AUTO_INCREMENT=25 DEFAULT CHARSET=latin1;

-- Dumping data for table tierrina.ubicacion_zona: 16 rows
DELETE FROM `ubicacion_zona`;
/*!40000 ALTER TABLE `ubicacion_zona` DISABLE KEYS */;
INSERT INTO `ubicacion_zona` (`idZona`, `idAlmacen`, `idZonaAlmacen`, `descripcion`, `tipoAlmacenado`, `urlPlano`) VALUES
	(1, 1, 1, 'Conservacion 1', '', '/img/planos/barciaConservacion1.png'),
	(2, 1, 2, 'Conservacion 2', '', '/img/planos/barciaConservacion2.png'),
	(8, 1, 8, 'Congelador', '', '/img/planos/barciaCongelador.png'),
	(3, 1, 3, 'Cartonaje', '', '/img/planos/barciaCartonaje.png'),
	(4, 1, 4, 'Almacen 1', '', '/img/planos/barciaAlmacen1.png'),
	(5, 1, 5, 'Almacen 2', '', '/img/planos/barciaAlmacen2.png'),
	(6, 1, 6, 'Zona de envasado', '', '/img/planos/barciaZonaEnvasado.png'),
	(7, 1, 7, 'Almacenamiento palets - Maquinaria y vehiculos', '', '/img/planos/barciaPaletsMaquinaria.png'),
	(9, 2, 1, '0973 CPT', '', ''),
	(10, 3, 1, '8066 HFW', '', ''),
	(11, 4, 1, '7489 DHD', '', ''),
	(12, 1, 0, 'Entrada', '', '/img/planos/barciaEntrada.png'),
	(13, 5, 1, 'Granda', '', ''),
	(14, 12, 1, 'Salida', '', ''),
	(15, 6, 1, 'Lobenor (Pol. El Berrón)', '', ''),
	(16, 7, 1, 'Asturasfer (Pol. de Silvota)', '', '');
/*!40000 ALTER TABLE `ubicacion_zona` ENABLE KEYS */;


-- Dumping structure for table tierrina.usuario
CREATE TABLE IF NOT EXISTS `usuario` (
  `idUsuario` bigint(20) NOT NULL AUTO_INCREMENT,
  `idRolPredeterminado` tinyint(3) NOT NULL DEFAULT '1',
  `login` varchar(50) CHARACTER SET latin1 NOT NULL,
  `password` varchar(50) CHARACTER SET latin1 DEFAULT NULL,
  `last_passwd_gen` timestamp NOT NULL DEFAULT CURRENT_TIMESTAMP ON UPDATE CURRENT_TIMESTAMP,
  `habilitado` char(50) CHARACTER SET latin1 NOT NULL DEFAULT 'S',
  PRIMARY KEY (`idUsuario`),
  KEY `idRol` (`idRolPredeterminado`)
) ENGINE=InnoDB AUTO_INCREMENT=9 DEFAULT CHARSET=latin1 COLLATE=latin1_spanish_ci;

-- Dumping data for table tierrina.usuario: ~5 rows (approximately)
DELETE FROM `usuario`;
/*!40000 ALTER TABLE `usuario` DISABLE KEYS */;
INSERT INTO `usuario` (`idUsuario`, `idRolPredeterminado`, `login`, `password`, `last_passwd_gen`, `habilitado`) VALUES
	(4, 4, 'prueba', 'e7ad116336da8568d74ec4047e6c8926', '2013-04-15 12:12:43', 'N'),
	(5, 3, 'admin', '81dc9bdb52d04dc20036dbd8313ed055', '2013-04-08 11:44:47', 'S'),
	(6, 4, 'Victor', '1cc0aab597061d1d7afe37cf8e9a8564', '2012-03-14 16:20:52', 'S'),
	(7, 4, 'Maria', '95021724c3acfab92feecc6952189414', '2012-03-14 16:20:39', 'S'),
	(8, 1, 'comercial', 'e7ad116336da8568d74ec4047e6c8926', '2012-08-10 12:51:56', 'S');
/*!40000 ALTER TABLE `usuario` ENABLE KEYS */;


-- Dumping structure for table tierrina.usuario_mensaje
CREATE TABLE IF NOT EXISTS `usuario_mensaje` (
  `idMensaje` bigint(20) NOT NULL AUTO_INCREMENT,
  `idUsuario` bigint(20) NOT NULL,
  `mensaje` varchar(50) COLLATE utf8_bin NOT NULL DEFAULT '',
  `estado` char(1) COLLATE utf8_bin NOT NULL DEFAULT 'S',
  `fecha` timestamp NOT NULL DEFAULT CURRENT_TIMESTAMP,
  PRIMARY KEY (`idMensaje`),
  KEY `idUsuario` (`idUsuario`),
  CONSTRAINT `idUsuario` FOREIGN KEY (`idUsuario`) REFERENCES `usuario` (`idUsuario`) ON DELETE CASCADE ON UPDATE CASCADE
) ENGINE=InnoDB AUTO_INCREMENT=5 DEFAULT CHARSET=utf8 COLLATE=utf8_bin;

-- Dumping data for table tierrina.usuario_mensaje: ~4 rows (approximately)
DELETE FROM `usuario_mensaje`;
/*!40000 ALTER TABLE `usuario_mensaje` DISABLE KEYS */;
INSERT INTO `usuario_mensaje` (`idMensaje`, `idUsuario`, `mensaje`, `estado`, `fecha`) VALUES
	(1, 1, 'Hola mi pesadillad', 'S', '2011-10-04 11:46:20'),
	(2, 1, 'Otra vez al ataque', 'S', '2011-10-04 11:46:20'),
	(3, 1, 'adfa', 'S', '2011-10-04 11:46:20'),
	(4, 1, 'Que me cuentas', 'S', '2011-10-04 13:34:25');
/*!40000 ALTER TABLE `usuario_mensaje` ENABLE KEYS */;


-- Dumping structure for table tierrina.usuario_rol
CREATE TABLE IF NOT EXISTS `usuario_rol` (
  `idUsuario` bigint(20) NOT NULL DEFAULT '0',
  `idRol` bigint(20) NOT NULL DEFAULT '0',
  PRIMARY KEY (`idUsuario`,`idRol`),
  KEY `FK_usuario_rol_rol` (`idRol`),
  CONSTRAINT `FK_usuario_rol_rol` FOREIGN KEY (`idRol`) REFERENCES `rol` (`idRol`),
  CONSTRAINT `FK_usuario_rol_usuario` FOREIGN KEY (`idUsuario`) REFERENCES `usuario` (`idUsuario`)
) ENGINE=InnoDB DEFAULT CHARSET=latin1 COLLATE=latin1_spanish_ci;

-- Dumping data for table tierrina.usuario_rol: ~5 rows (approximately)
DELETE FROM `usuario_rol`;
/*!40000 ALTER TABLE `usuario_rol` DISABLE KEYS */;
INSERT INTO `usuario_rol` (`idUsuario`, `idRol`) VALUES
	(5, 3),
	(4, 4),
	(6, 4),
	(7, 4),
	(8, 5);
/*!40000 ALTER TABLE `usuario_rol` ENABLE KEYS */;
/*!40014 SET FOREIGN_KEY_CHECKS=1 */;
/*!40101 SET CHARACTER_SET_CLIENT=@OLD_CHARACTER_SET_CLIENT */;
