INSERT INTO contacto (idContacto, idUsuario, nombreContacto, cargoContacto, telefonoContacto, extensionContacto, emailContacto, dptoContacto) VALUES (1,1,'Juan Carlos Barrios','Gerente','','','',''),(2,2,'Nelson Pérez','Gerente','','','',''),(3,3,'Tino','Agricultor','985979801','','',''),(4,4,'José Antonio -Maite','Jefe Ventas','985898052-605240951','','',''),(5,5,'Kin','','','','',''),(6,6,'','','','','',''),(7,7,'','','','','',''),(8,8,'Fanny Cárdenas','Gerente','0059176635960','','',''),(9,9,'Juan Carlos','Gerente','630988771','','',''),(10,10,'Manuel','Gerente','630187682','','',''),(11,11,'','','','','',''),(12,12,'Jose Manuel Garcia','Gerente','647 575 078','','',''),(13,13,'Francisco Junco','Jefe Ventas','985794215','','',''),(14,14,'','','','','',''),(15,15,'','','','','',''),(16,16,'','','','','',''),(17,17,'','','985551011','','',''),(18,18,'Víctor','','','','',''),(19,19,'','','','','',''),(20,20,'Jose Maria Vazquez','Gerente','972357015','','',''),(21,21,'Antonio Albornoz','Gerente','625 348 700','','',''),(22,22,'','','','','',''),(23,23,'David','Comercial','','','',''),(24,24,'Paqui','Responsable ventas','608821116','','',''),(25,25,'Antonio-Maria','','983313339','','',''),(26,26,'Antonio Albornoz','Gerente','625 348 700','','','');

INSERT INTO direccion (idDireccion, empresa_idUsuario, idProvincia, idRuta, tipoDireccion, nombreCalle, ubicacion, portal, piso, letra, puerta, escalera, localidad, municipio, codigoPostal, pais, horarioEntrega, ean) VALUES (1,1,0,NULL,'F','','0',NULL,NULL,NULL,NULL,NULL,'Santa Cruz de la Sierra','','',NULL,'','null'),(2,2,0,NULL,'F','','0',NULL,NULL,NULL,NULL,NULL,'Santa Cruz de la Sierra','','',NULL,'','null'),(3,3,5,NULL,'F','S/N','0',NULL,NULL,NULL,NULL,NULL,'Modreiros','','',NULL,'','null'),(4,4,5,NULL,'F','Naveda,12','0',NULL,NULL,NULL,NULL,NULL,'Naveda','','33310',NULL,'','null'),(5,5,5,NULL,'F','Valtravieso','0',NULL,NULL,NULL,NULL,NULL,'Santiago de Otur','','',NULL,'','null'),(6,6,0,NULL,'F','','0',NULL,NULL,NULL,NULL,NULL,'','','',NULL,'','null'),(7,7,5,NULL,'F','P.I. BARCIA-ALMUÑA Parc. 11 Fase II','0',NULL,NULL,NULL,NULL,NULL,'LUARCA','','33700',NULL,'','null'),(8,8,0,NULL,'F','Manuel María Caballero','0',NULL,NULL,NULL,NULL,NULL,'Comarapa','','',NULL,'','null'),(9,9,43,NULL,'F','ol. Industrial Bargas, Nave 21','0',NULL,NULL,NULL,NULL,NULL,'Bargas','','',NULL,'','null'),(10,10,24,NULL,'F','Calle del Balneario','0',NULL,NULL,NULL,NULL,NULL,'Arteixo','','15142',NULL,'','null'),(11,11,0,NULL,'F','','0',NULL,NULL,NULL,NULL,NULL,'','','',NULL,'','null'),(12,12,5,NULL,'F','pol. ind. Barcia-almuña Parcela 14 Fase I','0',NULL,NULL,NULL,NULL,NULL,'Luarca','','33787',NULL,'','null'),(13,13,5,NULL,'F','Parque Empresarial Aguila del Nora','0',NULL,NULL,NULL,NULL,NULL,'Colloto','','',NULL,'','null'),(14,14,5,NULL,'F','Edif. Servicios Logisticos nº 1-Puerto El Musel','0',NULL,NULL,NULL,NULL,NULL,'Gijón','','33212',NULL,'','null'),(15,15,5,NULL,'F','Puerto del Musel','0',NULL,NULL,NULL,NULL,NULL,'Gijón','','33212',NULL,'','null'),(16,16,5,NULL,'F','Cervantes, 1 Esq. Covadonga 2','0',NULL,NULL,NULL,NULL,NULL,'Lugones','','33420',NULL,'','null'),(17,17,5,NULL,'F','Avda. de Gijon, 2','0',NULL,NULL,NULL,NULL,NULL,'Avilés','','33400',NULL,'','null'),(18,18,5,NULL,'F','P.I. BARCIA-ALMUÑA Parc. 11 Fase II','0',NULL,NULL,NULL,NULL,NULL,'Luarca','','33700',NULL,'','null'),(19,19,5,NULL,'F','','0',NULL,NULL,NULL,NULL,NULL,'','','',NULL,'','null'),(20,20,16,NULL,'F','Montjuic, 21','0',NULL,NULL,NULL,NULL,NULL,'Blanes','','17300',NULL,'','null'),(21,21,5,NULL,'F','Plaza Longoria Carbajal, 3 2º D','0',NULL,NULL,NULL,NULL,NULL,'Oviedo','','33002',NULL,'','null'),(22,22,5,NULL,'F','Pol. Granda II. C/ Los Pinos,Nave 12','0',NULL,NULL,NULL,NULL,NULL,'Granda','','33199',NULL,'','null'),(23,23,50,NULL,'F','Polígono Sidamon Industrial ','0',NULL,NULL,NULL,NULL,NULL,'Sidamon','','25222',NULL,'','null'),(24,24,3,NULL,'F','Alcalde Baeza Santamaria,8','0',NULL,NULL,NULL,NULL,NULL,'El Campello','','03560',NULL,'','null'),(25,25,45,NULL,'F','Etileno,10','0',NULL,NULL,NULL,NULL,NULL,'Pol. Ind. San Cristobal','','47012',NULL,'','null'),(26,26,5,NULL,'F','Plaza Longoria Carbajal, 3 2º D','0',NULL,NULL,NULL,NULL,NULL,'Oviedo','','33002',NULL,'','null');

INSERT INTO entidad (idUsuario, idSector, idTipo, idRol, idProvincia, login, password, nombre, apellido1, apellido2, nif, ean, registroMercantil, telefono, fax, email, web, dsctoMercancia, dsctoValor, foto, descripcion, IDCONTACTO, IDSUCURSAL, fechaRegistro, usuarioResponsable, habilitado) VALUES (1,NULL,1,2,NULL,NULL,NULL,'AGRISOS',NULL,NULL,'','',NULL,'','','','','0.00','0.00',NULL,NULL,NULL,NULL,'2011-07-26','prueba','S'),(2,NULL,1,2,NULL,NULL,NULL,'ASOPROF',NULL,NULL,'','',NULL,'00 591 33433630','','','www.asoprof.com','0.00','0.00',NULL,NULL,NULL,NULL,'2011-07-26','prueba','S'),(3,NULL,1,2,NULL,NULL,NULL,'Celestino Pérez Santiago (Prod 361 DO)',NULL,NULL,'','',NULL,'985979801','','','','0.00','0.00',NULL,NULL,NULL,NULL,'2011-07-26','prueba','S'),(4,NULL,1,2,NULL,NULL,NULL,'EMBUTIDOS NAVEDA - Antonio Palacio Longo',NULL,NULL,'52618571E','',NULL,'985898052','985898078','','www.naveda.com','0.00','0.00',NULL,NULL,NULL,NULL,'2011-07-26','prueba','S'),(5,NULL,1,2,NULL,NULL,NULL,'Francisco (Kin)',NULL,NULL,'','',NULL,'985641227','','','','0.00','0.00',NULL,NULL,NULL,NULL,'2011-07-26','prueba','S'),(6,NULL,1,2,NULL,NULL,NULL,'Jesús García Pérez',NULL,NULL,'71867185M','',NULL,'','','','','0.00','0.00',NULL,NULL,NULL,NULL,'2011-07-26','prueba','S'),(7,NULL,1,2,NULL,NULL,NULL,'LA TIERRINA VAQUEIRA',NULL,NULL,'B74140591','',NULL,'','','','','0.00','0.00',NULL,NULL,NULL,NULL,'2011-07-26','prueba','S'),(8,NULL,1,2,NULL,NULL,NULL,'LEGUCOM',NULL,NULL,'2998041013','',NULL,'0059139462141','','','','0.00','0.00',NULL,NULL,NULL,NULL,'2011-07-26','prueba','S'),(9,NULL,1,2,NULL,NULL,NULL,'LEGUMBRES SELECTAS LA POSADA S.L.',NULL,NULL,'B45428596','',NULL,'630988771','','','','0.00','0.00',NULL,NULL,NULL,NULL,'2011-07-26','prueba','S'),(10,NULL,1,2,NULL,NULL,NULL,'MANUEL MAREQUE BOEDO',NULL,NULL,'76306597A','',NULL,'630187682','','','','0.00','0.00',NULL,NULL,NULL,NULL,'2011-07-26','prueba','S'),(11,NULL,1,2,NULL,NULL,NULL,'Maruja de Sante',NULL,NULL,'','',NULL,'','','','','0.00','0.00',NULL,NULL,NULL,NULL,'2011-07-26','prueba','S'),(12,NULL,1,2,NULL,NULL,NULL,'Pepe el Bueno, Herederos de',NULL,NULL,'','',NULL,'985 470475','985 470475','','','0.00','0.00',NULL,NULL,NULL,NULL,'2011-07-26','prueba','S'),(13,NULL,1,2,NULL,NULL,NULL,'QUESOS DEL PRINCIPADO DE ASTURIAS SL',NULL,NULL,'B33120361','',NULL,'985794215','','','','0.00','0.00',NULL,NULL,NULL,NULL,'2011-07-26','prueba','S'),(14,NULL,2,2,NULL,NULL,NULL,'ASTRACON',NULL,NULL,'F33968934','',NULL,'985325784','','','','0.00','0.00',NULL,NULL,NULL,NULL,'2011-07-26','prueba','S'),(15,NULL,2,2,NULL,NULL,NULL,'COGITRANS',NULL,NULL,'','',NULL,'','','','','0.00','0.00',NULL,NULL,NULL,NULL,'2011-07-26','prueba','S'),(16,NULL,2,2,NULL,NULL,NULL,'MRW-Mensastur Lugones S.L.',NULL,NULL,'B33536665','',NULL,'985266211','985268175','','','0.00','0.00',NULL,NULL,NULL,NULL,'2011-07-26','prueba','S'),(17,NULL,2,2,NULL,NULL,NULL,'NACEX- Paqueteria',NULL,NULL,'','',NULL,'985551011-900100000','','','','0.00','0.00',NULL,NULL,NULL,NULL,'2011-07-26','prueba','S'),(18,NULL,2,2,NULL,NULL,NULL,'Tierrina Vaqueira (Transporte)',NULL,NULL,'','',NULL,'','','','','0.00','0.00',NULL,NULL,NULL,NULL,'2011-07-26','prueba','S'),(19,NULL,2,2,NULL,NULL,NULL,'ZAMAR -Grupo DUCO',NULL,NULL,'','',NULL,'985263663','','','','0.00','0.00',NULL,NULL,NULL,NULL,'2011-07-26','prueba','S'),(20,NULL,3,2,NULL,NULL,NULL,'Fantexsa SL (Hilos Máquina Coser)',NULL,NULL,'B60151602','',NULL,'972357','972357','','','0.00','0.00',NULL,NULL,NULL,NULL,'2011-07-26','prueba','S'),(21,NULL,4,2,NULL,NULL,NULL,'Albornoz y Asociados SL',NULL,NULL,'','',NULL,'985206103','985207607','','www.albornozyasociados.com','0.00','0.00',NULL,NULL,NULL,NULL,'2011-07-26','prueba','S'),(22,NULL,4,2,NULL,NULL,NULL,'Bobes- Rafael Bobes Fdez.',NULL,NULL,'','',NULL,'985985070','','','','0.00','0.00',NULL,NULL,NULL,NULL,'2011-07-26','prueba','S'),(23,NULL,4,2,NULL,NULL,NULL,'ILERAFITEX',NULL,NULL,'','',NULL,'973 560 231','','','www.ilerafitex.com','0.00','0.00',NULL,NULL,NULL,NULL,'2011-07-26','prueba','S'),(24,NULL,4,2,NULL,NULL,NULL,'ORION IMPESIONES S.L.',NULL,NULL,'B54074307','',NULL,'965636537- 608821116','','','','0.00','0.00',NULL,NULL,NULL,NULL,'2011-07-26','prueba','S'),(25,NULL,4,2,NULL,NULL,NULL,'SERVIGRAMA Ind. Pub. S.L.',NULL,NULL,'B47321476','',NULL,'983313339','983313400','','www.servigrama.es','0.00','0.00',NULL,NULL,NULL,NULL,'2011-07-26','prueba','S'),(26,NULL,5,2,NULL,NULL,NULL,'Albornoz y Asociados SL',NULL,NULL,'B74040320','',NULL,'985206103','985207607','','www.albornozyasociados.com','0.00','0.00',NULL,NULL,NULL,NULL,'2011-07-26','prueba','S');


INSERT INTO referenciabancaria (idDatoBancario, idBanco, idFormaPago, empresa_idUsuario, numCuenta, limiteCredito, fechaVencimiento, fechaPago, oficina) VALUES (20,3,0,20,'0182 0847 96 0210048415','','2011-01-01','2011-01-01',NULL);